ID_CLIENTE,SAFRA_REF,PROBABILIDADE_INADIMPLENCIA
5058298901476893676,2021-07,0.0098631288054633
274692171162531764,2021-07,0.016437988393762457
274692171162531764,2021-07,0.019932592635368607
274692171162531764,2021-07,0.026012611346518954
465309249432033993,2021-07,0.005470868950315305
465309249432033993,2021-07,0.005259322431919683
465309249432033993,2021-07,0.006156783982971603
465309249432033993,2021-07,0.006156783982971603
5883155883105348987,2021-07,0.0321272829447151
5883155883105348987,2021-07,0.02073308836995597
4489904752023469353,2021-07,0.0611397555295452
3355881107559250653,2021-07,0.008680980957903752
3355881107559250653,2021-07,0.007015153778730084
3355881107559250653,2021-07,0.009212748374568782
3355881107559250653,2021-07,0.005770600047932713
3355881107559250653,2021-07,0.006225530103169795
3355881107559250653,2021-07,0.005181445446807911
3355881107559250653,2021-07,0.00645887005448871
6330043096034525408,2021-07,0.13256536403660174
6330043096034525408,2021-07,0.13319037003377726
6964108750473070287,2021-07,0.005153542723739699
6964108750473070287,2021-07,0.007085093723658755
6964108750473070287,2021-07,0.004006475353163213
6964108750473070287,2021-07,0.004333885405910973
6964108750473070287,2021-07,0.003679890357139652
6964108750473070287,2021-07,0.003679890357139652
6964108750473070287,2021-07,0.0036647889152075777
6964108750473070287,2021-07,0.0036647889152075777
6964108750473070287,2021-07,0.003980542604273233
6964108750473070287,2021-07,0.0033575287126064407
6964108750473070287,2021-07,0.0027607660979698146
6964108750473070287,2021-07,0.002828407096383809
6964108750473070287,2021-07,0.0037698724192635736
6964108750473070287,2021-07,0.0030035765010001597
6964108750473070287,2021-07,0.0030035765010001597
6964108750473070287,2021-07,0.00581520982737587
4008627434689715639,2021-07,0.3186754305593145
4008627434689715639,2021-07,0.2643556052339217
4008627434689715639,2021-07,0.2792400678759104
5757271354816214865,2021-07,0.834630212054035
5757271354816214865,2021-07,0.9065751292727432
5757271354816214865,2021-07,0.8420227451216729
5757271354816214865,2021-07,0.834630212054035
5757271354816214865,2021-07,0.8403315858287115
5757271354816214865,2021-07,0.7581131090911305
5757271354816214865,2021-07,0.7015637958510594
5757271354816214865,2021-07,0.7063916495688843
5757271354816214865,2021-07,0.7179276450777354
5757271354816214865,2021-07,0.7167146173269219
5757271354816214865,2021-07,0.8243238676033188
5757271354816214865,2021-07,0.9165728107673644
5757271354816214865,2021-07,0.8243238676033188
5757271354816214865,2021-07,0.8355345084132484
5757271354816214865,2021-07,0.8355345084132484
8909740532547211288,2021-07,0.006403948764517203
8909740532547211288,2021-07,0.006403948764517203
8909740532547211288,2021-07,0.006152425964955388
4045739494965095560,2021-07,0.00657641590120814
4045739494965095560,2021-07,0.006038741802404664
4045739494965095560,2021-07,0.005978522415208402
6759864637454708017,2021-07,0.003984363430948848
6759864637454708017,2021-07,0.003924076776120583
6759864637454708017,2021-07,0.003511192980864094
6759864637454708017,2021-07,0.005606633245600459
6759864637454708017,2021-07,0.004549487099031221
6759864637454708017,2021-07,0.004710442590996637
6134696632487351445,2021-07,0.008963172385048786
6134696632487351445,2021-07,0.0038911393312864445
6134696632487351445,2021-07,0.0037238456963799584
5373371196946859811,2021-07,0.034560140942796455
3095686599956852697,2021-07,0.002697177137793964
3095686599956852697,2021-07,0.005731995154224333
3095686599956852697,2021-07,0.002757469354435339
1616952665234409442,2021-07,0.031748483190130274
1616952665234409442,2021-07,0.021375716664752388
1088521227159442264,2021-07,0.01613959088902677
1088521227159442264,2021-07,0.008199092756926584
1088521227159442264,2021-07,0.01011199166348662
8529899700094903171,2021-07,0.0047961870345646085
8529899700094903171,2021-07,0.008025648116357949
8529899700094903171,2021-07,0.004488434384219235
8529899700094903171,2021-07,0.004488434384219235
8529899700094903171,2021-07,0.005772584903140901
8529899700094903171,2021-07,0.004531485351088089
8529899700094903171,2021-07,0.004256128661944881
499242942549937267,2021-07,0.04175174959197936
499242942549937267,2021-07,0.2017047456860112
499242942549937267,2021-07,0.19430672520302117
499242942549937267,2021-07,0.04173194152772203
499242942549937267,2021-07,0.04173194152772203
499242942549937267,2021-07,0.03932576938150916
499242942549937267,2021-07,0.051502522203736946
499242942549937267,2021-07,0.041969244117049574
499242942549937267,2021-07,0.041942898614645126
5897410907783139228,2021-07,0.005989973817973929
5897410907783139228,2021-07,0.007395177819742236
5897410907783139228,2021-07,0.004057013060665766
5897410907783139228,2021-07,0.0036381686698528947
2083323809219952960,2021-07,0.005276368785835795
2083323809219952960,2021-07,0.008549335167880449
2083323809219952960,2021-07,0.009048877997476399
2083323809219952960,2021-07,0.008999785128614731
2083323809219952960,2021-07,0.005057359175064233
2083323809219952960,2021-07,0.004359423630614508
2083323809219952960,2021-07,0.004810257329237053
2083323809219952960,2021-07,0.015180166797487944
2083323809219952960,2021-07,0.03462964835335931
2083323809219952960,2021-07,0.020476669329345568
1953058402621337677,2021-07,0.009146644502637842
1953058402621337677,2021-07,0.0057133512927667815
1953058402621337677,2021-07,0.009599323699066164
1953058402621337677,2021-07,0.006901071221290946
3408536439470975134,2021-07,0.003941101333729595
3408536439470975134,2021-07,0.003941101333729595
3408536439470975134,2021-07,0.003941101333729595
3408536439470975134,2021-07,0.0026249181509250263
5687511145009775604,2021-07,0.22358712299687766
5687511145009775604,2021-07,0.7178948752505339
7485107528960607346,2021-07,0.029398916259538388
7485107528960607346,2021-07,0.04074959791479765
531805620371082364,2021-07,0.012126616755007277
5761480994209806499,2021-07,0.0025077210300996087
5761480994209806499,2021-07,0.002436041471814357
5761480994209806499,2021-07,0.002436041471814357
5761480994209806499,2021-07,0.002436041471814357
5761480994209806499,2021-07,0.0025610706595144304
5761480994209806499,2021-07,0.002436041471814357
5761480994209806499,2021-07,0.0025610706595144304
5761480994209806499,2021-07,0.0014767380727506317
5761480994209806499,2021-07,0.001230742606857335
5761480994209806499,2021-07,0.001577585812864623
5761480994209806499,2021-07,0.0012476966935711094
5761480994209806499,2021-07,0.0016324348020057757
5761480994209806499,2021-07,0.0009203195606084985
5761480994209806499,2021-07,0.0008878867220529848
5761480994209806499,2021-07,0.0012055877140091304
5761480994209806499,2021-07,0.0012675444306322488
4762256864594914240,2021-07,0.006607018115903102
8570963260597299378,2021-07,0.006017263743894997
5974858472822751652,2021-07,0.0033137014371359464
3421433989501830226,2021-07,0.6999562072445149
4327694790333781288,2021-07,0.004053312959358895
4327694790333781288,2021-07,0.0033817824763381914
8173830874846355280,2021-07,0.008940306488317014
8173830874846355280,2021-07,0.008940306488317014
8173830874846355280,2021-07,0.008940306488317014
8173830874846355280,2021-07,0.00699023738922159
8173830874846355280,2021-07,0.00699023738922159
8173830874846355280,2021-07,0.00686669058383395
8173830874846355280,2021-07,0.00587943861517051
8173830874846355280,2021-07,0.00545437815608516
8173830874846355280,2021-07,0.005511072381995716
8173830874846355280,2021-07,0.006043874067792997
2347028805684088098,2021-07,0.003077635398671084
3632378524835692731,2021-07,0.0041530046485599844
3632378524835692731,2021-07,0.002453480352611783
3632378524835692731,2021-07,0.003993657523972634
2033394215069562776,2021-07,0.014960066986849062
2033394215069562776,2021-07,0.014960066986849062
2033394215069562776,2021-07,0.013012252480978322
2033394215069562776,2021-07,0.01163851309445188
3285246914299291124,2021-07,0.011464330323510947
3285246914299291124,2021-07,0.012752452784415882
3285246914299291124,2021-07,0.009900928830365469
3285246914299291124,2021-07,0.011276574466530484
2929243640075785940,2021-07,0.0058695905107813365
2929243640075785940,2021-07,0.0063808994693003215
2929243640075785940,2021-07,0.0058171573374231796
2929243640075785940,2021-07,0.00572425848590239
2929243640075785940,2021-07,0.0027843364551280118
2407532237672094312,2021-07,0.008115922436805492
2407532237672094312,2021-07,0.007530289726189604
2407532237672094312,2021-07,0.006408278055409569
5635781225931111684,2021-07,0.009529697154911521
5635781225931111684,2021-07,0.006852882407109613
1235244772550233980,2021-07,0.004217269595604028
1235244772550233980,2021-07,0.0034429636090530084
1235244772550233980,2021-07,0.003456470526657307
4365965554261111250,2021-07,0.08657465988767879
5162636608292907782,2021-07,0.13302286892040302
8248484932270772248,2021-07,0.0935145648915078
924957821424248698,2021-07,0.006061642530871044
924957821424248698,2021-07,0.004530583276772335
924957821424248698,2021-07,0.004530583276772335
6828316696355015040,2021-07,0.0033823920238502544
8409181491723988567,2021-07,0.003281608402761751
8409181491723988567,2021-07,0.004408752301278129
8409181491723988567,2021-07,0.022925995969045362
8409181491723988567,2021-07,0.0030413364708498556
4532469127306079736,2021-07,0.005045282249092299
7664272163315705419,2021-07,0.006660661051050653
7664272163315705419,2021-07,0.0075312975941165625
9206030810342980458,2021-07,0.0019554853914337906
9206030810342980458,2021-07,0.0018990482950596921
9206030810342980458,2021-07,0.004152402295024721
5810778736737569699,2021-07,0.008408177115386543
5810778736737569699,2021-07,0.009941527150532
1366416810235233769,2021-07,0.00283101802776575
1366416810235233769,2021-07,0.0028977907229179147
1366416810235233769,2021-07,0.0027860903876190295
1366416810235233769,2021-07,0.04959345726275
1366416810235233769,2021-07,0.0025459213600456908
1366416810235233769,2021-07,0.004609355465969821
8067924767167570288,2021-07,0.008736783790061773
7908414709866823255,2021-07,0.010832663291987598
7908414709866823255,2021-07,0.011014483304678887
7908414709866823255,2021-07,0.0069194915311654856
7908414709866823255,2021-07,0.007775663767548914
8994944800097997361,2021-07,0.0761998136189192
8994944800097997361,2021-07,0.1032476336116352
6950439982480713649,2021-07,0.1622602039404739
6950439982480713649,2021-07,0.11163217559216361
8901696535927078963,2021-07,0.008968163326197978
8901696535927078963,2021-07,0.008119954655563838
8901696535927078963,2021-07,0.007790735692563917
8901696535927078963,2021-07,0.005800707377605939
8901696535927078963,2021-07,0.004955542003922926
8901696535927078963,2021-07,0.006228911772509824
8901696535927078963,2021-07,0.00527022479918358
6204723742351094322,2021-07,0.016039016405412533
3095408468798675621,2021-07,0.008582100539092422
3095408468798675621,2021-07,0.008763542084240378
7722287846688771887,2021-07,0.005948861150683158
312543480920432545,2021-07,0.08774377115335565
312543480920432545,2021-07,0.006359654626081863
312543480920432545,2021-07,0.0061746302533707085
6394935036014530592,2021-07,0.005210714158732284
6394935036014530592,2021-07,0.005718819199112972
3281617395243454427,2021-07,0.039996688872070196
1115703227712697214,2021-07,0.011954515119562484
1115703227712697214,2021-07,0.01333371535799165
8185063234515056194,2021-07,0.004656718923575131
8185063234515056194,2021-07,0.004016063733519022
8185063234515056194,2021-07,0.0026771325122371425
8185063234515056194,2021-07,0.0028380225464895745
8185063234515056194,2021-07,0.0023744555903761674
7492389223353246125,2021-07,0.12374963871099322
7492389223353246125,2021-07,0.20422215740653163
7492389223353246125,2021-07,0.1466099988405304
6217788509719675691,2021-07,0.012328535818979055
6217788509719675691,2021-07,0.004924236914184026
8716163053080758848,2021-07,0.007295598812856847
8716163053080758848,2021-07,0.007659451419326387
8716163053080758848,2021-07,0.007586114306937303
8716163053080758848,2021-07,0.003804388876640024
8716163053080758848,2021-07,0.004399998603375482
8716163053080758848,2021-07,0.0037711557096052634
324916756972236008,2021-07,0.009481216420630021
324916756972236008,2021-07,0.23326756152021738
324916756972236008,2021-07,0.01077395923001196
324916756972236008,2021-07,0.006341536717380385
324916756972236008,2021-07,0.007526220722639306
324916756972236008,2021-07,0.007225967167816235
7269781193318890653,2021-07,0.004681231279628723
7269781193318890653,2021-07,0.004541474042783327
6784879562354696650,2021-07,0.025075368820670945
8229446069655666941,2021-07,0.8227513896505976
8229446069655666941,2021-07,0.05100552833172848
4972567100282306577,2021-07,0.013922810675076442
5864443060004179363,2021-07,0.003853510956966628
5864443060004179363,2021-07,0.0037107779412645678
5864443060004179363,2021-07,0.021918129571069856
5864443060004179363,2021-07,0.002671920240900191
5864443060004179363,2021-07,0.005275537317421678
2439954154030259398,2021-07,0.002955168730920945
8623308321032624474,2021-07,0.10024911595144256
8623308321032624474,2021-07,0.4077932311134052
8623308321032624474,2021-07,0.09109019026538177
4524147234488547993,2021-07,0.008874127430973192
4524147234488547993,2021-07,0.007636157163464679
4524147234488547993,2021-07,0.006175420666656202
6987942592445950913,2021-07,0.00437239765648995
6987942592445950913,2021-07,0.004354993109154425
6987942592445950913,2021-07,0.003723704443919683
6987942592445950913,2021-07,0.002520543575710033
8684964138237894839,2021-07,0.021990842900699064
6582676833651678345,2021-07,0.006594660292966708
6582676833651678345,2021-07,0.006594660292966708
6582676833651678345,2021-07,0.006902160562794275
6582676833651678345,2021-07,0.006594660292966708
6582676833651678345,2021-07,0.006594660292966708
6582676833651678345,2021-07,0.0052525339009246745
6582676833651678345,2021-07,0.00330803490404428
6582676833651678345,2021-07,0.003506999113385886
1036256411320325774,2021-07,0.015168696725732064
1036256411320325774,2021-07,0.012152359579083736
968199235777440720,2021-07,0.011123153559354993
968199235777440720,2021-07,0.007885811044170169
968199235777440720,2021-07,0.007885811044170169
968199235777440720,2021-07,0.007851454317747735
968199235777440720,2021-07,0.006651372978921361
968199235777440720,2021-07,0.0068157729370551725
968199235777440720,2021-07,0.006480401755123456
968199235777440720,2021-07,0.006545479775713638
6916556752218696485,2021-07,0.008651987769621524
6916556752218696485,2021-07,0.008891873280598069
6916556752218696485,2021-07,0.008358395505554549
6916556752218696485,2021-07,0.006851071153337423
6916556752218696485,2021-07,0.00433142722173212
6916556752218696485,2021-07,0.003414449482150416
6916556752218696485,2021-07,0.0033347081027795857
6916556752218696485,2021-07,0.003414449482150416
6916556752218696485,2021-07,0.0037329812212921476
6916556752218696485,2021-07,0.009693628555911925
6916556752218696485,2021-07,0.008932142675267396
6916556752218696485,2021-07,0.009693915257889235
6030285068945261052,2021-07,0.0060658735134036966
6030285068945261052,2021-07,0.006146400053647445
6030285068945261052,2021-07,0.027033387488455
6030285068945261052,2021-07,0.0032984462538477926
6030285068945261052,2021-07,0.0034039000729600166
8463871205935856285,2021-07,0.013657772448074205
4071158585850879204,2021-07,0.033759192928442684
4071158585850879204,2021-07,0.028542412127777396
4071158585850879204,2021-07,0.3471493289613821
3218226066162129945,2021-07,0.03190372448490118
4679462479444735708,2021-07,0.006071932224340683
4679462479444735708,2021-07,0.0057226025995783135
4679462479444735708,2021-07,0.005258049614705848
4679462479444735708,2021-07,0.0036256868405471657
4679462479444735708,2021-07,0.0030950343193928915
4679462479444735708,2021-07,0.0030950343193928915
4724876423989598202,2021-07,0.009594248551023695
4724876423989598202,2021-07,0.005998655146322942
4724876423989598202,2021-07,0.005340908623316424
2128970218770090704,2021-07,0.06744801367057374
2128970218770090704,2021-07,0.004495439885316646
2128970218770090704,2021-07,0.002707547061746618
1003144834589372198,2021-07,0.009530347870035448
1003144834589372198,2021-07,0.004683424894429697
9127318190908282126,2021-07,0.006573673202672647
9127318190908282126,2021-07,0.0035663685647763766
8163895533020293251,2021-07,0.4475672060181764
8163895533020293251,2021-07,0.6093960269990677
8163895533020293251,2021-07,0.57452888599654
5794903898038236832,2021-07,0.021308885958371084
5794903898038236832,2021-07,0.021308885958371084
3960251564708868781,2021-07,0.005233436272280806
3960251564708868781,2021-07,0.009771037035480733
3960251564708868781,2021-07,0.0059279521255309
3960251564708868781,2021-07,0.006436884559146603
3960251564708868781,2021-07,0.008048864500576455
5888474320320735000,2021-07,0.6246463945830331
5888474320320735000,2021-07,0.7094182404565307
5888474320320735000,2021-07,0.6473818058542823
761746217261797478,2021-07,0.005458041062800939
761746217261797478,2021-07,0.005585601390959001
1507697130807703164,2021-07,0.0017464340608795556
9184785003280841216,2021-07,0.016817485659002387
9184785003280841216,2021-07,0.016817485659002387
9184785003280841216,2021-07,0.012617271184316586
1182975716201409626,2021-07,0.010628287179064482
1182975716201409626,2021-07,0.06406890638269196
1182975716201409626,2021-07,0.009328174151231472
1182975716201409626,2021-07,0.006420857920606065
1182975716201409626,2021-07,0.006720673158520422
5369576709077493659,2021-07,0.022033534549203142
3472934456083131714,2021-07,0.005451559436711569
717981637594591016,2021-07,0.008701703182396298
717981637594591016,2021-07,0.03683534357825455
717981637594591016,2021-07,0.006004495360915996
717981637594591016,2021-07,0.005902013591131946
8255085612985072878,2021-07,0.011911457906759087
8255085612985072878,2021-07,0.008847765318202987
7751080728852739823,2021-07,0.0038075642691186473
7751080728852739823,2021-07,0.03515475760709504
4347826483121154490,2021-07,0.006827918363844259
4347826483121154490,2021-07,0.003167891693068594
4347826483121154490,2021-07,0.003136477337483433
4347826483121154490,2021-07,0.003125035601964595
4347826483121154490,2021-07,0.0021120497618007674
4347826483121154490,2021-07,0.004261661448995867
4347826483121154490,2021-07,0.002102471077830993
4347826483121154490,2021-07,0.0015479571514472918
4347826483121154490,2021-07,0.0015019798122461667
2214132103234633622,2021-07,0.006599640870751618
2214132103234633622,2021-07,0.006692814458832689
2214132103234633622,2021-07,0.0077615256247703995
2214132103234633622,2021-07,0.010198187727744234
2214132103234633622,2021-07,0.010198187727744234
410843023337872279,2021-07,0.008397362137259163
2022367282554149730,2021-07,0.005554763199027141
2022367282554149730,2021-07,0.002585537636280123
7637066986811047950,2021-07,0.003389638961222212
7637066986811047950,2021-07,0.00685004229270278
7637066986811047950,2021-07,0.007053537859959375
86110062990790869,2021-07,0.0648680026233845
5304536516981778801,2021-07,0.008001652121779983
5304536516981778801,2021-07,0.005238452809566647
5304536516981778801,2021-07,0.003958260561409578
3829967475074118757,2021-07,0.675246591564369
3829967475074118757,2021-07,0.7537436961377537
7444686668183702737,2021-07,0.004284978203917262
7444686668183702737,2021-07,0.004324794858687433
682352428813668634,2021-07,0.006886208388272709
682352428813668634,2021-07,0.0070504785914802725
682352428813668634,2021-07,0.0060479979359565565
682352428813668634,2021-07,0.0047302223458041154
682352428813668634,2021-07,0.005011607799197454
682352428813668634,2021-07,0.0047302223458041154
7613717984547031729,2021-07,0.006286044773121905
7910340581026492945,2021-07,0.005230095818199742
7910340581026492945,2021-07,0.0039038070273294165
7910340581026492945,2021-07,0.1402281326230294
6352592240901579272,2021-07,0.011967635601156925
5574997762710520717,2021-07,0.0077352050803919685
5574997762710520717,2021-07,0.0048240137597251554
8939476669690489534,2021-07,0.014793173458475571
107343823625119033,2021-07,0.0037856291497024236
6349142675790687765,2021-07,0.36050454917685376
6349142675790687765,2021-07,0.3803810652861726
6349142675790687765,2021-07,0.40572460039368724
5067621068959932809,2021-07,0.03694428127302057
5067621068959932809,2021-07,0.06089271504808004
5067621068959932809,2021-07,0.024838368885586496
5067621068959932809,2021-07,0.0221733020098881
5067621068959932809,2021-07,0.029166177639920594
2397171153213063761,2021-07,0.006482436877265446
2397171153213063761,2021-07,0.007140947073912136
2397171153213063761,2021-07,0.004398882700174444
2397171153213063761,2021-07,0.00492101730258747
2397171153213063761,2021-07,0.004224627791195457
8195468623809753777,2021-07,0.005606505684385292
8195468623809753777,2021-07,0.008346536547978461
8195468623809753777,2021-07,0.007291928276342233
8195468623809753777,2021-07,0.005197964009193278
6271697692808086495,2021-07,0.009178881301243644
5176940320835464459,2021-07,0.007459512447609973
5176940320835464459,2021-07,0.00910611011164306
5176940320835464459,2021-07,0.005776807111037441
5176940320835464459,2021-07,0.004695042410636726
5176940320835464459,2021-07,0.005813894063216248
5176940320835464459,2021-07,0.004590225994371538
5176940320835464459,2021-07,0.006132083055472596
4342146186255136598,2021-07,0.0037347742999070004
4342146186255136598,2021-07,0.004572874893849888
4342146186255136598,2021-07,0.17217063627522905
4795152981525833467,2021-07,0.009673113620457089
4795152981525833467,2021-07,0.011696314540116414
4795152981525833467,2021-07,0.011696314540116414
4795152981525833467,2021-07,0.010149764403450296
4795152981525833467,2021-07,0.032952200997863855
5714540197488862003,2021-07,0.1864233578831281
5714540197488862003,2021-07,0.8506100074633409
5714540197488862003,2021-07,0.1754141860614854
6012031176108922616,2021-07,0.01597160040030555
1998941557906036376,2021-07,0.012676829796115409
5558533999208199371,2021-07,0.597570934904444
8464809590757561185,2021-07,0.009590251621964828
8464809590757561185,2021-07,0.0048286754368464255
8464809590757561185,2021-07,0.004560641902332829
8464809590757561185,2021-07,0.004711509894435802
6721448955097663572,2021-07,0.010474877972355265
6721448955097663572,2021-07,0.00401251681103476
6721448955097663572,2021-07,0.005924481680012974
5225029212547588718,2021-07,0.020537804813006006
5225029212547588718,2021-07,0.02247756251045729
5225029212547588718,2021-07,0.038893560523422084
8926565682509268383,2021-07,0.00758854789882783
8926565682509268383,2021-07,0.007289700936651564
8926565682509268383,2021-07,0.00758854789882783
8926565682509268383,2021-07,0.0039274138074112475
8926565682509268383,2021-07,0.003113866005300836
8926565682509268383,2021-07,0.002836011906801106
8926565682509268383,2021-07,0.003996069985898397
2983174282784691273,2021-07,0.0128324319080701
2983174282784691273,2021-07,0.24518971104099482
8536031856585966123,2021-07,0.028778867895360445
8536031856585966123,2021-07,0.01865487981216898
8536031856585966123,2021-07,0.4914911092675634
8536031856585966123,2021-07,0.48289679590434487
8536031856585966123,2021-07,0.5183341509390716
7696655736121386405,2021-07,0.02757808104625829
7696655736121386405,2021-07,0.014806772355572503
7750874287225529604,2021-07,0.011880127126317759
7750874287225529604,2021-07,0.011471304544853586
7750874287225529604,2021-07,0.014420973778815894
8013668117699219722,2021-07,0.01302306391375263
7289435138601868544,2021-07,0.004959602359540859
7289435138601868544,2021-07,0.003535706806692415
7289435138601868544,2021-07,0.0035057340708443034
5042877476420217533,2021-07,0.0041279929805977675
5042877476420217533,2021-07,0.00374358757315604
1299146298565441811,2021-07,0.00979544387527822
8376902089871279815,2021-07,0.004572069951027372
8376902089871279815,2021-07,0.003993127075540115
8376902089871279815,2021-07,0.004057394942739623
3997247264680905799,2021-07,0.005761812476604686
3997247264680905799,2021-07,0.003099143489030688
5029701292539093910,2021-07,0.0069326805044217414
8733525963966339207,2021-07,0.33710920949640716
8733525963966339207,2021-07,0.249109155111475
8733525963966339207,2021-07,0.24088086678269083
1454789421854453615,2021-07,0.03276801472340893
1454789421854453615,2021-07,0.027262532853762983
1454789421854453615,2021-07,0.0236280192243029
1454789421854453615,2021-07,0.022118964970343838
209477776078372134,2021-07,0.005575006125497451
209477776078372134,2021-07,0.005463213972548364
209477776078372134,2021-07,0.005527872629649019
209477776078372134,2021-07,0.005182062783207716
3156852928909455203,2021-07,0.013890992825490547
3156852928909455203,2021-07,0.009636845064214621
7590999900861381526,2021-07,0.032166988994919016
4556737702757145073,2021-07,0.0066816986817860415
6545052034269841737,2021-07,0.005508599212266936
6545052034269841737,2021-07,0.0065193205713688085
6545052034269841737,2021-07,0.0408796411613839
6545052034269841737,2021-07,0.006277450083897137
6545052034269841737,2021-07,0.002660329844975655
6545052034269841737,2021-07,0.003460658364399344
3571198145319411787,2021-07,0.008119123589328937
3571198145319411787,2021-07,0.008081677656729673
3571198145319411787,2021-07,0.007227564043730432
3571198145319411787,2021-07,0.004309192979188866
8874257794774679816,2021-07,0.0071183880558984905
2634859679238614382,2021-07,0.002911579217943848
2634859679238614382,2021-07,0.002938393810114486
2634859679238614382,2021-07,0.0027100508270529846
2634859679238614382,2021-07,0.0026623033215101865
2634859679238614382,2021-07,0.0049243477339840965
2634859679238614382,2021-07,0.0022199615854750572
2678966409665050034,2021-07,0.012455679613198923
2678966409665050034,2021-07,0.013019089504549303
2678966409665050034,2021-07,0.01097205887335311
2678966409665050034,2021-07,0.010452832070610388
2250817603281429928,2021-07,0.0022827215255882766
2106875407768047316,2021-07,0.008808295969469575
7458891296671174680,2021-07,0.06720402821398336
8213533889694327948,2021-07,0.008459698391079155
8213533889694327948,2021-07,0.008000259356287795
8213533889694327948,2021-07,0.0020390724700648606
6471448246085839373,2021-07,0.009391080618224327
2532435113844289043,2021-07,0.005071490305113784
2532435113844289043,2021-07,0.0047943488671834894
2532435113844289043,2021-07,0.0047943488671834894
2532435113844289043,2021-07,0.00646492641248156
2532435113844289043,2021-07,0.004292768525608751
2532435113844289043,2021-07,0.004292768525608751
2532435113844289043,2021-07,0.003642568889653047
2532435113844289043,2021-07,0.0036333603536019324
2532435113844289043,2021-07,0.003864404685778609
2532435113844289043,2021-07,0.0028965202338521283
2532435113844289043,2021-07,0.0028965202338521283
3137879241768961145,2021-07,0.003909788495486234
3137879241768961145,2021-07,0.002651249437349824
3118152790263512426,2021-07,0.004769928048131275
3118152790263512426,2021-07,0.004749407858316964
903093877129717133,2021-07,0.004344852658326897
903093877129717133,2021-07,0.003702358671588382
2645324649046215594,2021-07,0.004325500139421546
2645324649046215594,2021-07,0.0042455985698002935
2645324649046215594,2021-07,0.004260828455741911
621182491555347581,2021-07,0.024087895583687926
621182491555347581,2021-07,0.027956787303550588
8706851346184249504,2021-07,0.0025145461218571263
1343530446996409207,2021-07,0.006966771566116502
1343530446996409207,2021-07,0.00668928053635956
3977861004707764824,2021-07,0.01498589468386047
3977861004707764824,2021-07,0.012668448165035932
3977861004707764824,2021-07,0.010785983713141788
3977861004707764824,2021-07,0.008743183990309246
3977861004707764824,2021-07,0.00939834271587285
1156053485989336481,2021-07,0.046022281023930633
1156053485989336481,2021-07,0.040734197204929164
1156053485989336481,2021-07,0.8526326553140503
1156053485989336481,2021-07,0.04223977003474959
1156053485989336481,2021-07,0.04751086314180243
1156053485989336481,2021-07,0.048541392120501986
1156053485989336481,2021-07,0.048398710909626934
1118514612547157551,2021-07,0.026443268760709276
1118514612547157551,2021-07,0.02745327693544377
6817075905797098547,2021-07,0.027751519013308443
7930925883736021864,2021-07,0.007401988342186581
7930925883736021864,2021-07,0.006148309105828761
7930925883736021864,2021-07,0.006189166690786914
7930925883736021864,2021-07,0.006309624930487216
7930925883736021864,2021-07,0.005278341209055151
7930925883736021864,2021-07,0.004020379322491762
7930925883736021864,2021-07,0.002672133689581014
2451708306555441014,2021-07,0.0064301565098116775
7442192566700924647,2021-07,0.003904360545262762
7442192566700924647,2021-07,0.047765719580200844
7442192566700924647,2021-07,0.0022536045544263375
7442192566700924647,2021-07,0.002395245355218579
2988042199057874759,2021-07,0.0072259686218269165
3634047863995720708,2021-07,0.007124802862239425
7085295800541340563,2021-07,0.00285311906618587
7085295800541340563,2021-07,0.0024422503660559212
7085295800541340563,2021-07,0.0022389195130620423
4335865859049992260,2021-07,0.01582486365178628
4335865859049992260,2021-07,0.0023786854400001086
2290083177086946553,2021-07,0.0069577735523166494
2290083177086946553,2021-07,0.0069577735523166494
2290083177086946553,2021-07,0.005013971648966999
7177785309735471560,2021-07,0.006231643677616555
7177785309735471560,2021-07,0.0035689677577480897
5477523784812182605,2021-07,0.6380623329176662
5477523784812182605,2021-07,0.6080165571662625
8961924617442201922,2021-07,0.004763629192706625
7595945751692012281,2021-07,0.010685935831782753
2333404192508932057,2021-07,0.00568981289765677
2333404192508932057,2021-07,0.005549721078644208
2333404192508932057,2021-07,0.00405463658823289
4593070249039532001,2021-07,0.03570205214081423
6053752047545474051,2021-07,0.0072104304292788645
6053752047545474051,2021-07,0.004642017129410995
6053752047545474051,2021-07,0.003669003758970281
6053752047545474051,2021-07,0.0036237562316655428
6053752047545474051,2021-07,0.0038867488840194447
6053752047545474051,2021-07,0.004118654492952802
6053752047545474051,2021-07,0.004118654492952802
6091519986999196884,2021-07,0.006766984883774885
6091519986999196884,2021-07,0.005427338302300942
7535160686416710323,2021-07,0.01035110397489373
3036967290595689189,2021-07,0.00251731618211064
5999145415800242177,2021-07,0.00921146560514981
5999145415800242177,2021-07,0.009204379036558031
7930644815080409701,2021-07,0.05005097277977701
510795635145114083,2021-07,0.0062516052057881456
510795635145114083,2021-07,0.008311239731786966
510795635145114083,2021-07,0.00893426426442391
510795635145114083,2021-07,0.0055341531269426395
510795635145114083,2021-07,0.0048191984418678125
187117706370645370,2021-07,0.05368955332738098
187117706370645370,2021-07,0.030812304832749157
187117706370645370,2021-07,0.06506303812718839
5462970244186515758,2021-07,0.009912740152166335
5462970244186515758,2021-07,0.006199986112513604
4769364850030443969,2021-07,0.02079188566016798
4769364850030443969,2021-07,0.01878119616712936
4769364850030443969,2021-07,0.013396229056842141
5726178124659661019,2021-07,0.006531262824839119
5726178124659661019,2021-07,0.006531262824839119
5726178124659661019,2021-07,0.005059574228504577
5726178124659661019,2021-07,0.004998361821704909
5726178124659661019,2021-07,0.004929539869669856
5726178124659661019,2021-07,0.0717947590774171
5726178124659661019,2021-07,0.005294946045304989
5726178124659661019,2021-07,0.004998361821704909
5726178124659661019,2021-07,0.005059574228504577
5726178124659661019,2021-07,0.005059574228504577
5726178124659661019,2021-07,0.005114472767084745
5726178124659661019,2021-07,0.004343382486168715
5726178124659661019,2021-07,0.004439151100341504
5726178124659661019,2021-07,0.00348833474608484
5726178124659661019,2021-07,0.00391388491862723
5726178124659661019,2021-07,0.0038718232872975
5726178124659661019,2021-07,0.0037721991669827392
5726178124659661019,2021-07,0.00472794025186564
1141681690629134039,2021-07,0.004264964823249115
4095739077267179172,2021-07,0.032574448658156424
4095739077267179172,2021-07,0.03280814480318599
4095739077267179172,2021-07,0.03269218443548238
1551531256789550891,2021-07,0.009547782210275633
1551531256789550891,2021-07,0.015855114104386725
1551531256789550891,2021-07,0.0062657955498247285
9108733472015251498,2021-07,0.0040738095137842585
851897122328714307,2021-07,0.011258262408147946
6795467882769787169,2021-07,0.005087486851388724
5856610998569876318,2021-07,0.0076187489941633
3093415403379897112,2021-07,0.004169703011637409
6061850657256270336,2021-07,0.08252698065554631
6061850657256270336,2021-07,0.08121032734019293
165658847908185334,2021-07,0.01119216419435466
4850722092974676955,2021-07,0.05070502076149986
4850722092974676955,2021-07,0.04592075096712006
3140918607946425426,2021-07,0.004414242771761044
7398738404146260251,2021-07,0.0018031935902700028
4863405965754103821,2021-07,0.015226398863240863
4863405965754103821,2021-07,0.014275193953736609
4863405965754103821,2021-07,0.015130727343884648
4863405965754103821,2021-07,0.01852282551637342
4863405965754103821,2021-07,0.018405377115120608
4863405965754103821,2021-07,0.018248953356829033
4863405965754103821,2021-07,0.020601272701005365
4863405965754103821,2021-07,0.020601272701005365
4863405965754103821,2021-07,0.019546002498442263
968400235888951633,2021-07,0.007164000834660598
798425422240919854,2021-07,0.003597690556724387
1308019675417057675,2021-07,0.006528306381551215
1308019675417057675,2021-07,0.01073248445628231
6238903426443761049,2021-07,0.006329226145074149
6238903426443761049,2021-07,0.006733933765597506
6238903426443761049,2021-07,0.004669738192603918
4465150716052427320,2021-07,0.014811202610016687
4465150716052427320,2021-07,0.007982038234374872
1033361676287635885,2021-07,0.028731801824595914
1033361676287635885,2021-07,0.03736769318606467
1033361676287635885,2021-07,0.040033851437537966
652740132671309295,2021-07,0.01340419718938392
652740132671309295,2021-07,0.026124531630268125
652740132671309295,2021-07,0.013108141405874296
8004521604421988528,2021-07,0.029764535042118005
8004521604421988528,2021-07,0.030536992358984827
4717717003637613480,2021-07,0.004442699855767271
8348574220426911086,2021-07,0.009036691055118052
5301988619224057921,2021-07,0.619449226187072
5301988619224057921,2021-07,0.48564920322603006
5301988619224057921,2021-07,0.5100362433316747
5301988619224057921,2021-07,0.44704198060599964
5301988619224057921,2021-07,0.4838518116781804
5301988619224057921,2021-07,0.44704198060599964
8350724667410677464,2021-07,0.014116418717180723
8350724667410677464,2021-07,0.01383388323474301
7457803471605010846,2021-07,0.004146052869728693
7457803471605010846,2021-07,0.0021803368026046305
1430896989654626045,2021-07,0.011042336210947258
1430896989654626045,2021-07,0.010095378597272574
1430896989654626045,2021-07,0.007839280188416512
2554972344348383830,2021-07,0.011054258000437486
2554972344348383830,2021-07,0.006315106742789453
2819054834565698513,2021-07,0.013771256744792747
2819054834565698513,2021-07,0.012407650146961479
8843432852270832388,2021-07,0.005011052033818234
2943087245123311166,2021-07,0.015987181931310584
2943087245123311166,2021-07,0.10724699664176872
2943087245123311166,2021-07,0.011509818279616947
2943087245123311166,2021-07,0.013058098122908608
8826489829259520138,2021-07,0.005587937572876363
8826489829259520138,2021-07,0.005587937572876363
8826489829259520138,2021-07,0.006044181946843888
8826489829259520138,2021-07,0.003349605660221093
8535586342375301953,2021-07,0.010641086067169238
1661240395903230676,2021-07,0.031827225637718386
1661240395903230676,2021-07,0.029323748725894105
1661240395903230676,2021-07,0.020899091764053683
1661240395903230676,2021-07,0.026148559376824882
8049805689946244047,2021-07,0.022121994479634935
1276604410881911401,2021-07,0.02065884642935638
1276604410881911401,2021-07,0.02065884642935638
1276604410881911401,2021-07,0.019217760691106076
1276604410881911401,2021-07,0.019217760691106076
1276604410881911401,2021-07,0.019217760691106076
1276604410881911401,2021-07,0.02065884642935638
1276604410881911401,2021-07,0.017517124520210196
1276604410881911401,2021-07,0.018833133115128048
1276604410881911401,2021-07,0.1611754725849651
1276604410881911401,2021-07,0.03941939971598347
5432443358006556295,2021-07,0.006653569333299136
5432443358006556295,2021-07,0.007958971775505202
8603678028264007695,2021-07,0.007838483454208706
8603678028264007695,2021-07,0.007910790572469377
5511113649464808344,2021-07,0.3070706686251688
5511113649464808344,2021-07,0.042232395369229174
5511113649464808344,2021-07,0.04752158587637014
3263212305228307743,2021-07,0.004268419124231765
3263212305228307743,2021-07,0.0038706022713433674
3263212305228307743,2021-07,0.003147174335036414
3263212305228307743,2021-07,0.002221873134075628
170089315547146305,2021-07,0.038732661811173574
170089315547146305,2021-07,0.03543919380934588
170089315547146305,2021-07,0.02649811360777085
170089315547146305,2021-07,0.024039869842279345
4740535838297269949,2021-07,0.004258306626206937
4740535838297269949,2021-07,0.0037451915378266774
4740535838297269949,2021-07,0.0037278426510275057
4740535838297269949,2021-07,0.0037278426510275057
4740535838297269949,2021-07,0.0024357195547605095
4740535838297269949,2021-07,0.0022592905645021457
7970976988071755401,2021-07,0.05671043202048367
7970976988071755401,2021-07,0.05553900729619778
8287608084245946173,2021-07,0.0050458285169148335
8287608084245946173,2021-07,0.005269752119752748
1423952977138155129,2021-07,0.005199999461062558
1423952977138155129,2021-07,0.004332289979994266
2455576782104041698,2021-07,0.012679945100878116
2455576782104041698,2021-07,0.11672118820172961
6373947691253940364,2021-07,0.03993799094828231
459290606780222306,2021-07,0.004878162433701226
459290606780222306,2021-07,0.008975819418888661
459290606780222306,2021-07,0.007053994793771864
459290606780222306,2021-07,0.008904663332181938
459290606780222306,2021-07,0.003598592453421904
459290606780222306,2021-07,0.004192578417350884
459290606780222306,2021-07,0.004468780810493432
4052557282157719526,2021-07,0.004292339446947764
7215093571368368138,2021-07,0.12105332619512793
7215093571368368138,2021-07,0.10312611428172631
7215093571368368138,2021-07,0.10640596388900092
1192891347324061812,2021-07,0.008086778655524379
1192891347324061812,2021-07,0.007068448735156108
1192891347324061812,2021-07,0.013674980165793705
1192891347324061812,2021-07,0.007035814211067633
1192891347324061812,2021-07,0.005667081361941029
3022528659032597047,2021-07,0.00904275664107444
3022528659032597047,2021-07,0.004153673307501545
2763141362035716801,2021-07,0.015014184611478722
2763141362035716801,2021-07,0.011490822205123936
5465001651966355821,2021-07,0.10366390214078713
5465001651966355821,2021-07,0.019935348587216028
3357976326879346012,2021-07,0.07222692346770072
5880041582322293710,2021-07,0.01899677449697235
5880041582322293710,2021-07,0.09509798587655909
5880041582322293710,2021-07,0.023870474002349266
5880041582322293710,2021-07,0.021331262088391013
6927178425683104769,2021-07,0.014374245147145083
6927178425683104769,2021-07,0.007235306538752215
4723919748432185874,2021-07,0.0030567852229362365
4723919748432185874,2021-07,0.002010114481031331
7325545718770538459,2021-07,0.005844788016296821
7325545718770538459,2021-07,0.004489100851216446
7325545718770538459,2021-07,0.07372263769403009
7325545718770538459,2021-07,0.004732984110876849
7325545718770538459,2021-07,0.0037886711589994754
7325545718770538459,2021-07,0.0033868191440437727
7325545718770538459,2021-07,0.0031971905251399054
5753677550753111444,2021-07,0.005529423081180581
5753677550753111444,2021-07,0.00336057583875481
8559143756893267192,2021-07,0.09656374460878094
1292049196559782171,2021-07,0.012760068400481111
4334472256949955221,2021-07,0.009948681163027134
4334472256949955221,2021-07,0.0064474706962996
6367769402148499693,2021-07,0.00291351947753408
6367769402148499693,2021-07,0.00291351947753408
6367769402148499693,2021-07,0.0030779416462795753
7816319470107777265,2021-07,0.04292674845287677
7816319470107777265,2021-07,0.039933593838528625
696014079855281037,2021-07,0.0232279056307232
4874157215501489741,2021-07,0.007352990823526343
4874157215501489741,2021-07,0.059278799432856445
4874157215501489741,2021-07,0.007523423219101948
3204108603682323936,2021-07,0.005885446994023934
3204108603682323936,2021-07,0.0059973925045033434
3204108603682323936,2021-07,0.0051269111307808545
3204108603682323936,2021-07,0.006442513416899215
4202876623878743806,2021-07,0.015140292072792463
3822753345985951756,2021-07,0.005007715897519366
3822753345985951756,2021-07,0.005054752706121459
4853303856126909724,2021-07,0.7422441298710225
6242636379248496392,2021-07,0.00925126648132165
5799279645678609726,2021-07,0.1131454231620952
4850936440093751199,2021-07,0.00471095201985329
4850936440093751199,2021-07,0.0035895802178793944
8552039412779393821,2021-07,0.0364048398367599
8552039412779393821,2021-07,0.03786816368851478
7436628409157313756,2021-07,0.012119297356238356
5855956854975734380,2021-07,0.007244839543968479
8123515208041701633,2021-07,0.03479513951725721
8123515208041701633,2021-07,0.034624273708878904
8123515208041701633,2021-07,0.04258376091524202
9156666134024889730,2021-07,0.00856520801289749
9156666134024889730,2021-07,0.008685793003545082
6754039979151386401,2021-07,0.005884136256523605
4183921942053157552,2021-07,0.029096340065341765
6941381638534728190,2021-07,0.009485742078275492
6941381638534728190,2021-07,0.006594909504208119
6941381638534728190,2021-07,0.005304220440801039
8332840690177201182,2021-07,0.3218590227917342
8332840690177201182,2021-07,0.3241002679194317
8332840690177201182,2021-07,0.3264758652658939
7870373680211625064,2021-07,0.010053771187220457
7870373680211625064,2021-07,0.007620861797730421
2371917341091102894,2021-07,0.03809124677322727
2371917341091102894,2021-07,0.047180028106928645
1945147145527703963,2021-07,0.0037782009720562074
1945147145527703963,2021-07,0.0034971637188390835
7141263195360679278,2021-07,0.033849341986792035
7141263195360679278,2021-07,0.03851127620936654
7451017400765373278,2021-07,0.0037783925711463292
7451017400765373278,2021-07,0.0028488687454539673
5931905128207886847,2021-07,0.11912857648781457
4995679129936981612,2021-07,0.17081838889855896
1097345589386012260,2021-07,0.01119591160119923
1097345589386012260,2021-07,0.0036930141641658533
2694466161223698243,2021-07,0.24249204869281615
69766362497027920,2021-07,0.04634933869593738
2735662700719640627,2021-07,0.04563526087656281
2308217045093677129,2021-07,0.004411279184861624
4820852183212661131,2021-07,0.6562832054456295
4820852183212661131,2021-07,0.019885298218922508
4820852183212661131,2021-07,0.020540121548565066
984915269987074754,2021-07,0.0034035635717307557
670573866376512619,2021-07,0.03316198160353303
670573866376512619,2021-07,0.03397943084289074
2012477868296377155,2021-07,0.014179674914611527
2012477868296377155,2021-07,0.019841049317115982
2012477868296377155,2021-07,0.015153592300020252
2012477868296377155,2021-07,0.015153592300020252
2012477868296377155,2021-07,0.015153592300020252
7707459425750676368,2021-07,0.03289469432401079
7707459425750676368,2021-07,0.029854865069628884
7707459425750676368,2021-07,0.029443810413900814
2092588065958607289,2021-07,0.009901010786689448
2092588065958607289,2021-07,0.005330385604293448
2092588065958607289,2021-07,0.005448601368197229
2092588065958607289,2021-07,0.0041577199297018275
2092588065958607289,2021-07,0.00900290267421765
2092588065958607289,2021-07,0.005804999902525808
2092588065958607289,2021-07,0.0059926647901092905
2092588065958607289,2021-07,0.003780659080336249
837142477962609471,2021-07,0.004541558127914895
837142477962609471,2021-07,0.00452987824198621
1329553496073467331,2021-07,0.005402616964798366
963687627963462983,2021-07,0.00453479614175406
963687627963462983,2021-07,0.043945418903115256
963687627963462983,2021-07,0.0017318017915965319
8764962131207592182,2021-07,0.010262215339429335
1617695035450525647,2021-07,0.0034469996752783828
1617695035450525647,2021-07,0.0027864561148438567
1617695035450525647,2021-07,0.002831813234396194
1617695035450525647,2021-07,0.0026176271202803243
1617695035450525647,2021-07,0.002273448731211513
8596605705893456305,2021-07,0.4281686262299497
8596605705893456305,2021-07,0.4372770713605388
8596605705893456305,2021-07,0.3926247204347477
1088268935649917461,2021-07,0.008053017295494824
1088268935649917461,2021-07,0.007198638690200535
5460280878923715699,2021-07,0.010240255322962058
6969348581033924947,2021-07,0.01211630963488414
6969348581033924947,2021-07,0.00899870273438841
6969348581033924947,2021-07,0.00917141938033931
6969348581033924947,2021-07,0.074133735358626
6969348581033924947,2021-07,0.004676917014303119
6969348581033924947,2021-07,0.007043121746442316
5758033363847724111,2021-07,0.00246162889899246
5758033363847724111,2021-07,0.002419467845318921
3382609338395832683,2021-07,0.020671837479601565
3382609338395832683,2021-07,0.016574261882378625
3750579377644235511,2021-07,0.8804486863070075
2408009918678280470,2021-07,0.005912903387071864
2408009918678280470,2021-07,0.005962587721682097
2408009918678280470,2021-07,0.006210142421414229
2408009918678280470,2021-07,0.005067755286125833
2408009918678280470,2021-07,0.003418420773108911
3543162424793477785,2021-07,0.020141258042697504
3543162424793477785,2021-07,0.004473153839949262
7710364735942975505,2021-07,0.2315093747932789
7710364735942975505,2021-07,0.01383403798756803
683445437387317282,2021-07,0.012191862860178473
683445437387317282,2021-07,0.009104314297239948
683445437387317282,2021-07,0.00870882408381584
683445437387317282,2021-07,0.005687309586849654
683445437387317282,2021-07,0.00520779113302927
683445437387317282,2021-07,0.00567635951712905
3228830386980584958,2021-07,0.0013444057575701265
5078307295214858596,2021-07,0.019790680899059766
5078307295214858596,2021-07,0.005024318709026288
5078307295214858596,2021-07,0.004997293667133419
4641659186059167709,2021-07,0.029564429713521207
5611787644735474299,2021-07,0.0034164495065222957
5611787644735474299,2021-07,0.001954637924855291
5611787644735474299,2021-07,0.002149770902607517
5611787644735474299,2021-07,0.0014808291487437683
5611787644735474299,2021-07,0.0014808291487437683
5611787644735474299,2021-07,0.0025166758242978755
1717812527056208209,2021-07,0.1846927345640537
295375823203017296,2021-07,0.006839795835203901
295375823203017296,2021-07,0.005156222674173696
295375823203017296,2021-07,0.0034172624946897786
295375823203017296,2021-07,0.004379561574543873
5854364934896993687,2021-07,0.008372910870638076
5854364934896993687,2021-07,0.00627414797858413
7231408738455755015,2021-07,0.5963810677494513
7231408738455755015,2021-07,0.9190088652147641
7231408738455755015,2021-07,0.47334937243273156
7231408738455755015,2021-07,0.5687409346422532
2493688222671282470,2021-07,0.01055147204321103
2493688222671282470,2021-07,0.006236589098732417
2493688222671282470,2021-07,0.006463685774432036
3161361581909316305,2021-07,0.005990028418980601
1536087798470875922,2021-07,0.14085080958935597
1536087798470875922,2021-07,0.11638610711933915
1536087798470875922,2021-07,0.12211362952685245
1536087798470875922,2021-07,0.11468640258169369
3915426102465954493,2021-07,0.00677762337262349
3281818438120834833,2021-07,0.01788736846123645
3281818438120834833,2021-07,0.01270424194826724
1958660709350677213,2021-07,0.018562138571651243
1958660709350677213,2021-07,0.05303198489909262
1696462947583294958,2021-07,0.0023754953299205024
1696462947583294958,2021-07,0.002468521059171235
4675067298171588603,2021-07,0.07475070723869436
4675067298171588603,2021-07,0.10805414884751856
4675067298171588603,2021-07,0.08374596310795157
4675067298171588603,2021-07,0.10297365385703552
8083157716178259762,2021-07,0.0022260743868283512
2209806355660046187,2021-07,0.007328727249293143
8609211777002937758,2021-07,0.0037130508584622937
7818340804682162328,2021-07,0.013212518769050038
7818340804682162328,2021-07,0.009032965400127536
9089528044547831569,2021-07,0.3862360226970983
9089528044547831569,2021-07,0.03305854265098082
5795100045494475994,2021-07,0.008888645749596438
5795100045494475994,2021-07,0.020059045301372515
3931892303497206092,2021-07,0.021542016223077488
3931892303497206092,2021-07,0.021542016223077488
3931892303497206092,2021-07,0.015424165322730115
2900002014851776114,2021-07,0.32665783750462957
835441927760881602,2021-07,0.26862606615801404
835441927760881602,2021-07,0.13812666839186383
835441927760881602,2021-07,0.14194515230555999
835441927760881602,2021-07,0.14847745377892685
8512214463586144353,2021-07,0.005554467664165046
8512214463586144353,2021-07,0.005665411141894979
8512214463586144353,2021-07,0.059144632626045336
8512214463586144353,2021-07,0.005639217553047604
8512214463586144353,2021-07,0.004893619636013106
8512214463586144353,2021-07,0.0037897531888463785
1253437108265925705,2021-07,0.005964258421097665
1253437108265925705,2021-07,0.003640859279316497
1253437108265925705,2021-07,0.0028843682810124633
5503391736465275980,2021-07,0.006201747556008087
2006188298374001315,2021-07,0.007092744562950188
2006188298374001315,2021-07,0.007986717014244764
2006188298374001315,2021-07,0.004185301513207194
3192341047315717823,2021-07,0.08942877176047287
5166128847048245697,2021-07,0.02022653418080709
5166128847048245697,2021-07,0.017066912293197078
8889055492416898333,2021-07,0.017592737437348252
8889055492416898333,2021-07,0.039499069133144285
8889055492416898333,2021-07,0.021744591335577483
1368430815953333691,2021-07,0.17797438604149757
3248432590399829766,2021-07,0.004052543218488671
3248432590399829766,2021-07,0.0035135140691447144
7041489327620930099,2021-07,0.009631991115202968
7041489327620930099,2021-07,0.00850252104138874
1117184216453911295,2021-07,0.004370813678733841
1117184216453911295,2021-07,0.004408193476299142
1117184216453911295,2021-07,0.004084033664451332
2771214050521171719,2021-07,0.0042714572682334305
2771214050521171719,2021-07,0.0038888892206681764
8503092146854371576,2021-07,0.04728567202130733
8503092146854371576,2021-07,0.002567764342290961
7692335720341018458,2021-07,0.007893575580253255
7692335720341018458,2021-07,0.005067199450469343
93982185886107798,2021-07,0.005089460482462551
93982185886107798,2021-07,0.005089460482462551
93982185886107798,2021-07,0.0030394608112151614
7471183491728700531,2021-07,0.15736490475581266
5274777191770957761,2021-07,0.12150464806277365
5274777191770957761,2021-07,0.12662088555965997
8609938720215175911,2021-07,0.00673316439949007
8609938720215175911,2021-07,0.007428670157813923
2726314736140152277,2021-07,0.781286680742261
2726314736140152277,2021-07,0.7302950914203308
175003104385133396,2021-07,0.10474433469524617
175003104385133396,2021-07,0.006253518300453151
1637960623843047520,2021-07,0.10192509091314712
1637960623843047520,2021-07,0.06919023320024284
1637960623843047520,2021-07,0.7870685663604053
1637960623843047520,2021-07,0.07604758846043512
4043546053926060305,2021-07,0.33003728159775225
4043546053926060305,2021-07,0.3427803262776825
4043546053926060305,2021-07,0.3239381273765242
4043546053926060305,2021-07,0.3113185857432683
4043546053926060305,2021-07,0.30538325542049527
1778014915038250584,2021-07,0.1171992521276829
7347715771145302549,2021-07,0.010801424319101291
7347715771145302549,2021-07,0.00861560935454265
7347715771145302549,2021-07,0.005766690270795864
7347715771145302549,2021-07,0.003332075681090629
7347715771145302549,2021-07,0.004743894295738448
1891145854263312840,2021-07,0.22991516843858906
1002362614649347438,2021-07,0.00533362724323004
4166581859919473627,2021-07,0.004979719426184378
4166581859919473627,2021-07,0.004028764649925771
1210783884008131648,2021-07,0.002558417068251289
1210783884008131648,2021-07,0.003198844687404224
1210783884008131648,2021-07,0.002495596940101243
7787306805605072964,2021-07,0.22800163551659208
6724017568171288443,2021-07,0.012970382174203262
6724017568171288443,2021-07,0.00765193271697251
4714214581184951490,2021-07,0.006584140835177742
1553628056929342565,2021-07,0.02225294458399371
7395696797140470088,2021-07,0.0037622589851636933
7395696797140470088,2021-07,0.0024982390631775107
7395696797140470088,2021-07,0.004003531171892602
8919892162361650175,2021-07,0.06960546337477197
8313765100460016738,2021-07,0.2023932869549907
8313765100460016738,2021-07,0.2794116976049299
39547025441582855,2021-07,0.3219243910465679
662944582644865942,2021-07,0.013718532738022702
8784237149961904,2021-07,0.007573019550335221
8784237149961904,2021-07,0.004137396049460702
1977574645216036803,2021-07,0.7842675187713836
3713742318997880410,2021-07,0.0022923082895515597
3713742318997880410,2021-07,0.004702672218051329
2808145376905474927,2021-07,0.5900674471255117
2808145376905474927,2021-07,0.11469568982260071
4566920105008626302,2021-07,0.004567145663880298
4566920105008626302,2021-07,0.0038877768779050684
4566920105008626302,2021-07,0.0038047620897983794
1106971614386004604,2021-07,0.037746122713871844
2772135008486239291,2021-07,0.019727107015801434
2772135008486239291,2021-07,0.01638751268908851
8505870778358741102,2021-07,0.011762995121898928
8505870778358741102,2021-07,0.00988090618292286
8505870778358741102,2021-07,0.014056759177280859
8505870778358741102,2021-07,0.015483904081969735
8505870778358741102,2021-07,0.013458176079932504
2530707686830644666,2021-07,0.01027876180636418
2530707686830644666,2021-07,0.007523208085898545
2530707686830644666,2021-07,0.008221400044369036
7628167057144760589,2021-07,0.0459879760272167
7628167057144760589,2021-07,0.04515818025530059
6865071386683133124,2021-07,0.003947416057310439
7403979270048469991,2021-07,0.030421515466951113
7403979270048469991,2021-07,0.0031785596021777192
4995217181024687397,2021-07,0.0070902955711563236
4995217181024687397,2021-07,0.004134414538941897
2302464746243069589,2021-07,0.009422904360599843
2302464746243069589,2021-07,0.06549232114495027
3338087778895249031,2021-07,0.12012650252196883
5503073374822479037,2021-07,0.029021502286771382
8400764778654490278,2021-07,0.007352922792866076
5200455618694210402,2021-07,0.004481428347388199
3536704882799524586,2021-07,0.034225860031233825
3536704882799524586,2021-07,0.026643166031509128
2535803443850893368,2021-07,0.06713361254500756
5606267905834401873,2021-07,0.0073668384111097
5606267905834401873,2021-07,0.006608585688782789
5606267905834401873,2021-07,0.07189134631611825
5606267905834401873,2021-07,0.008764283818882756
121658372387044248,2021-07,0.007723950578946954
121658372387044248,2021-07,0.0077098848819233245
511305041047444825,2021-07,0.0146271838161565
8480109508191086169,2021-07,0.0020053417157391866
2951563549197799278,2021-07,0.0027451347531327283
2951563549197799278,2021-07,0.001995402155150366
2951563549197799278,2021-07,0.0027322013625662024
8343941262792249232,2021-07,0.06381431614240295
8343941262792249232,2021-07,0.06742589567796162
8343941262792249232,2021-07,0.08113751461249877
3480297543931395935,2021-07,0.1699738490671709
3480297543931395935,2021-07,0.1319765049111735
3480297543931395935,2021-07,0.1329877097703046
3480297543931395935,2021-07,0.13197610389578665
3480297543931395935,2021-07,0.12203111009854355
7920896580423665241,2021-07,0.008837377343359076
2322847438374159400,2021-07,0.00535205463827565
2322847438374159400,2021-07,0.0029652946813671214
8090492548102964782,2021-07,0.060318530738793695
8090492548102964782,2021-07,0.05550669390910244
113538242419211987,2021-07,0.006179774029021869
9099218788416728596,2021-07,0.8575574567886443
6546850858912852316,2021-07,0.17475880241431635
6546850858912852316,2021-07,0.12487366234705718
2382123267535341265,2021-07,0.03486769801146041
2382123267535341265,2021-07,0.03104304724982263
2382123267535341265,2021-07,0.19559245102299783
2382123267535341265,2021-07,0.010088194544743469
2382123267535341265,2021-07,0.011841174753654354
2382123267535341265,2021-07,0.040893748870906764
1951407691087813358,2021-07,0.004051483391738016
1951407691087813358,2021-07,0.002233240774177069
1951407691087813358,2021-07,0.0020992765020674546
8162017568751362437,2021-07,0.03746530089576932
8162017568751362437,2021-07,0.025525487579408986
8162017568751362437,2021-07,0.030758943694019797
2658946240987854807,2021-07,0.006511750170037623
2658946240987854807,2021-07,0.005429736505957969
2658946240987854807,2021-07,0.0026853365227169517
1698828605814171242,2021-07,0.0052855015480488205
1698828605814171242,2021-07,0.004565556528148133
3027683745465216663,2021-07,0.0045844806207021045
3027683745465216663,2021-07,0.014157787665718517
3027683745465216663,2021-07,0.004059886753212878
6448580780254847411,2021-07,0.008270196243876246
6448580780254847411,2021-07,0.0045515245581184026
5122095358293179297,2021-07,0.008779729583996004
5122095358293179297,2021-07,0.029066920154938898
5136739522477907100,2021-07,0.0047633292668449595
5136739522477907100,2021-07,0.0070855991279920524
3258345688897172820,2021-07,0.0557000632383728
3258345688897172820,2021-07,0.16150157758323183
5263285038415073073,2021-07,0.17335217252323054
5371387005775513675,2021-07,0.03277194936911785
5371387005775513675,2021-07,0.5680048785241388
5371387005775513675,2021-07,0.648358608286271
4858887739802767402,2021-07,0.006246779905582208
3812760626052898456,2021-07,0.00495172829155307
3538481420098344176,2021-07,0.44864888119683005
3731278848600349375,2021-07,0.004310997312577708
2119292203323657032,2021-07,0.009388945881257797
2119292203323657032,2021-07,0.006713411133116046
3382624494518753363,2021-07,0.37678743395368214
3382624494518753363,2021-07,0.6287487291932824
3382624494518753363,2021-07,0.2637638714995402
3382624494518753363,2021-07,0.34398833483086994
1788369195969129749,2021-07,0.010508001775094485
6276792736652545216,2021-07,0.007836754589720106
1272921915900711149,2021-07,0.007267618507006947
7779268298304613772,2021-07,0.01323971694445585
4414438591613884911,2021-07,0.011576931109774653
4414438591613884911,2021-07,0.011697308711446797
4414438591613884911,2021-07,0.010956163528688289
7120090169052575663,2021-07,0.0049617059780158014
7120090169052575663,2021-07,0.0033342204936214473
7176848230239877915,2021-07,0.006265093731910209
7176848230239877915,2021-07,0.006607603406611675
7176848230239877915,2021-07,0.08221402787481727
191536915328669008,2021-07,0.42855086598986514
1864367736036633256,2021-07,0.009033022784124272
1864367736036633256,2021-07,0.009237485897312653
5409960473983330744,2021-07,0.019315615986807273
4919908458022265747,2021-07,0.007015334323344211
4919908458022265747,2021-07,0.007225663595299152
4018182555897034052,2021-07,0.0035929713290184548
4018182555897034052,2021-07,0.0028565494600308614
6909701795322574613,2021-07,0.03994663710152214
6145308913889808258,2021-07,0.861619006453165
6145308913889808258,2021-07,0.03441220849357015
8548612698724688238,2021-07,0.007677710380675601
8828303152301461681,2021-07,0.016252918742733467
8828303152301461681,2021-07,0.014194227613595874
8828303152301461681,2021-07,0.015691524728204453
7182085930008391174,2021-07,0.012927314585058074
7182085930008391174,2021-07,0.01283957205922034
622073912578471754,2021-07,0.19244821660645314
8662923640484889291,2021-07,0.008805596854451434
2778852475840838977,2021-07,0.07575450137124279
6643358471662528195,2021-07,0.009423349286968447
6643358471662528195,2021-07,0.0075041932091482804
2201150681962815877,2021-07,0.020251642567418803
2201150681962815877,2021-07,0.025284067550348094
5893903674205161232,2021-07,0.004713177413972775
5893903674205161232,2021-07,0.0022665846755320885
5893903674205161232,2021-07,0.0022302605667487555
1357573192598249600,2021-07,0.00751991032422935
1357573192598249600,2021-07,0.006073703324319571
4588313530969303734,2021-07,0.05633113712043545
4588313530969303734,2021-07,0.0580594957560725
4588313530969303734,2021-07,0.06757235445170628
4588313530969303734,2021-07,0.0706863507034708
7171835894416689226,2021-07,0.01344837974587913
4527499691197377217,2021-07,0.00864998332782728
3668905663669864663,2021-07,0.004894769447891083
3668905663669864663,2021-07,0.0032661334492277354
1674864668198542837,2021-07,0.12254476573322919
1674864668198542837,2021-07,0.18943026420571266
1477629972594346481,2021-07,0.009732685476131342
1477629972594346481,2021-07,0.1379620353278143
1477629972594346481,2021-07,0.007563024471276461
5958664040344043635,2021-07,0.01028159165204573
5082813456193598086,2021-07,0.03752748912396762
5082813456193598086,2021-07,0.005697531498372242
5048392903148444335,2021-07,0.025599838952539315
1579681122696922043,2021-07,0.09379506019568533
3415156360538677905,2021-07,0.004435725681544863
3415156360538677905,2021-07,0.005882441485697339
271068078606473697,2021-07,0.0026238291154770566
5440313607363845188,2021-07,0.034137664854532394
5440313607363845188,2021-07,0.0033657476548927773
1613152204777372951,2021-07,0.014578489604160272
4210463673385510745,2021-07,0.8738176581502958
4210463673385510745,2021-07,0.036833292594351606
1683619849073499603,2021-07,0.0038977243945747912
1683619849073499603,2021-07,0.0025396394379688272
5358243820364010940,2021-07,0.1635305669493235
5358243820364010940,2021-07,0.00511407128285233
7949169060790541229,2021-07,0.005024754367166112
5791518044186095039,2021-07,0.018248383535415177
5791518044186095039,2021-07,0.0024666224888388127
8724731934863284019,2021-07,0.008198608384498653
8724731934863284019,2021-07,0.008198608384498653
8724731934863284019,2021-07,0.007012717781829332
8724731934863284019,2021-07,0.009929543787703382
1741049493106216406,2021-07,0.3987920848325336
6337915293429442229,2021-07,0.043275933162595655
4635578010631860111,2021-07,0.17795375914264164
6122719618012473549,2021-07,0.00769603926601646
3118683330911759410,2021-07,0.12168092599278232
3118683330911759410,2021-07,0.14179207993359666
7719481195372677540,2021-07,0.004950550197177377
7719481195372677540,2021-07,0.0035133386523105575
8374461419511631785,2021-07,0.008899969465480655
8374461419511631785,2021-07,0.010328380486591762
1678680306005074426,2021-07,0.009061721508455281
1678680306005074426,2021-07,0.006635415128764094
1678680306005074426,2021-07,0.005300830524379148
8487807876567995441,2021-07,0.1894250299019389
8487807876567995441,2021-07,0.005465409619076403
8487807876567995441,2021-07,0.004922610918301023
1467843186411742274,2021-07,0.6280113590474586
3698481516392183789,2021-07,0.007714114109866347
5198904647759787695,2021-07,0.030952486255577963
3275327267689584006,2021-07,0.22282761180442912
3386019519917828299,2021-07,0.005338185633887041
8196449005061156808,2021-07,0.008578595646594817
3283662016127058429,2021-07,0.005822099963492043
3555655653190753786,2021-07,0.23948003863489034
7665801401860589626,2021-07,0.0062940488883921775
6020593949794792044,2021-07,0.126383081128838
6020593949794792044,2021-07,0.12997091579613423
6824842959463625344,2021-07,0.21204025613664057
234898976850399181,2021-07,0.009780353623416005
4817816966382229074,2021-07,0.00954687282710143
4817816966382229074,2021-07,0.009280392079508986
4817816966382229074,2021-07,0.009280392079508986
4817816966382229074,2021-07,0.008009425502251744
4817816966382229074,2021-07,0.0124127533628594
3511416927745338332,2021-07,0.0059117991032184075
3511416927745338332,2021-07,0.007383520107135378
3511416927745338332,2021-07,0.0068894330822664735
3511416927745338332,2021-07,0.005807439814206398
3511416927745338332,2021-07,0.006898274775854418
3511416927745338332,2021-07,0.007774090297474231
3511416927745338332,2021-07,0.006052913019458306
2335982750277990437,2021-07,0.05472250069000862
4090195792518021727,2021-07,0.0049314560279318876
3690886209682028027,2021-07,0.00698150792790019
3690886209682028027,2021-07,0.00807737322725525
3690886209682028027,2021-07,0.00807737322725525
9101617110967101591,2021-07,0.00647697618222254
6681781879793693802,2021-07,0.005054176325599797
4284129442855564250,2021-07,0.00811401863544159
9052787288251876909,2021-07,0.005550474040732704
2444743522510084109,2021-07,0.00902221476910052
940214356651040716,2021-07,0.0512249930123009
3045840317107313913,2021-07,0.0030640352777484853
7142043104834932013,2021-07,0.014011621711883082
4785355632922927313,2021-07,0.10338061391203993
4785355632922927313,2021-07,0.09215033938978753
4956614249204803652,2021-07,0.020644717498443065
4956614249204803652,2021-07,0.17384763530642613
4956614249204803652,2021-07,0.015859866725829543
15070048310374146,2021-07,0.04886546496931782
7200509200540839533,2021-07,0.006520374072526731
7200509200540839533,2021-07,0.005152478095965423
4614484019183480654,2021-07,0.005486436804160342
7999843484680834128,2021-07,0.06270096419959541
2377020220794016532,2021-07,0.007902431431890993
1273229638516517354,2021-07,0.009476224104298443
5522764880180045081,2021-07,0.004138301403467652
180672270337706285,2021-07,0.4852010498654279
180672270337706285,2021-07,0.47601254978352253
180672270337706285,2021-07,0.47601254978352253
2088532321693492263,2021-07,0.02188810266873896
326257359176916767,2021-07,0.0038416572825992487
5901769182336230217,2021-07,0.02003588020053293
5517114603826429870,2021-07,0.00799487098427225
5517114603826429870,2021-07,0.006792810696295324
5517114603826429870,2021-07,0.008721208141817031
5517114603826429870,2021-07,0.00878298108065753
1069093308328204542,2021-07,0.00708518142376656
1234611356650812259,2021-07,0.08992515983512463
2191990606593345695,2021-07,0.00818020494134439
2191990606593345695,2021-07,0.010075581661491565
5607900901204647807,2021-07,0.1497910914613571
7770458886439606839,2021-07,0.01580625217647371
7968118679747232249,2021-07,0.15378988189346016
6810366761249506182,2021-07,0.0024585389202113734
4121608857053177761,2021-07,0.4891654306500615
1059336566956767188,2021-07,0.004013869932200894
792560389712312178,2021-07,0.00281080424639599
792560389712312178,2021-07,0.002070451598092384
8736788139020105764,2021-07,0.913537300913208
287529573188507001,2021-07,0.0029019840019624916
7330131219998265639,2021-07,0.0030954139466687317
4831988987853936627,2021-07,0.030847071233800278
3279417303675586812,2021-07,0.007322826185484812
7692330898726665144,2021-07,0.01656169435704441
7692330898726665144,2021-07,0.04767303014343967
7828430488099134389,2021-07,0.07361186924250497
5429414161455643517,2021-07,0.18496806701022803
3516294920850464913,2021-07,0.058425204836990506
6617479989097680138,2021-07,0.06842961735139255
7031913170099381454,2021-07,0.24318295027106698
7067471043900250355,2021-07,0.027515299497929368
2380458252615213706,2021-07,0.0321355861769474
3536431875244944563,2021-07,0.05663563490209677
4862285428951244424,2021-07,0.003584011411030445
3384356870037163810,2021-07,0.009162642592341202
2179772649873197365,2021-07,0.09127413635431861
6594970822995540982,2021-07,0.021287736292370005
1874387298050692165,2021-07,0.003576019807430405
2677901391425651891,2021-07,0.0029551401577301447
7246466789138290692,2021-07,0.003017748830984213
5993765508162121762,2021-07,0.022328524986085597
1272921915900711149,2021-07,0.0022068875350356953
1272921915900711149,2021-08,0.0025649099620564846
2951563549197799278,2021-07,0.005232508142961672
2951563549197799278,2021-07,0.003108407260536026
2951563549197799278,2021-07,0.004317120944555599
2951563549197799278,2021-08,0.018688683906261907
5166128847048245697,2021-07,0.012239820094257123
5166128847048245697,2021-08,0.020730415706232377
4537982850248578883,2021-07,0.005316259971759987
4537982850248578883,2021-07,0.004967795505487816
4537982850248578883,2021-07,0.005716706129451647
4537982850248578883,2021-08,0.00893842651212165
4537982850248578883,2021-08,0.005254610389017048
4537982850248578883,2021-08,0.0066859719464675595
5274777191770957761,2021-07,0.25138488459045766
5274777191770957761,2021-08,0.17853285604287075
2988042199057874759,2021-07,0.00780566826908821
2988042199057874759,2021-07,0.006504107030708546
2988042199057874759,2021-07,0.006845756703557576
2988042199057874759,2021-07,0.012695419106707568
2988042199057874759,2021-08,0.01242841040317788
2988042199057874759,2021-08,0.29046463092424785
2988042199057874759,2021-08,0.013805906863616536
4593070249039532001,2021-07,0.0047268187399294925
4593070249039532001,2021-07,0.004727229169475664
4593070249039532001,2021-07,0.03823412602967763
4593070249039532001,2021-08,0.003960413482056255
924957821424248698,2021-07,0.00411210489972796
924957821424248698,2021-07,0.005608249811331584
924957821424248698,2021-07,0.006745025043335055
924957821424248698,2021-07,0.006745025043335055
924957821424248698,2021-08,0.0062531043027969505
924957821424248698,2021-08,0.00436908940146429
924957821424248698,2021-08,0.006947940564393126
924957821424248698,2021-08,0.005426217883323055
968199235777440720,2021-07,0.007001502779944728
968199235777440720,2021-07,0.006844778138805239
968199235777440720,2021-07,0.010783934902263976
968199235777440720,2021-07,0.0331631257974732
968199235777440720,2021-07,0.010276341965040427
968199235777440720,2021-08,0.023870129117864507
968199235777440720,2021-08,0.023870129117864507
968199235777440720,2021-08,0.023209745018316318
968199235777440720,2021-08,0.11813913606169063
968199235777440720,2021-08,0.016700852058241553
968199235777440720,2021-08,0.012419891091468474
968199235777440720,2021-08,0.015986870181676653
6330043096034525408,2021-07,0.13793757082542735
6330043096034525408,2021-07,0.12575959192342653
6330043096034525408,2021-08,0.5020754758563954
6330043096034525408,2021-08,0.8766717495457932
1637960623843047520,2021-07,0.07634034421523181
1637960623843047520,2021-07,0.8380824171201144
1637960623843047520,2021-07,0.12348746779226509
1637960623843047520,2021-07,0.1180078998235035
1637960623843047520,2021-07,0.09534087216911306
1637960623843047520,2021-07,0.07617824161859929
1637960623843047520,2021-08,0.07861537522365121
1637960623843047520,2021-08,0.07689958653752275
1637960623843047520,2021-08,0.08101901557188533
1637960623843047520,2021-08,0.07576851277258445
1637960623843047520,2021-08,0.7628955290357617
1477629972594346481,2021-07,0.007394245186907759
1477629972594346481,2021-08,0.01330555119124833
1477629972594346481,2021-08,0.1926538114493618
1477629972594346481,2021-08,0.012397940863860878
8733525963966339207,2021-07,0.2068513662502021
8733525963966339207,2021-07,0.6388899966469321
8733525963966339207,2021-07,0.31079023422317914
8733525963966339207,2021-07,0.3123380790507653
8733525963966339207,2021-07,0.20311629959039793
8733525963966339207,2021-07,0.33579175218653706
8733525963966339207,2021-07,0.31451501757884576
8733525963966339207,2021-08,0.3220397095640956
8733525963966339207,2021-08,0.2456231083402601
8733525963966339207,2021-08,0.5937805213795401
8733525963966339207,2021-08,0.16334023169223358
2554972344348383830,2021-07,0.004768165284733263
2771214050521171719,2021-07,0.003509192336425125
2771214050521171719,2021-07,0.004130687900552005
2771214050521171719,2021-07,0.0038601948421468826
2771214050521171719,2021-07,0.00630523330197973
2771214050521171719,2021-07,0.00584942810590305
2771214050521171719,2021-08,0.0073842838746213035
2771214050521171719,2021-08,0.00524106200697146
2658946240987854807,2021-07,0.0032294910987443813
2658946240987854807,2021-07,0.0033044286364881355
2658946240987854807,2021-07,0.003401873799012738
2658946240987854807,2021-07,0.005561850942035087
2658946240987854807,2021-08,0.004889847252382873
6547707428090179960,2021-07,0.00604023162550322
6547707428090179960,2021-07,0.006578215348925093
6547707428090179960,2021-07,0.009723040214739161
6547707428090179960,2021-08,0.008219367488683979
8662923640484889291,2021-07,0.004347413328613082
8662923640484889291,2021-07,0.004811530255999634
6582676833651678345,2021-07,0.003586738185118649
6582676833651678345,2021-07,0.005064203456975607
6582676833651678345,2021-08,0.005622750363697203
6582676833651678345,2021-08,0.005607011627521899
6582676833651678345,2021-08,0.0028416779105834462
6582676833651678345,2021-08,0.0024133657005616527
6582676833651678345,2021-08,0.006449819023400549
6582676833651678345,2021-08,0.0050447915143465635
2532435113844289043,2021-07,0.0024891434095222964
2532435113844289043,2021-07,0.0036868997284279638
2532435113844289043,2021-07,0.0026287090389509804
2532435113844289043,2021-07,0.00503605973973843
2532435113844289043,2021-07,0.0036376612512543814
2532435113844289043,2021-08,0.005760469896253328
2532435113844289043,2021-08,0.004819807723910532
2532435113844289043,2021-08,0.004930505913746
2532435113844289043,2021-08,0.003189922750692862
8889055492416898333,2021-07,0.028928900463000912
8889055492416898333,2021-08,0.025894418504408115
8889055492416898333,2021-08,0.023566373153255157
8889055492416898333,2021-08,0.026053201766412352
8889055492416898333,2021-08,0.028011666106440306
1678680306005074426,2021-07,0.005164206464921035
6916556752218696485,2021-07,0.00405282651230915
6916556752218696485,2021-07,0.0034226812399490965
6916556752218696485,2021-07,0.00476577089659148
6916556752218696485,2021-07,0.004774599573940834
6916556752218696485,2021-07,0.005255547643634707
6916556752218696485,2021-07,0.005332106705804592
6916556752218696485,2021-07,0.004664448312326448
6916556752218696485,2021-07,0.004974602545610271
6916556752218696485,2021-07,0.004974602545610271
6916556752218696485,2021-07,0.005391643046609493
6916556752218696485,2021-07,0.005335729672441958
6916556752218696485,2021-07,0.008164552618873035
6916556752218696485,2021-08,0.006423634470172369
6916556752218696485,2021-08,0.006248676104224835
6916556752218696485,2021-08,0.0061419481934230505
6916556752218696485,2021-08,0.006423634470172369
6916556752218696485,2021-08,0.006101510311310206
6916556752218696485,2021-08,0.006232312575168553
6916556752218696485,2021-08,0.005899055653791229
6916556752218696485,2021-08,0.008053534422314762
6916556752218696485,2021-08,0.025720781309714988
6367769402148499693,2021-07,0.003074579470583212
6367769402148499693,2021-07,0.0031287889718491385
6367769402148499693,2021-08,0.009026426511663204
1192891347324061812,2021-07,0.004913620237729367
1192891347324061812,2021-07,0.003536715557846616
1192891347324061812,2021-07,0.004558963206181089
1192891347324061812,2021-08,0.007614837062304619
1192891347324061812,2021-08,0.008220072054055243
524026009392362402,2021-07,0.005503603183881708
524026009392362402,2021-07,0.007810997505543377
8609938720215175911,2021-07,0.009844678702081075
8609938720215175911,2021-07,0.01067055060553157
8609938720215175911,2021-07,0.009173478568827807
8609938720215175911,2021-08,0.014869623716092073
8609938720215175911,2021-08,0.015865452110253607
8609938720215175911,2021-08,0.011168156064445793
5122095358293179297,2021-07,0.0034804028641356867
5122095358293179297,2021-08,0.0038159772546509747
5122095358293179297,2021-08,0.004017559540776067
499242942549937267,2021-07,0.04707431131200826
499242942549937267,2021-07,0.04707431131200826
499242942549937267,2021-07,0.043860560582994534
499242942549937267,2021-07,0.04130100480735055
499242942549937267,2021-07,0.04130100480735055
499242942549937267,2021-07,0.04440013977330684
499242942549937267,2021-07,0.04440013977330684
499242942549937267,2021-07,0.06392475531578566
499242942549937267,2021-08,0.05541079633417091
499242942549937267,2021-08,0.19720749554732045
499242942549937267,2021-08,0.0591071295808086
499242942549937267,2021-08,0.07342999605240554
4900073965147412482,2021-07,0.00558906862943444
1617695035450525647,2021-07,0.002008004491197752
1617695035450525647,2021-07,0.002321792446626822
1617695035450525647,2021-07,0.0022713291482079753
1617695035450525647,2021-07,0.0037117754719093606
1617695035450525647,2021-07,0.0037941202136436356
1617695035450525647,2021-07,0.0037941202136436356
1617695035450525647,2021-07,0.0034189992232140755
1617695035450525647,2021-07,0.008466247387787543
1617695035450525647,2021-07,0.008500404579950044
1617695035450525647,2021-07,0.008790884598898234
1617695035450525647,2021-08,0.003525266707938652
1617695035450525647,2021-08,0.004373007801603782
1617695035450525647,2021-08,0.003786312831371511
1617695035450525647,2021-08,0.0034417486031304177
1617695035450525647,2021-08,0.002528506207648923
1617695035450525647,2021-08,0.00478030051015297
1617695035450525647,2021-08,0.0021935684456595075
1617695035450525647,2021-08,0.002229296287463508
1617695035450525647,2021-08,0.002248468906930843
1617695035450525647,2021-08,0.002680098066829126
340285351737204923,2021-07,0.07539881986416302
340285351737204923,2021-07,0.07647913415717136
340285351737204923,2021-07,0.07647913415717136
340285351737204923,2021-07,0.0772792842388698
340285351737204923,2021-08,0.06117387807888584
340285351737204923,2021-08,0.06094078622784414
6271697692808086495,2021-07,0.01014034262179564
6271697692808086495,2021-07,0.010313290865224905
6271697692808086495,2021-07,0.010130714749065482
6271697692808086495,2021-07,0.010405263131751875
6271697692808086495,2021-07,0.010299898463509035
6271697692808086495,2021-08,0.0059960888663581745
6271697692808086495,2021-08,0.005504748098051157
6271697692808086495,2021-08,0.0058146355682389406
6271697692808086495,2021-08,0.005707839013585629
49632905576538927,2021-07,0.003848989936793708
1117184216453911295,2021-07,0.00874857401484502
1117184216453911295,2021-07,0.007564947078836731
1117184216453911295,2021-08,0.29223523454282574
1117184216453911295,2021-08,0.22838023558052947
4104959289203999917,2021-07,0.006139606942912558
4104959289203999917,2021-07,0.006100316468484155
2943087245123311166,2021-07,0.009076380834991961
2943087245123311166,2021-07,0.01228948626842916
2943087245123311166,2021-08,0.017362301778408605
2943087245123311166,2021-08,0.010539559897418681
621182491555347581,2021-07,0.019660157932811177
621182491555347581,2021-07,0.020501095299916613
621182491555347581,2021-07,0.025661443279103326
621182491555347581,2021-07,0.032242303423734284
621182491555347581,2021-07,0.031580178301263334
621182491555347581,2021-08,0.013918873812774162
621182491555347581,2021-08,0.013646282143056453
621182491555347581,2021-08,0.13497274924675226
4995217181024687397,2021-07,0.0035708377866589297
4995217181024687397,2021-07,0.0036408351202430584
4995217181024687397,2021-07,0.0069447559114089365
4995217181024687397,2021-08,0.006779976966454215
4995217181024687397,2021-08,0.0068496555434322095
4995217181024687397,2021-08,0.006779376319276328
4995217181024687397,2021-08,0.012878986203497068
7458891296671174680,2021-07,0.07536082570039015
7231408738455755015,2021-07,0.5740405449937381
7231408738455755015,2021-07,0.5885916834470606
7231408738455755015,2021-07,0.6531703431870443
7231408738455755015,2021-08,0.9059042908767324
7231408738455755015,2021-08,0.49572426843522543
8536031856585966123,2021-07,0.029971733159041992
8536031856585966123,2021-08,0.03103772469038532
7535160686416710323,2021-07,0.010771233934705282
7535160686416710323,2021-07,0.01663175628117386
7535160686416710323,2021-08,0.014728714551357826
7908414709866823255,2021-07,0.005922186650241048
7908414709866823255,2021-07,0.006647183762108821
7908414709866823255,2021-07,0.008345866410028283
7908414709866823255,2021-08,0.009699883463263085
7908414709866823255,2021-08,0.005447966758274963
7289435138601868544,2021-07,0.0029427192937303624
7289435138601868544,2021-07,0.002887165864665042
7289435138601868544,2021-08,0.005793869676860442
7289435138601868544,2021-08,0.004133254839827603
6198047969028248384,2021-07,0.0038091840656797123
6198047969028248384,2021-08,0.005355299251300882
6198047969028248384,2021-08,0.2705226574727105
3283662016127058429,2021-07,0.004140492904925274
3283662016127058429,2021-08,0.0040538928004937155
417157680860985231,2021-07,0.002883878141994861
417157680860985231,2021-07,0.011774461202414717
417157680860985231,2021-08,0.0041062224469038296
417157680860985231,2021-08,0.0024348786232112696
417157680860985231,2021-08,0.003747931258087012
5301988619224057921,2021-07,0.8551151306129895
5301988619224057921,2021-07,0.5825424730282676
5301988619224057921,2021-07,0.5825424730282676
5301988619224057921,2021-07,0.585047299555761
5301988619224057921,2021-07,0.8656926199573904
5301988619224057921,2021-08,0.8843882819125042
8926565682509268383,2021-07,0.0042327342761517795
8926565682509268383,2021-07,0.004552560932319415
8926565682509268383,2021-07,0.004906946301741239
8926565682509268383,2021-07,0.0064989502829883704
8926565682509268383,2021-07,0.008408850314557573
8926565682509268383,2021-07,0.008030231047654051
8926565682509268383,2021-07,0.008257595756375753
8926565682509268383,2021-08,0.007951803886127883
8926565682509268383,2021-08,0.006456059907485654
8926565682509268383,2021-08,0.008146083289743632
8926565682509268383,2021-08,0.0031707505627318854
7722287846688771887,2021-07,0.004123234258895191
7722287846688771887,2021-08,0.0047339600091706345
5993765508162121762,2021-07,0.020428409531291342
5993765508162121762,2021-08,0.021444174691279412
5993765508162121762,2021-08,0.03300050825147228
2033394215069562776,2021-07,0.01223239120849761
2033394215069562776,2021-07,0.011527607454778644
2033394215069562776,2021-07,0.011882081456161799
2033394215069562776,2021-07,0.016956170107544775
6053752047545474051,2021-07,0.0038791408833023506
6053752047545474051,2021-07,0.004060178753319963
6053752047545474051,2021-07,0.004109644044405945
6053752047545474051,2021-07,0.004363327495862065
6053752047545474051,2021-07,0.004200913361846529
6053752047545474051,2021-07,0.004328153895709074
6053752047545474051,2021-07,0.006556230633005817
6053752047545474051,2021-07,0.01701843804315259
6053752047545474051,2021-08,0.00523934736547945
6053752047545474051,2021-08,0.005684745698149307
6053752047545474051,2021-08,0.005684745698149307
6053752047545474051,2021-08,0.005816988018673017
6053752047545474051,2021-08,0.003067085911854318
6053752047545474051,2021-08,0.004937796977245749
2302464746243069589,2021-07,0.0053662657094198235
2302464746243069589,2021-08,0.007953329008621996
2302464746243069589,2021-08,0.006527192948000402
5577659616907513811,2021-07,0.236906056791922
5577659616907513811,2021-07,0.24752956914159263
5577659616907513811,2021-07,0.28480195622423454
5577659616907513811,2021-07,0.08525281685933225
5577659616907513811,2021-08,0.2613909046940314
5577659616907513811,2021-08,0.2741966561548271
3970572142453508637,2021-07,0.10133796057910369
3970572142453508637,2021-07,0.10117985998486333
3970572142453508637,2021-08,0.07797323987540945
3970572142453508637,2021-08,0.21672862497715797
234898976850399181,2021-07,0.008548125079700881
234898976850399181,2021-07,0.01241079085397312
234898976850399181,2021-08,0.014420137937557595
511305041047444825,2021-07,0.014356302097432024
511305041047444825,2021-07,0.015529910730436063
2408009918678280470,2021-07,0.0030426691669807595
2408009918678280470,2021-07,0.0031217477294978387
2408009918678280470,2021-07,0.003813879795590438
2408009918678280470,2021-07,0.004216036504339935
2408009918678280470,2021-07,0.0040324581565548915
2408009918678280470,2021-07,0.006129027626922583
2408009918678280470,2021-07,0.004886898766606744
2408009918678280470,2021-08,0.006729743359602519
2408009918678280470,2021-08,0.0075877051909727525
2408009918678280470,2021-08,0.006937278717313798
2408009918678280470,2021-08,0.0053452263755013555
2408009918678280470,2021-08,0.008532866095398123
2408009918678280470,2021-08,0.004859121580827073
2408009918678280470,2021-08,0.0036110891317874144
1891145854263312840,2021-07,0.2232369540019846
1891145854263312840,2021-07,0.031165568263586935
1891145854263312840,2021-08,0.16863301324143656
1891145854263312840,2021-08,0.1838525051380598
4187591029730357479,2021-07,0.010774233826020024
1192810733461560329,2021-07,0.008357059781935532
4347826483121154490,2021-07,0.001681601345543341
4347826483121154490,2021-07,0.001681601345543341
4347826483121154490,2021-07,0.002098222239089078
4347826483121154490,2021-07,0.0017475922561316524
4347826483121154490,2021-07,0.001793788550733466
4347826483121154490,2021-07,0.0017840836636741713
4347826483121154490,2021-07,0.006456974566391262
4347826483121154490,2021-07,0.005713952540777832
4347826483121154490,2021-07,0.007222628491168251
4347826483121154490,2021-07,0.006850502847759317
4347826483121154490,2021-08,0.0035143032589668665
4347826483121154490,2021-08,0.003523038342890975
4347826483121154490,2021-08,0.004020887316924079
4347826483121154490,2021-08,0.0039571516449471425
4347826483121154490,2021-08,0.0027472290588996594
4347826483121154490,2021-08,0.0026781436291093714
4347826483121154490,2021-08,0.0024647367056623948
4347826483121154490,2021-08,0.0029568117456346965
4347826483121154490,2021-08,0.002275345838556286
5462970244186515758,2021-07,0.003722018995482762
5462970244186515758,2021-07,0.0049831015786436705
5462970244186515758,2021-07,0.005012871144920962
5462970244186515758,2021-07,0.007014884566495892
5462970244186515758,2021-07,0.02169586093205461
5462970244186515758,2021-07,0.0246334951002199
5462970244186515758,2021-07,0.02169586093205461
5462970244186515758,2021-08,0.011493551776483098
5462970244186515758,2021-08,0.012618361045197141
5462970244186515758,2021-08,0.05656229916883103
5462970244186515758,2021-08,0.006236160670157321
3698481516392183789,2021-07,0.0034535716672822216
4365965554261111250,2021-07,0.09540616263666767
4365965554261111250,2021-07,0.09540616263666767
4365965554261111250,2021-07,0.09335155266883884
4365965554261111250,2021-07,0.09335155266883884
4365965554261111250,2021-07,0.10540411439332618
4365965554261111250,2021-07,0.024602822372187676
459290606780222306,2021-07,0.004414769320535224
459290606780222306,2021-07,0.00465652825958629
459290606780222306,2021-07,0.004192578417350884
459290606780222306,2021-07,0.004112875095724466
459290606780222306,2021-07,0.0050045808660337645
459290606780222306,2021-07,0.005101476016037532
459290606780222306,2021-08,0.003314401494351883
459290606780222306,2021-08,0.003212788507937262
459290606780222306,2021-08,0.0034643804608622967
459290606780222306,2021-08,0.007732974342956137
459290606780222306,2021-08,0.004452321518742753
459290606780222306,2021-08,0.004444634310091741
459290606780222306,2021-08,0.004457991550369596
459290606780222306,2021-08,0.0021916360941323845
459290606780222306,2021-08,0.002651687533713267
459290606780222306,2021-08,0.0027031513911443365
6061850657256270336,2021-07,0.06801285362146707
6061850657256270336,2021-07,0.10390701211200441
6061850657256270336,2021-07,0.1078749250929963
5714540197488862003,2021-07,0.17261485661235731
5714540197488862003,2021-08,0.7727103269919905
5714540197488862003,2021-08,0.14332847601842708
4679462479444735708,2021-07,0.0024813952156725427
4679462479444735708,2021-07,0.002623054251750246
4679462479444735708,2021-07,0.002928587504889882
4679462479444735708,2021-07,0.002836842758938466
4679462479444735708,2021-07,0.004847853933322993
4679462479444735708,2021-07,0.00950418568428521
4679462479444735708,2021-08,0.03649902637951577
4679462479444735708,2021-08,0.005211490270254451
4679462479444735708,2021-08,0.004909213610421368
4679462479444735708,2021-08,0.0041108928005776915
4679462479444735708,2021-08,0.002853079849763074
4679462479444735708,2021-08,0.003943718434274176
4723919748432185874,2021-07,0.002228671905026932
4723919748432185874,2021-07,0.0035054428021061824
4723919748432185874,2021-07,0.008376193443574285
4723919748432185874,2021-08,0.003379713218293418
4723919748432185874,2021-08,0.0035414282404292274
4018182555897034052,2021-07,0.0022108107303488024
4018182555897034052,2021-07,0.00621867986169774
4018182555897034052,2021-08,0.008179437118124909
4018182555897034052,2021-08,0.008026661924406191
4018182555897034052,2021-08,0.00907799490094539
4018182555897034052,2021-08,0.004984722013789236
4018182555897034052,2021-08,0.005331084248778613
4018182555897034052,2021-08,0.005857230438728033
4850936440093751199,2021-07,0.0031453608802272993
4850936440093751199,2021-08,0.007670337961425887
4850936440093751199,2021-08,0.003986641108158327
5897410907783139228,2021-07,0.002983706529546718
5897410907783139228,2021-08,0.0075223440452162555
5897410907783139228,2021-08,0.0073770332786441545
5761480994209806499,2021-07,0.0012057000670545929
5761480994209806499,2021-07,0.0017393025936290874
5761480994209806499,2021-07,0.0009659753749780161
5761480994209806499,2021-07,0.001238053861934151
5761480994209806499,2021-07,0.001436048891490548
5761480994209806499,2021-07,0.001670415639627295
5761480994209806499,2021-07,0.0018234330946584145
5761480994209806499,2021-07,0.001807662383128623
5761480994209806499,2021-07,0.001757153713728217
5761480994209806499,2021-07,0.0017444531864719318
5761480994209806499,2021-07,0.0017582341538953132
5761480994209806499,2021-08,0.0016040021615320393
5761480994209806499,2021-08,0.0016509631044898678
5761480994209806499,2021-08,0.0016778680992232994
5761480994209806499,2021-08,0.0016165411878637029
5761480994209806499,2021-08,0.002356417396794381
5761480994209806499,2021-08,0.0019238009910247378
5761480994209806499,2021-08,0.0021908695545284395
5761480994209806499,2021-08,0.0020204276432018568
5761480994209806499,2021-08,0.0012673624224286222
5761480994209806499,2021-08,0.001329275555948342
5761480994209806499,2021-08,0.0014298466977427419
5761480994209806499,2021-08,0.0014298466977427419
5761480994209806499,2021-08,0.0011672128298659509
5761480994209806499,2021-08,0.0014716417259678703
5761480994209806499,2021-08,0.0012021633166952976
5761480994209806499,2021-08,0.001327343552876606
5761480994209806499,2021-08,0.0009095643999995296
5761480994209806499,2021-08,0.0007959669169239876
5761480994209806499,2021-08,0.0008192901372343738
5893903674205161232,2021-07,0.0022705626740945595
5893903674205161232,2021-08,0.004549505083500318
1182975716201409626,2021-07,0.005863168295524251
1182975716201409626,2021-07,0.006341631936331892
1182975716201409626,2021-08,0.008567722563988456
1182975716201409626,2021-08,0.008819636063240073
1182975716201409626,2021-08,0.008198922005430044
1182975716201409626,2021-08,0.007604963775391962
1182975716201409626,2021-08,0.007229853712356721
819552547620904652,2021-07,0.13080892493329457
819552547620904652,2021-07,0.12810635014399507
819552547620904652,2021-07,0.12566850532774293
819552547620904652,2021-07,0.11524333909652269
819552547620904652,2021-08,0.12350912942571651
1366416810235233769,2021-07,0.003770449599843219
1366416810235233769,2021-07,0.003907449777052908
1366416810235233769,2021-08,0.0028549896780376304
1661240395903230676,2021-07,0.0275341793725812
1661240395903230676,2021-07,0.02776025310442018
1661240395903230676,2021-07,0.03392741730548369
1661240395903230676,2021-07,0.030743162105793295
8041261093764417881,2021-07,0.0055616648975683755
8041261093764417881,2021-07,0.007937581965582816
8041261093764417881,2021-07,0.009141571178787465
8041261093764417881,2021-08,0.008144626012961228
8041261093764417881,2021-08,0.0072468134281683935
8041261093764417881,2021-08,0.006338792452497342
8041261093764417881,2021-08,0.004840558012724516
761746217261797478,2021-07,0.003021059449124994
761746217261797478,2021-07,0.0025671224753561835
761746217261797478,2021-07,0.00449224085720173
761746217261797478,2021-08,0.0065489492391854
761746217261797478,2021-08,0.04545049642208119
761746217261797478,2021-08,0.008153336519050461
7120090169052575663,2021-07,0.003288497653890916
7120090169052575663,2021-07,0.003915342403569865
7120090169052575663,2021-08,0.007433130615451515
7120090169052575663,2021-08,0.004637426595135456
5735794880899687600,2021-07,0.011769664334277155
5735794880899687600,2021-08,0.007010175101993161
5757271354816214865,2021-07,0.8406348848110594
5757271354816214865,2021-07,0.837711369690339
5757271354816214865,2021-07,0.8572408951584232
5757271354816214865,2021-07,0.8584557954676673
5757271354816214865,2021-07,0.8648500632392453
5757271354816214865,2021-07,0.8779239822920293
5757271354816214865,2021-07,0.9171636863621623
5757271354816214865,2021-07,0.852444743639763
5757271354816214865,2021-07,0.852444743639763
5757271354816214865,2021-07,0.873647282544112
5757271354816214865,2021-07,0.8616683309409469
5757271354816214865,2021-07,0.8616683309409469
5757271354816214865,2021-08,0.7901312326002823
5757271354816214865,2021-08,0.8283495578155586
5757271354816214865,2021-08,0.9276970931048091
5757271354816214865,2021-08,0.8045521332942308
5757271354816214865,2021-08,0.7994731638836341
5757271354816214865,2021-08,0.759220624210765
5757271354816214865,2021-08,0.7901312326002823
5757271354816214865,2021-08,0.779822918711847
5757271354816214865,2021-08,0.6928901694765142
5757271354816214865,2021-08,0.7821933634245106
5757271354816214865,2021-08,0.5991636529787885
5757271354816214865,2021-08,0.6448313906301516
5757271354816214865,2021-08,0.6495465725421966
5757271354816214865,2021-08,0.812935471621763
5757271354816214865,2021-08,0.6551015954244372
5757271354816214865,2021-08,0.6568131470614963
5757271354816214865,2021-08,0.7840433885170625
2808145376905474927,2021-07,0.1167765341038009
2808145376905474927,2021-07,0.1167765341038009
2808145376905474927,2021-07,0.11865180162781043
2808145376905474927,2021-08,0.08997754435963769
3279417303675586812,2021-07,0.09206717051477219
3279417303675586812,2021-07,0.21226772104829722
5481711897502154955,2021-07,0.012998803626535018
5481711897502154955,2021-07,0.01481118924035655
5481711897502154955,2021-08,0.01563930046009046
5481711897502154955,2021-08,0.01621855413177667
5481711897502154955,2021-08,0.01621855413177667
2083323809219952960,2021-07,0.00478926978722881
2083323809219952960,2021-07,0.009774198137703348
2083323809219952960,2021-07,0.009906964658216472
2083323809219952960,2021-07,0.004765936492348953
2083323809219952960,2021-07,0.0052651464786096615
2083323809219952960,2021-08,0.005183156637815841
2083323809219952960,2021-08,0.012067952195856303
2083323809219952960,2021-08,0.010290277642606824
2083323809219952960,2021-08,0.004467938506691504
2083323809219952960,2021-08,0.004754600841359671
8596605705893456305,2021-07,0.7183700998357543
8596605705893456305,2021-07,0.3687508591458823
8596605705893456305,2021-08,0.5617892677055538
2451708306555441014,2021-07,0.006910110554378835
2451708306555441014,2021-07,0.00769228917182146
2451708306555441014,2021-07,0.0069685895172223134
2451708306555441014,2021-08,0.00821071907124058
4342146186255136598,2021-07,0.006124292543127601
4342146186255136598,2021-07,0.00611775037157104
4342146186255136598,2021-08,0.005354054953636348
4342146186255136598,2021-08,0.005253772592505876
4342146186255136598,2021-08,0.017186802539150024
4342146186255136598,2021-08,0.005615489930294949
4342146186255136598,2021-08,0.006520683662201866
4342146186255136598,2021-08,0.005200298991418302
4342146186255136598,2021-08,0.005800325852629357
4342146186255136598,2021-08,0.004656335502604526
4342146186255136598,2021-08,0.003979910527582272
4342146186255136598,2021-08,0.003985838763965008
7779268298304613772,2021-07,0.004980869878315857
7779268298304613772,2021-07,0.007168994098498565
7779268298304613772,2021-08,0.040892796667882536
7779268298304613772,2021-08,0.00858258643592929
7779268298304613772,2021-08,0.005481684460830199
7779268298304613772,2021-08,0.004548992375013841
7779268298304613772,2021-08,0.00661027578701833
7779268298304613772,2021-08,0.006475630024447528
7779268298304613772,2021-08,0.007582829633896176
7779268298304613772,2021-08,0.004532039161626219
3480297543931395935,2021-07,0.1595121113251079
3480297543931395935,2021-08,0.7335007995006066
8185063234515056194,2021-07,0.002194693294739316
8185063234515056194,2021-07,0.003785453622087377
8185063234515056194,2021-07,0.0035684612938027523
8185063234515056194,2021-08,0.004912534199406101
8185063234515056194,2021-08,0.005873680452039446
8185063234515056194,2021-08,0.005614169600069796
8939476669690489534,2021-07,0.01838139139372885
8939476669690489534,2021-07,0.015723992082295198
8939476669690489534,2021-07,0.015723992082295198
8939476669690489534,2021-08,0.02128698835957839
4831939798545673038,2021-07,0.048917960485432545
4831939798545673038,2021-07,0.031014894993617505
4831939798545673038,2021-08,0.029944438575802507
3822753345985951756,2021-07,0.005444970987409306
3822753345985951756,2021-07,0.005459952807868632
3822753345985951756,2021-08,0.013910903849401125
3822753345985951756,2021-08,0.007758419629705102
5794903898038236832,2021-07,0.020333286726007323
5794903898038236832,2021-07,0.020333286726007323
5794903898038236832,2021-07,0.020333286726007323
5794903898038236832,2021-07,0.020333286726007323
5794903898038236832,2021-08,0.020366671866172654
5794903898038236832,2021-08,0.020366671866172654
5794903898038236832,2021-08,0.08340863315645189
5409960473983330744,2021-07,0.017062408899551334
5409960473983330744,2021-08,0.020663089876727176
5611787644735474299,2021-07,0.001273630355941815
5611787644735474299,2021-07,0.001384554891301044
5611787644735474299,2021-07,0.0023408366337115444
5611787644735474299,2021-07,0.0022651933841748976
5611787644735474299,2021-07,0.0020320733242466444
5611787644735474299,2021-07,0.0054050520295886315
5611787644735474299,2021-07,0.0054050520295886315
5611787644735474299,2021-07,0.005817134159444563
5611787644735474299,2021-07,0.0054050520295886315
5611787644735474299,2021-07,0.0054050520295886315
5611787644735474299,2021-08,0.007169955162080599
5611787644735474299,2021-08,0.0025114274558886793
5611787644735474299,2021-08,0.0014756405727310007
5611787644735474299,2021-08,0.002562678672410318
5611787644735474299,2021-08,0.004597788224875454
5611787644735474299,2021-08,0.0029393579355926893
5611787644735474299,2021-08,0.0012947833797667015
4045739494965095560,2021-07,0.002998852901999758
4045739494965095560,2021-07,0.0035280359275860393
4045739494965095560,2021-07,0.0035132571452373704
4045739494965095560,2021-07,0.0035188687768673743
4045739494965095560,2021-07,0.0037796349650433395
4045739494965095560,2021-07,0.05064862012026666
4045739494965095560,2021-07,0.12053772825025645
4045739494965095560,2021-07,0.005841881123166626
4045739494965095560,2021-08,0.005005436565272459
4045739494965095560,2021-08,0.004984251087948346
4045739494965095560,2021-08,0.005421707351755239
4045739494965095560,2021-08,0.004808504451383571
4045739494965095560,2021-08,0.003334328270030599
4045739494965095560,2021-08,0.0031412500444490954
4045739494965095560,2021-08,0.003310246087546891
4045739494965095560,2021-08,0.0031923639079002118
4045739494965095560,2021-08,0.0043574045713625
4045739494965095560,2021-08,0.0025113674642939787
4045739494965095560,2021-08,0.002488754058502744
7628167057144760589,2021-07,0.020430935999119295
7628167057144760589,2021-07,0.022514045471126582
7628167057144760589,2021-07,0.02065732366630898
7628167057144760589,2021-08,0.02871077535661715
6030285068945261052,2021-07,0.004387181294074573
6030285068945261052,2021-08,0.005637404209917476
6030285068945261052,2021-08,0.008061818022793984
6030285068945261052,2021-08,0.005137257781626874
8828303152301461681,2021-07,0.009197657039166163
8828303152301461681,2021-07,0.009268018765082375
8828303152301461681,2021-08,0.023078111870474344
2929243640075785940,2021-07,0.002992584515187422
2929243640075785940,2021-07,0.0031860858881286327
2929243640075785940,2021-07,0.0047235526791423715
2929243640075785940,2021-07,0.006171311310634114
2929243640075785940,2021-08,0.005604932438798426
3248432590399829766,2021-07,0.0023265355528499653
3248432590399829766,2021-07,0.003233332058587642
3248432590399829766,2021-07,0.003737739932114946
3248432590399829766,2021-08,0.003701627971831411
7613717984547031729,2021-07,0.003741748381501936
7613717984547031729,2021-08,0.0065787545165191695
7613717984547031729,2021-08,0.0051958144989090365
7613717984547031729,2021-08,0.004094957926621378
7613717984547031729,2021-08,0.004094957926621378
7613717984547031729,2021-08,0.003167746585933631
8570963260597299378,2021-07,0.003126612729706626
8570963260597299378,2021-07,0.0029702803497015083
8570963260597299378,2021-07,0.004675039887519348
8570963260597299378,2021-07,0.005301328633874407
8570963260597299378,2021-08,0.00842149507392493
1953058402621337677,2021-07,0.003956850275678324
1953058402621337677,2021-07,0.003940877889637438
1953058402621337677,2021-07,0.0035966657492760025
1953058402621337677,2021-07,0.009109395723064075
1953058402621337677,2021-07,0.014993190856548952
1953058402621337677,2021-08,0.014376149429373148
1953058402621337677,2021-08,0.011655100081263312
1953058402621337677,2021-08,0.010488708841366547
1953058402621337677,2021-08,0.003916173195735513
8911073840712901131,2021-07,0.008455133227251365
9156666134024889730,2021-07,0.009281091533200957
1033361676287635885,2021-07,0.04297946227526369
1033361676287635885,2021-07,0.030151019186475156
1033361676287635885,2021-07,0.02653084527557941
2397171153213063761,2021-07,0.003714915176319738
2397171153213063761,2021-07,0.0029061573362336667
2397171153213063761,2021-07,0.0038360190791568143
2397171153213063761,2021-08,0.007277473501881807
2397171153213063761,2021-08,0.006842674825179929
2397171153213063761,2021-08,0.0067290555722564795
2397171153213063761,2021-08,0.007249217204542013
2397171153213063761,2021-08,0.005255251635924876
2397171153213063761,2021-08,0.007793627285765051
2397171153213063761,2021-08,0.003027985684286877
2397171153213063761,2021-08,0.003300278129372179
3156852928909455203,2021-07,0.010011677960168682
3156852928909455203,2021-07,0.010669622335447338
3156852928909455203,2021-08,0.013276796415830164
3156852928909455203,2021-08,0.013129441874209096
3156852928909455203,2021-08,0.011981160552128453
1507697130807703164,2021-07,0.0011885281594325875
1507697130807703164,2021-08,0.0023338224221588085
1507697130807703164,2021-08,0.0012277384789004962
5799279645678609726,2021-07,0.12115922430329533
8512214463586144353,2021-07,0.003105243019827189
8512214463586144353,2021-08,0.009699136118088017
8213533889694327948,2021-07,0.0036818799179851908
8213533889694327948,2021-07,0.0038761573842323533
8213533889694327948,2021-07,0.0038761573842323533
8213533889694327948,2021-07,0.007772105882854659
8213533889694327948,2021-07,0.007710893955767007
8213533889694327948,2021-07,0.0071296615036084586
8213533889694327948,2021-08,0.03273311234231028
8213533889694327948,2021-08,0.008313540416179401
8213533889694327948,2021-08,0.003963965530923281
2535803443850893368,2021-07,0.06398505378092968
2535803443850893368,2021-08,0.022458586413285804
7770458886439606839,2021-07,0.017589155658074798
7770458886439606839,2021-08,0.01595817444971301
1156053485989336481,2021-07,0.047914848089964254
1156053485989336481,2021-07,0.0509386204503696
1156053485989336481,2021-07,0.05232792491776067
1156053485989336481,2021-08,0.03906289227815167
1156053485989336481,2021-08,0.033088185293602815
1156053485989336481,2021-08,0.041733229841443
1156053485989336481,2021-08,0.04156586046566802
1156053485989336481,2021-08,0.0594925887081167
1156053485989336481,2021-08,0.04085083610214069
1156053485989336481,2021-08,0.04085083610214069
1156053485989336481,2021-08,0.041657689367928505
1156053485989336481,2021-08,0.042150194440600836
1156053485989336481,2021-08,0.03976499592109731
1156053485989336481,2021-08,0.04085083610214069
1156053485989336481,2021-08,0.038993309986232134
1156053485989336481,2021-08,0.038993309986232134
1156053485989336481,2021-08,0.042150194440600836
1156053485989336481,2021-08,0.03835873106359059
1156053485989336481,2021-08,0.035093216281493866
1156053485989336481,2021-08,0.03761326635000326
7215093571368368138,2021-07,0.10974472658742136
7215093571368368138,2021-07,0.11677354372911658
7215093571368368138,2021-07,0.10019213963573143
7215093571368368138,2021-07,0.13513971653802326
7215093571368368138,2021-07,0.11549454081125295
7215093571368368138,2021-07,0.11549454081125295
7215093571368368138,2021-07,0.0930330820783457
7215093571368368138,2021-08,0.11970255374014606
7215093571368368138,2021-08,0.12620679418703082
7215093571368368138,2021-08,0.1227826022895684
1711114950158155307,2021-07,0.006554953270245284
6242636379248496392,2021-07,0.006666316199417037
6242636379248496392,2021-07,0.005910792894583159
6242636379248496392,2021-07,0.006326516235539576
6242636379248496392,2021-08,0.007510906297799765
6242636379248496392,2021-08,0.004519140974460855
6242636379248496392,2021-08,0.004177711265956699
274692171162531764,2021-07,0.019260498825220195
274692171162531764,2021-07,0.013988577386004926
274692171162531764,2021-07,0.01326607039731304
274692171162531764,2021-07,0.01584461423880271
274692171162531764,2021-07,0.01567830147910127
274692171162531764,2021-08,0.013492191262688233
274692171162531764,2021-08,0.012606469897050146
274692171162531764,2021-08,0.011954482976204413
274692171162531764,2021-08,0.010410948093247146
274692171162531764,2021-08,0.011703889341735423
3228830386980584958,2021-07,0.005224596777690331
3228830386980584958,2021-07,0.008767440751751867
3228830386980584958,2021-08,0.009097190784677873
3228830386980584958,2021-08,0.002420567687873017
1454789421854453615,2021-07,0.027770544063921983
1454789421854453615,2021-07,0.029623298599891927
1454789421854453615,2021-07,0.015462174924485617
1454789421854453615,2021-07,0.028781713975258506
1454789421854453615,2021-07,0.028168405980034096
1454789421854453615,2021-07,0.026570398442292947
1454789421854453615,2021-08,0.03412204616220454
1454789421854453615,2021-08,0.03412204616220454
1454789421854453615,2021-08,0.018842464690523354
1454789421854453615,2021-08,0.0305214345088825
6545052034269841737,2021-07,0.0025115746449970804
6545052034269841737,2021-07,0.0036728634032667414
6545052034269841737,2021-07,0.008498833034152723
6545052034269841737,2021-07,0.010846168125184252
6545052034269841737,2021-08,0.0051685798890936645
6545052034269841737,2021-08,0.006477390963718977
6545052034269841737,2021-08,0.003587738181234787
6545052034269841737,2021-08,0.002589774518011304
6545052034269841737,2021-08,0.002975552767434175
7457803471605010846,2021-07,0.003062630845788581
7457803471605010846,2021-07,0.0038889933590783156
7457803471605010846,2021-07,0.006259143149932569
7457803471605010846,2021-08,0.005330392532557371
7457803471605010846,2021-08,0.004076689903244417
7457803471605010846,2021-08,0.00818176930974811
8716163053080758848,2021-07,0.0038035203146006787
8716163053080758848,2021-07,0.0042663497126062214
8716163053080758848,2021-07,0.006425437160323478
8716163053080758848,2021-07,0.007217161462078479
8716163053080758848,2021-07,0.005723497973226386
8716163053080758848,2021-07,0.006779404723973121
8716163053080758848,2021-08,0.006655976473041586
8716163053080758848,2021-08,0.006445172824010706
8716163053080758848,2021-08,0.005746143542855922
8716163053080758848,2021-08,0.004343666003448329
8716163053080758848,2021-08,0.004560361876908469
8716163053080758848,2021-08,0.006251975118002867
8716163053080758848,2021-08,0.0038085970765794354
8107542605807471599,2021-07,0.782716943023942
8107542605807471599,2021-07,0.7722561650868739
8107542605807471599,2021-08,0.7842366533858579
5176940320835464459,2021-07,0.004020948920763655
5176940320835464459,2021-07,0.004957615508836371
5176940320835464459,2021-07,0.007282332268719517
5176940320835464459,2021-07,0.007110088003720443
5176940320835464459,2021-07,0.004957615508836371
5176940320835464459,2021-07,0.010001908465788169
5176940320835464459,2021-07,0.016284566541765293
5176940320835464459,2021-07,0.02021835792459086
5176940320835464459,2021-07,0.019350478925147286
5176940320835464459,2021-08,0.005624882906581845
5176940320835464459,2021-08,0.008514675575004772
5176940320835464459,2021-08,0.006958197933425596
5176940320835464459,2021-08,0.0054942157475196705
5176940320835464459,2021-08,0.004100628526017055
5176940320835464459,2021-08,0.004743568262131983
5303720405946805990,2021-07,0.004905183869917475
5303720405946805990,2021-07,0.007080108108229511
5303720405946805990,2021-08,0.0074480068754480735
2347028805684088098,2021-07,0.009195549388547759
2347028805684088098,2021-07,0.002691197138755055
2347028805684088098,2021-07,0.006555228259429119
2347028805684088098,2021-08,0.005126104829176808
2347028805684088098,2021-08,0.004821913648530687
2347028805684088098,2021-08,0.005155832059601369
2347028805684088098,2021-08,0.004795043421737319
2347028805684088098,2021-08,0.0030558694285229915
3118152790263512426,2021-07,0.0023762314483461713
3118152790263512426,2021-07,0.0027429928824802535
3118152790263512426,2021-07,0.00437033198806066
3118152790263512426,2021-07,0.004843281541249995
3118152790263512426,2021-08,0.004760682013412375
968400235888951633,2021-07,0.010275547696730388
968400235888951633,2021-08,0.00477145848385036
968400235888951633,2021-08,0.005577853483234175
3888528635045328222,2021-07,0.06325184325409319
3888528635045328222,2021-07,0.06069792531328553
3888528635045328222,2021-07,0.060937433944137
3888528635045328222,2021-07,0.06522598850758517
3888528635045328222,2021-07,0.06283987979686306
3888528635045328222,2021-08,0.06110329392082914
3888528635045328222,2021-08,0.4189088159956769
6118873739225005756,2021-07,0.0022259802879404586
6118873739225005756,2021-08,0.004142908359714986
3931892303497206092,2021-07,0.016144567991804058
3931892303497206092,2021-08,0.022404088256655453
3931892303497206092,2021-08,0.02256518490698313
3931892303497206092,2021-08,0.01902498539704607
3931892303497206092,2021-08,0.015971687158979942
3931892303497206092,2021-08,0.015971687158979942
8529899700094903171,2021-07,0.00444218925413607
8529899700094903171,2021-07,0.005209130137320756
8529899700094903171,2021-07,0.0051317655691236206
8529899700094903171,2021-07,0.0051317655691236206
8529899700094903171,2021-07,0.0050346517973032315
8529899700094903171,2021-07,0.005023813905219985
8529899700094903171,2021-07,0.0056015254695101525
8529899700094903171,2021-07,0.004726316515319067
8529899700094903171,2021-07,0.00481751158216718
8529899700094903171,2021-07,0.00481751158216718
8529899700094903171,2021-07,0.00481751158216718
8529899700094903171,2021-07,0.004726316515319067
8529899700094903171,2021-07,0.004999444464179807
8529899700094903171,2021-07,0.004767901635649877
8529899700094903171,2021-08,0.0038106465719939878
8529899700094903171,2021-08,0.0037729183912948772
8529899700094903171,2021-08,0.004141184907268186
8529899700094903171,2021-08,0.0037322256150734956
8529899700094903171,2021-08,0.004234038460331005
8529899700094903171,2021-08,0.004131652214099327
8529899700094903171,2021-08,0.003618817077722863
8529899700094903171,2021-08,0.004201770121622082
8529899700094903171,2021-08,0.0034625114445212993
8529899700094903171,2021-08,0.003493015834887129
8529899700094903171,2021-08,0.0034625114445212993
8529899700094903171,2021-08,0.0034625114445212993
8529899700094903171,2021-08,0.0031515384489827413
8529899700094903171,2021-08,0.0033849953430881603
8529899700094903171,2021-08,0.0033849953430881603
8529899700094903171,2021-08,0.0034148191642249864
8529899700094903171,2021-08,0.0033849953430881603
5786895437851445408,2021-07,0.013177097906799976
5786895437851445408,2021-08,0.01933155557135093
5786895437851445408,2021-08,0.016025319080201446
1616952665234409442,2021-07,0.03819885583159945
1616952665234409442,2021-07,0.03075608510585442
1616952665234409442,2021-07,0.031748483190130274
1616952665234409442,2021-08,0.10641923362450419
1616952665234409442,2021-08,0.019756911043252348
1616952665234409442,2021-08,0.02244199899925042
8173830874846355280,2021-07,0.006508898431147723
8173830874846355280,2021-07,0.006267067465963196
8173830874846355280,2021-07,0.007692847516907006
8173830874846355280,2021-07,0.008273385253805757
8173830874846355280,2021-07,0.008303781281201243
8173830874846355280,2021-07,0.009071035091373855
8173830874846355280,2021-07,0.009185145782803422
8173830874846355280,2021-07,0.008981694798352672
8173830874846355280,2021-07,0.008981694798352672
8173830874846355280,2021-07,0.009653079691645213
8173830874846355280,2021-07,0.009411667613105575
8173830874846355280,2021-07,0.009011189318238072
8173830874846355280,2021-07,0.009176466195323385
8173830874846355280,2021-07,0.008693823583961403
8173830874846355280,2021-08,0.007928767027335531
8173830874846355280,2021-08,0.006400012715117595
8173830874846355280,2021-08,0.006345234896614164
8173830874846355280,2021-08,0.006725218981179322
8173830874846355280,2021-08,0.006815040528305968
8173830874846355280,2021-08,0.016482490842502952
8173830874846355280,2021-08,0.00460746018405371
8173830874846355280,2021-08,0.005065822361051949
8173830874846355280,2021-08,0.005226909307128413
8173830874846355280,2021-08,0.005175231937138423
8173830874846355280,2021-08,0.005070021891414546
7236776406341522879,2021-07,0.005412592997486057
3382624494518753363,2021-07,0.34043506165818593
3382624494518753363,2021-07,0.3138496591391726
3382624494518753363,2021-07,0.37678743395368214
3382624494518753363,2021-07,0.40927621107147566
3382624494518753363,2021-08,0.408847139932295
3382624494518753363,2021-08,0.2822939638632721
3382624494518753363,2021-08,0.7795618585931832
1003144834589372198,2021-07,0.003768610106495727
1003144834589372198,2021-07,0.0046253284352322935
1003144834589372198,2021-07,0.003779605877260892
1003144834589372198,2021-08,0.006278475485109978
1003144834589372198,2021-08,0.006477978925810839
1003144834589372198,2021-08,0.004045786663795465
1003144834589372198,2021-08,0.004405643792917083
1003144834589372198,2021-08,0.004699346328378819
4043546053926060305,2021-07,0.30570701998440114
4043546053926060305,2021-07,0.2656426867200809
4043546053926060305,2021-08,0.5031359077271295
4043546053926060305,2021-08,0.32094195155364214
4043546053926060305,2021-08,0.3172418751088439
4043546053926060305,2021-08,0.31077517350777023
4043546053926060305,2021-08,0.2956025947186531
4043546053926060305,2021-08,0.31077517350777023
4043546053926060305,2021-08,0.2956025947186531
4043546053926060305,2021-08,0.300131009528701
4043546053926060305,2021-08,0.2819244869203174
4043546053926060305,2021-08,0.2792222005632448
2335982750277990437,2021-07,0.06870813406839776
2335982750277990437,2021-07,0.06454917999767622
2335982750277990437,2021-07,0.046845332303848526
2335982750277990437,2021-08,0.033503626511271804
7485107528960607346,2021-07,0.020979558394115878
7485107528960607346,2021-07,0.023208050876033396
7485107528960607346,2021-07,0.02639963660158352
7485107528960607346,2021-08,0.03475865441178328
465309249432033993,2021-07,0.010023957109568164
465309249432033993,2021-08,0.006848559429938459
465309249432033993,2021-08,0.006848559429938459
4995679129936981612,2021-07,0.25662628141124044
4995679129936981612,2021-07,0.12302044651411184
4995679129936981612,2021-07,0.13797651247784345
4995679129936981612,2021-08,0.11173220748732049
3137879241768961145,2021-07,0.0028877877300517796
3137879241768961145,2021-07,0.0029936810849559388
3137879241768961145,2021-07,0.005315748088569261
3137879241768961145,2021-08,0.0056341651634273186
3137879241768961145,2021-08,0.007201704886389379
3137879241768961145,2021-08,0.008777843922570423
8090492548102964782,2021-07,0.052015133581205276
5055200744384119654,2021-07,0.016495299926964004
660382477567765256,2021-07,0.008846247914797397
660382477567765256,2021-07,0.013331535628316364
660382477567765256,2021-07,0.009921953984758553
660382477567765256,2021-08,0.025779591743045695
660382477567765256,2021-08,0.018038463297840836
4166581859919473627,2021-07,0.004084705975419039
4166581859919473627,2021-07,0.004177874308821202
4166581859919473627,2021-07,0.005709648050106593
864510931144626280,2021-07,0.010452009673135344
864510931144626280,2021-08,0.1794715273301251
864510931144626280,2021-08,0.007048328195675549
4235078665660987689,2021-07,0.03424211077100341
4235078665660987689,2021-07,0.03802779934896608
187117706370645370,2021-07,0.06952172442421416
187117706370645370,2021-07,0.06661160300728759
187117706370645370,2021-08,0.06267101897103859
7930925883736021864,2021-07,0.0028705365396345596
7930925883736021864,2021-07,0.0037636449398968474
7930925883736021864,2021-07,0.003077303336240211
7930925883736021864,2021-07,0.0030838322343422022
7930925883736021864,2021-07,0.005133252789030324
7930925883736021864,2021-07,0.007047173989394121
7930925883736021864,2021-07,0.006461017417352436
7930925883736021864,2021-08,0.007549191801038524
7930925883736021864,2021-08,0.006952170448785641
7930925883736021864,2021-08,0.005508940207103431
7930925883736021864,2021-08,0.04276951828979139
7930925883736021864,2021-08,0.006433596548093684
7930925883736021864,2021-08,0.006381699490929254
7930925883736021864,2021-08,0.006778188764534937
7930925883736021864,2021-08,0.00520151642135759
7930925883736021864,2021-08,0.00629983417383948
7930925883736021864,2021-08,0.005153120981991508
7930925883736021864,2021-08,0.0074738034315686135
8004521604421988528,2021-07,0.03771531765864456
8004521604421988528,2021-07,0.03786779500123929
8004521604421988528,2021-07,0.04425308767758797
8004521604421988528,2021-07,0.044655092127076544
8004521604421988528,2021-07,0.04447654861872094
8004521604421988528,2021-08,0.04305343368967163
1276604410881911401,2021-07,0.016956599213234308
1276604410881911401,2021-07,0.015201732345066008
1276604410881911401,2021-07,0.016956599213234308
1276604410881911401,2021-07,0.02977063277553801
1276604410881911401,2021-07,0.03130437801795277
1276604410881911401,2021-08,0.023539016814464964
1276604410881911401,2021-08,0.02141353325564361
1276604410881911401,2021-08,0.023539016814464964
1276604410881911401,2021-08,0.020646127357156027
1276604410881911401,2021-08,0.020646127357156027
1276604410881911401,2021-08,0.021528516316352154
1276604410881911401,2021-08,0.021528516316352154
1276604410881911401,2021-08,0.019208196045517958
1276604410881911401,2021-08,0.021528516316352154
1958660709350677213,2021-07,0.04008511028035199
1958660709350677213,2021-08,0.050206866467763595
1958660709350677213,2021-08,0.03206976674883406
9052787288251876909,2021-07,0.00260752040787013
1002362614649347438,2021-07,0.030174184664880824
1002362614649347438,2021-07,0.027919901843550393
1002362614649347438,2021-08,0.033329090876106235
1002362614649347438,2021-08,0.027313116731381166
3093415403379897112,2021-07,0.00742609934038495
3536431875244944563,2021-07,0.051518239579946876
3536431875244944563,2021-08,0.03912225479230136
2493688222671282470,2021-07,0.008709389643999883
2493688222671282470,2021-08,0.006815454655940611
5263285038415073073,2021-07,0.30424042648753047
5263285038415073073,2021-07,0.1459703584341451
5263285038415073073,2021-07,0.15855466114906594
7436628409157313756,2021-07,0.009786399316027521
7436628409157313756,2021-07,0.01837592412213382
7436628409157313756,2021-08,0.01804366912279596
7436628409157313756,2021-08,0.01943390149423429
7436628409157313756,2021-08,0.015908561054600943
4071158585850879204,2021-07,0.020424949753338265
2634859679238614382,2021-07,0.002456509618056184
2634859679238614382,2021-07,0.004139135202825511
2634859679238614382,2021-07,0.003895218013346269
2634859679238614382,2021-08,0.023533404947237907
2634859679238614382,2021-08,0.00439217475464073
2634859679238614382,2021-08,0.004143831301416833
2634859679238614382,2021-08,0.0030762216969695243
2634859679238614382,2021-08,0.0038957444144425073
8505870778358741102,2021-07,0.010413987399220705
8505870778358741102,2021-07,0.011663679189267263
8505870778358741102,2021-08,0.01169463561234924
3997247264680905799,2021-07,0.0029838591363552346
3997247264680905799,2021-07,0.0030011560022640683
3997247264680905799,2021-08,0.00562907358374312
3997247264680905799,2021-08,0.004252291279461363
510795635145114083,2021-07,0.004417064245871373
510795635145114083,2021-07,0.004758207244460974
510795635145114083,2021-08,0.010347276427726024
510795635145114083,2021-08,0.011358537011425546
510795635145114083,2021-08,0.006147431081315052
510795635145114083,2021-08,0.006227466603547878
6546850858912852316,2021-07,0.3439205664818974
6546850858912852316,2021-07,0.13730701126030906
6546850858912852316,2021-07,0.15020329028220994
2768068015169423097,2021-07,0.022194312841153422
2768068015169423097,2021-07,0.020905639960028154
2768068015169423097,2021-08,0.013427796246104096
7949169060790541229,2021-07,0.00208759803251493
7949169060790541229,2021-07,0.0061066432422677225
7949169060790541229,2021-08,0.0044637310725416995
7949169060790541229,2021-08,0.0025691272299453224
6964108750473070287,2021-07,0.004453150668547302
6964108750473070287,2021-07,0.004443303939715587
6964108750473070287,2021-07,0.00709158541138448
6964108750473070287,2021-07,0.004443303939715587
6964108750473070287,2021-07,0.007460534272536732
6964108750473070287,2021-07,0.007320619732584783
6964108750473070287,2021-07,0.013159719434384225
6964108750473070287,2021-07,0.010619197735285186
6964108750473070287,2021-07,0.0073851604415481695
6964108750473070287,2021-07,0.005451537117114046
6964108750473070287,2021-07,0.004779357292645246
6964108750473070287,2021-07,0.005268818214216935
6964108750473070287,2021-07,0.007243259970711314
6964108750473070287,2021-07,0.005268818214216935
6964108750473070287,2021-08,0.003845749115812147
6964108750473070287,2021-08,0.0038121761017308737
6964108750473070287,2021-08,0.0048219641749572524
6964108750473070287,2021-08,0.004749032940892827
6964108750473070287,2021-08,0.005983800691248141
6964108750473070287,2021-08,0.004063370359645361
6964108750473070287,2021-08,0.0037286507521792096
6964108750473070287,2021-08,0.004063370359645361
6964108750473070287,2021-08,0.0037286507521792096
6964108750473070287,2021-08,0.003761490953994445
6964108750473070287,2021-08,0.004395409366375212
6964108750473070287,2021-08,0.004129215440823332
6964108750473070287,2021-08,0.004120256153032682
6964108750473070287,2021-08,0.01646121033260587
6964108750473070287,2021-08,0.003924505828831471
6964108750473070287,2021-08,0.003214324825704516
6964108750473070287,2021-08,0.003214324825704516
6964108750473070287,2021-08,0.0037554799494855734
6964108750473070287,2021-08,0.003214324825704516
6964108750473070287,2021-08,0.0026429475791288574
6964108750473070287,2021-08,0.0033294120318178083
6964108750473070287,2021-08,0.0026429475791288574
6964108750473070287,2021-08,0.0026662510092056797
6964108750473070287,2021-08,0.004361694935963751
6964108750473070287,2021-08,0.003445816097927239
6964108750473070287,2021-08,0.00353730664599009
6964108750473070287,2021-08,0.004648527472827651
6964108750473070287,2021-08,0.004648527472827651
6964108750473070287,2021-08,0.002875425677868598
6964108750473070287,2021-08,0.002875425677868598
6964108750473070287,2021-08,0.002875425677868598
3218226066162129945,2021-07,0.029498150281807602
3218226066162129945,2021-08,0.03239804568192716
3218226066162129945,2021-08,0.031426282080444
3218226066162129945,2021-08,0.03280189188795941
3218226066162129945,2021-08,0.032720628952857066
3218226066162129945,2021-08,0.5016163618760432
3218226066162129945,2021-08,0.026948151339815048
4527499691197377217,2021-07,0.004311910079334396
4527499691197377217,2021-07,0.00723288711575158
4527499691197377217,2021-08,0.037095770643162274
4532469127306079736,2021-07,0.0046325699701430835
4532469127306079736,2021-07,0.007636592072544949
1129657311668961746,2021-07,0.023263851140641695
1129657311668961746,2021-07,0.02664684553606151
1129657311668961746,2021-08,0.013554819090381958
1129657311668961746,2021-08,0.014730395749542349
3977861004707764824,2021-07,0.019451025193361025
3977861004707764824,2021-07,0.010630983697017284
3977861004707764824,2021-07,0.013078770016502907
3977861004707764824,2021-07,0.012151813844585828
3977861004707764824,2021-07,0.013597707378469952
3977861004707764824,2021-07,0.013932564010677545
3977861004707764824,2021-07,0.013932564010677545
3977861004707764824,2021-08,0.017243840593584202
3977861004707764824,2021-08,0.01635986356713584
3977861004707764824,2021-08,0.019299489873666222
3977861004707764824,2021-08,0.01782049955817262
3977861004707764824,2021-08,0.02599500990821218
3977861004707764824,2021-08,0.013283968460262368
8480109508191086169,2021-07,0.0032694916092808144
8480109508191086169,2021-08,0.008535162410654032
8480109508191086169,2021-08,0.003426505370012857
6795467882769787169,2021-07,0.008178575575295208
6795467882769787169,2021-07,0.00723237497366263
6795467882769787169,2021-08,0.019141023429916183
2191990606593345695,2021-07,0.0072980735852653305
2191990606593345695,2021-07,0.0070640374689815875
2191990606593345695,2021-07,0.007524421347773789
2191990606593345695,2021-08,0.010804457726733697
6759864637454708017,2021-07,0.00614845408439808
6759864637454708017,2021-07,0.006460524244796893
6759864637454708017,2021-08,0.010512917991669616
6759864637454708017,2021-08,0.07475403576817718
6759864637454708017,2021-08,0.039461591224641525
6759864637454708017,2021-08,0.008863011521196684
6759864637454708017,2021-08,0.00799529153745948
5440313607363845188,2021-07,0.002951015745230006
5440313607363845188,2021-08,0.0033820934560533818
5304536516981778801,2021-07,0.008167269251948184
5304536516981778801,2021-07,0.008511023889076907
5304536516981778801,2021-07,0.008497925959326006
5304536516981778801,2021-08,0.007431284809773309
5304536516981778801,2021-08,0.007159909607889961
5304536516981778801,2021-08,0.006209132088886263
5304536516981778801,2021-08,0.004708976444307978
5304536516981778801,2021-08,0.004578300926891219
5304536516981778801,2021-08,0.003949012986429951
665854826624598350,2021-07,0.008703486767333984
665854826624598350,2021-07,0.006444073787021905
665854826624598350,2021-07,0.009695579952365519
665854826624598350,2021-08,0.017344706971719026
665854826624598350,2021-08,0.009640756451343406
665854826624598350,2021-08,0.006892489307108565
665854826624598350,2021-08,0.006660593985815562
4935929591787890253,2021-07,0.011646601831662568
4935929591787890253,2021-07,0.01198775614870192
4935929591787890253,2021-08,0.007440409341852939
670573866376512619,2021-07,0.03245212157146106
670573866376512619,2021-07,0.03275160684882309
3668905663669864663,2021-07,0.00326793076774902
3668905663669864663,2021-08,0.00511405039459352
3668905663669864663,2021-08,0.08914360858438675
3668905663669864663,2021-08,0.006176648656856885
4862285428951244424,2021-07,0.00508848931864887
4862285428951244424,2021-07,0.008927397639636467
4862285428951244424,2021-07,0.013923419206791271
4862285428951244424,2021-08,0.008496552338130164
5528372913947954503,2021-07,0.022035100547722355
5528372913947954503,2021-07,0.024087424979861476
5528372913947954503,2021-08,0.04728347291923258
5528372913947954503,2021-08,0.014900817887742586
1118514612547157551,2021-07,0.032408942136984496
1118514612547157551,2021-07,0.04525491310096222
1118514612547157551,2021-07,0.09119465097257241
1118514612547157551,2021-08,0.04372176965487545
1118514612547157551,2021-08,0.02701939659505302
2903869860445366876,2021-07,0.004940585336004185
2903869860445366876,2021-08,0.007984314722563137
2903869860445366876,2021-08,0.004785815197302891
410843023337872279,2021-07,0.006535544558866537
410843023337872279,2021-07,0.007784421502235236
3281617395243454427,2021-07,0.048664979998749455
3281617395243454427,2021-07,0.0449266565563425
3281617395243454427,2021-08,0.02236350039074484
2128970218770090704,2021-07,0.00251289915227778
2128970218770090704,2021-07,0.0027304394145847206
2128970218770090704,2021-07,0.002608916827147664
2128970218770090704,2021-08,0.004813141870473419
2128970218770090704,2021-08,0.006353155157454729
2128970218770090704,2021-08,0.0053961080860415525
2128970218770090704,2021-08,0.012375297855594717
2307201111381758912,2021-07,0.013384889965472997
2307201111381758912,2021-08,0.005629062607126037
3408536439470975134,2021-07,0.0024887625702572753
3408536439470975134,2021-07,0.002400803738772047
3408536439470975134,2021-07,0.0024653270756455014
3408536439470975134,2021-07,0.003951579506737252
3408536439470975134,2021-08,0.00530821817459464
3408536439470975134,2021-08,0.003543993235415163
3408536439470975134,2021-08,0.0027231534125919062
3408536439470975134,2021-08,0.0022308913917405654
2106875407768047316,2021-07,0.005012262312524413
2106875407768047316,2021-07,0.006267203670448008
2106875407768047316,2021-07,0.0084447754362071
2106875407768047316,2021-07,0.008149077555527184
7067471043900250355,2021-07,0.02997997826760129
7067471043900250355,2021-07,0.021758988221636074
7067471043900250355,2021-08,0.05116950185337047
7067471043900250355,2021-08,0.03237646965149896
6535356415509860671,2021-07,0.009719123503372434
4095739077267179172,2021-07,0.02862951118065195
4095739077267179172,2021-07,0.030011015457479768
180672270337706285,2021-07,0.5258981681067751
180672270337706285,2021-07,0.5170677175858103
180672270337706285,2021-07,0.5010081322596499
180672270337706285,2021-07,0.5238235704017979
180672270337706285,2021-08,0.3860916006191731
180672270337706285,2021-08,0.4938235698102555
180672270337706285,2021-08,0.4938235698102555
1977574645216036803,2021-07,0.29897203266628314
1977574645216036803,2021-08,0.3450311602605789
1977574645216036803,2021-08,0.8161597247512894
7707459425750676368,2021-07,0.659649715570438
7707459425750676368,2021-08,0.04903485693595827
226405871752897670,2021-07,0.004850909806582207
226405871752897670,2021-08,0.018952484211808972
226405871752897670,2021-08,0.011478169729269794
5503073374822479037,2021-07,0.019943799826910198
5503073374822479037,2021-07,0.02368471309123116
5503073374822479037,2021-08,0.029537821966043258
5503073374822479037,2021-08,0.027330265716359513
5503073374822479037,2021-08,0.016853229358017568
3161361581909316305,2021-07,0.007612117256531749
652740132671309295,2021-07,0.01236538765738178
652740132671309295,2021-07,0.015448348328274734
5503391736465275980,2021-07,0.004503318002784063
5503391736465275980,2021-07,0.008299594101688063
5503391736465275980,2021-08,0.008239107237838673
5503391736465275980,2021-08,0.0070908574497865785
8895896724713458749,2021-07,0.015217443572348475
8895896724713458749,2021-07,0.01986428336333813
8895896724713458749,2021-07,0.01886783747436967
8895896724713458749,2021-08,0.009901675573731714
8895896724713458749,2021-08,0.01007017681487532
9184785003280841216,2021-07,0.014677520789314965
9184785003280841216,2021-07,0.018964293496953496
9184785003280841216,2021-08,0.017479191312041956
9184785003280841216,2021-08,0.013639764994977677
1210783884008131648,2021-07,0.0022659050286322293
1210783884008131648,2021-07,0.003090023575173783
1210783884008131648,2021-07,0.003770181956640584
345447888460137901,2021-07,0.019842264207594416
6368582840625614207,2021-07,0.009603200540973203
6368582840625614207,2021-08,0.004809088302341984
1044568737046072781,2021-07,0.020257955931240287
5864443060004179363,2021-07,0.0024422426860109727
5864443060004179363,2021-07,0.0034489474761950937
5864443060004179363,2021-07,0.004451729406430535
5864443060004179363,2021-08,0.003936150302756887
5864443060004179363,2021-08,0.003386977781959217
5864443060004179363,2021-08,0.0028225660401959164
5864443060004179363,2021-08,0.0027874378824979174
5864443060004179363,2021-08,0.004621242388289023
5864443060004179363,2021-08,0.008924711709299555
2214132103234633622,2021-07,0.009179422316945721
2214132103234633622,2021-07,0.009179422316945721
2214132103234633622,2021-08,0.008279814416584355
2214132103234633622,2021-08,0.008279814416584355
2214132103234633622,2021-08,0.009030009229499614
2214132103234633622,2021-08,0.009030009229499614
2214132103234633622,2021-08,0.009805749605892481
5369576709077493659,2021-07,0.019286930818864165
5369576709077493659,2021-07,0.020627585880841286
5369576709077493659,2021-07,0.028915558089164635
5369576709077493659,2021-07,0.08259929751483873
3634047863995720708,2021-07,0.008118993488875756
3634047863995720708,2021-08,0.006243022688602831
3634047863995720708,2021-08,0.0067501024735992406
792560389712312178,2021-07,0.002024903156998373
792560389712312178,2021-07,0.004999547699814057
792560389712312178,2021-08,0.07660565009983593
792560389712312178,2021-08,0.003980197787477589
792560389712312178,2021-08,0.003508522384546729
4717717003637613480,2021-07,0.00410740977949451
4717717003637613480,2021-07,0.004515462367028576
4717717003637613480,2021-08,0.006711785345615356
4717717003637613480,2021-08,0.005138410304947017
4717717003637613480,2021-08,0.004714421019479567
1104269683367198574,2021-07,0.0025655900376384613
1104269683367198574,2021-07,0.003907975564333238
1104269683367198574,2021-08,0.004312319357499164
7870373680211625064,2021-07,0.004734961195980663
7870373680211625064,2021-07,0.009856070865047192
7870373680211625064,2021-07,0.009947366116021246
7870373680211625064,2021-08,0.012677924207463772
7870373680211625064,2021-08,0.011294595386512996
7870373680211625064,2021-08,0.011294595386512996
7870373680211625064,2021-08,0.010520820823286882
7038761645302069945,2021-07,0.005527598018270642
7038761645302069945,2021-08,0.004226839494335649
5888474320320735000,2021-07,0.6704344244931536
5888474320320735000,2021-08,0.6961527089225679
5888474320320735000,2021-08,0.7574065807931374
5888474320320735000,2021-08,0.6811684724383618
4414438591613884911,2021-07,0.007990220255452183
4414438591613884911,2021-08,0.014942415396603494
4414438591613884911,2021-08,0.010338008169437128
4414438591613884911,2021-08,0.008133697389005618
4950871361132426979,2021-07,0.04924754221291811
4950871361132426979,2021-08,0.04522054509435907
6462952350255736003,2021-07,0.0043691094519805905
6462952350255736003,2021-07,0.008733240256383234
4061297388883391410,2021-07,0.010053266794596309
4061297388883391410,2021-08,0.005120205150554805
4061297388883391410,2021-08,0.005809953538027345
4061297388883391410,2021-08,0.011383750868831248
4061297388883391410,2021-08,0.006206352603160853
5522764880180045081,2021-07,0.007034496586005129
5522764880180045081,2021-07,0.013866660338406608
5522764880180045081,2021-08,0.007493853783644033
5522764880180045081,2021-08,0.005058737647138583
5522764880180045081,2021-08,0.00833995578082567
5522764880180045081,2021-08,0.003260315536280434
8609211777002937758,2021-07,0.0034349039167739137
8609211777002937758,2021-08,0.0036497595086235953
2694466161223698243,2021-07,0.5454087502682285
2694466161223698243,2021-07,0.5361634772487958
8350724667410677464,2021-07,0.014553311134304301
8350724667410677464,2021-07,0.01786683599008333
8350724667410677464,2021-07,0.017940564968409328
8350724667410677464,2021-07,0.018745094066571908
8350724667410677464,2021-08,0.15685614755165994
1088521227159442264,2021-07,0.014439746046279695
1088521227159442264,2021-07,0.01594518918687898
1088521227159442264,2021-07,0.017702413363087397
1088521227159442264,2021-08,0.02135795357513478
1088521227159442264,2021-08,0.01161721890209509
7895753719321668294,2021-07,0.0034429179457595095
7895753719321668294,2021-07,0.011200425260017353
7895753719321668294,2021-08,0.007103390857392858
7895753719321668294,2021-08,0.005078330027720726
4641659186059167709,2021-07,0.05120934732972983
4641659186059167709,2021-07,0.06252554140132592
2819054834565698513,2021-07,0.013178410593613276
2819054834565698513,2021-07,0.013178410593613276
2819054834565698513,2021-08,0.021032001710715037
3591324331706630867,2021-07,0.07270725256393151
3591324331706630867,2021-07,0.03832293011305373
3591324331706630867,2021-08,0.10837617584045092
3591324331706630867,2021-08,0.05499677898208079
3591324331706630867,2021-08,0.07212118997918525
2493305884832539159,2021-07,0.12558036879645923
2493305884832539159,2021-07,0.1294411811296857
2493305884832539159,2021-08,0.10482739510345171
4972567100282306577,2021-07,0.02051151635133346
4972567100282306577,2021-07,0.02051151635133346
4972567100282306577,2021-07,0.018661992226177315
4972567100282306577,2021-08,0.01670539357280389
940214356651040716,2021-07,0.05309878386999549
940214356651040716,2021-07,0.05938873478521775
6349142675790687765,2021-07,0.3669654440463905
6349142675790687765,2021-08,0.3060393740293272
6349142675790687765,2021-08,0.3443844767752835
6349142675790687765,2021-08,0.3200795491715102
6349142675790687765,2021-08,0.3577061516794975
6352592240901579272,2021-07,0.0064354291888831
4858887739802767402,2021-07,0.004507834660168065
4858887739802767402,2021-07,0.00448321338084218
4858887739802767402,2021-07,0.00399661407667002
4858887739802767402,2021-08,0.0040280217898204605
503021894071666233,2021-07,0.08608386916146142
503021894071666233,2021-08,0.04741382960020808
503021894071666233,2021-08,0.04788484842371192
503021894071666233,2021-08,0.04470504924036421
4465150716052427320,2021-07,0.018472731293187983
4465150716052427320,2021-07,0.01680955823211995
2645324649046215594,2021-07,0.005710232860424259
2645324649046215594,2021-07,0.007645695505153682
2645324649046215594,2021-07,0.013408906467495386
2645324649046215594,2021-07,0.007636010926736528
2645324649046215594,2021-08,0.006904744446602809
2645324649046215594,2021-08,0.006459061922638239
5042877476420217533,2021-07,0.004176768789932586
5042877476420217533,2021-08,0.007888586421613022
5042877476420217533,2021-08,0.004649398542911538
8400764778654490278,2021-07,0.00696906460907582
8400764778654490278,2021-07,0.01023937920546837
8400764778654490278,2021-08,0.012522988079692213
3285246914299291124,2021-07,0.023532205093075326
3285246914299291124,2021-07,0.014851970135905054
3285246914299291124,2021-07,0.014228141133402738
3285246914299291124,2021-08,0.012828403803373524
3285246914299291124,2021-08,0.010830362249127444
3285246914299291124,2021-08,0.021883560369361902
3285246914299291124,2021-08,0.010007134826902263
4170463992215954403,2021-07,0.003214423030187748
4170463992215954403,2021-08,0.014062545237468187
1536087798470875922,2021-07,0.13689529870305492
1536087798470875922,2021-07,0.1269687794191552
1536087798470875922,2021-07,0.13120340200278469
1536087798470875922,2021-08,0.11164082673023024
1536087798470875922,2021-08,0.1052243791447942
1536087798470875922,2021-08,0.10807392559202866
1536087798470875922,2021-08,0.1061105222226208
1536087798470875922,2021-08,0.0895549879685638
1536087798470875922,2021-08,0.0926663525202617
1536087798470875922,2021-08,0.09225753867792118
4675067298171588603,2021-07,0.12202134979310392
4675067298171588603,2021-07,0.09640079237079471
4675067298171588603,2021-07,0.07885300511600254
4675067298171588603,2021-08,0.0760864870548963
4675067298171588603,2021-08,0.11578093022046834
2346482557594782345,2021-07,0.010477734223534325
2346482557594782345,2021-07,0.012261027701726695
2346482557594782345,2021-08,0.010478064840820318
5058298901476893676,2021-07,0.011254413578695922
5058298901476893676,2021-07,0.01073699519966883
5058298901476893676,2021-07,0.010726627583063574
5058298901476893676,2021-08,0.009289684270029639
6217788509719675691,2021-07,0.004728368891924755
6217788509719675691,2021-07,0.004325234230196771
6217788509719675691,2021-07,0.01247737130057023
6217788509719675691,2021-07,0.013966472818371118
6217788509719675691,2021-08,0.005989660452218956
6217788509719675691,2021-08,0.0064733239652403456
4795152981525833467,2021-07,0.004150153841650085
4795152981525833467,2021-07,0.013674023877604588
4795152981525833467,2021-08,0.049776011169975404
4795152981525833467,2021-08,0.0052279266806638785
4785355632922927313,2021-07,0.10633135341955947
4785355632922927313,2021-07,0.10633135341955947
4785355632922927313,2021-07,0.11638529666338421
4785355632922927313,2021-08,0.12408875602531648
4785355632922927313,2021-08,0.12408114604927226
4785355632922927313,2021-08,0.11087195842424077
7268895973869107930,2021-07,0.004303195143631136
7268895973869107930,2021-07,0.006080209147145393
7710364735942975505,2021-07,0.01555132736019468
7710364735942975505,2021-08,0.01061257730487483
7710364735942975505,2021-08,0.027297604629529734
3095408468798675621,2021-07,0.014986397543695686
3095408468798675621,2021-08,0.008439173611301733
7177785309735471560,2021-07,0.005127953319335932
7177785309735471560,2021-07,0.003702588558248908
7177785309735471560,2021-07,0.005360312861795387
7177785309735471560,2021-08,0.0060980813753779076
8510653215962746781,2021-07,0.03634872007816885
5358243820364010940,2021-07,0.004433428915604422
5358243820364010940,2021-08,0.005723101813904911
5358243820364010940,2021-08,0.006406246909779764
5358243820364010940,2021-08,0.006546799084652649
5358243820364010940,2021-08,0.005168117220753207
6927178425683104769,2021-07,0.012833828205773596
6927178425683104769,2021-07,0.026447761445472284
6927178425683104769,2021-08,0.025679654526707004
6927178425683104769,2021-08,0.00963436630123113
1269153452773908541,2021-07,0.005873348971332645
1269153452773908541,2021-08,0.008879104069434506
2006188298374001315,2021-07,0.004629984521996242
7325545718770538459,2021-07,0.0031586422908207617
7325545718770538459,2021-07,0.0032881784930433493
7325545718770538459,2021-07,0.0033641416183451474
7325545718770538459,2021-07,0.0033641416183451474
7325545718770538459,2021-07,0.004183607963847953
7325545718770538459,2021-07,0.004183607963847953
7325545718770538459,2021-07,0.0037485292760029805
7325545718770538459,2021-07,0.005925579501702829
7325545718770538459,2021-07,0.006317315374333467
7325545718770538459,2021-07,0.005262364027893411
7325545718770538459,2021-08,0.0067764510710690735
7325545718770538459,2021-08,0.006133171043435439
7325545718770538459,2021-08,0.005945207157522501
7325545718770538459,2021-08,0.006126312480294721
7325545718770538459,2021-08,0.005945207157522501
7325545718770538459,2021-08,0.004963825078088289
7325545718770538459,2021-08,0.006668623240599848
8464809590757561185,2021-07,0.0047962158580548905
8464809590757561185,2021-07,0.006437735998169356
8464809590757561185,2021-08,0.006552483303621771
8464809590757561185,2021-08,0.007127979980502743
8464809590757561185,2021-08,0.0066020758691962955
8748106677402909629,2021-07,0.0226806205960162
312543480920432545,2021-07,0.005312398751909383
312543480920432545,2021-07,0.005053311634950787
312543480920432545,2021-07,0.007608990624888151
312543480920432545,2021-08,0.0075584916990909315
312543480920432545,2021-08,0.00484321013452819
1059336566956767188,2021-07,0.0034290134663490933
6186737197674630993,2021-07,0.005219635942352961
6186737197674630993,2021-08,0.01818299314472532
6186737197674630993,2021-08,0.1771359192136577
6186737197674630993,2021-08,0.00407446349713487
5606267905834401873,2021-07,0.004410290714129158
5606267905834401873,2021-08,0.008260613444176253
5606267905834401873,2021-08,0.0071022855576448355
5606267905834401873,2021-08,0.006451587818399583
1097345589386012260,2021-07,0.00732921915135091
1097345589386012260,2021-08,0.004152901698534992
2763141362035716801,2021-07,0.010802175340678071
3022528659032597047,2021-07,0.004864840641478491
3022528659032597047,2021-07,0.004004358015302433
3022528659032597047,2021-08,0.13010611978408848
3022528659032597047,2021-08,0.005534235371020881
3022528659032597047,2021-08,0.003209747762224485
8015571584405428572,2021-07,0.02772780255530303
8015571584405428572,2021-08,0.0855053500639532
8015571584405428572,2021-08,0.02934341295111138
8015571584405428572,2021-08,0.031090470051294065
6721448955097663572,2021-07,0.005950586911249347
6721448955097663572,2021-07,0.0049944583142182974
6721448955097663572,2021-07,0.004722595543167564
6721448955097663572,2021-07,0.006766428927241332
6721448955097663572,2021-07,0.009425392142165792
6721448955097663572,2021-08,0.008476712530034862
6721448955097663572,2021-08,0.006951958428316192
6721448955097663572,2021-08,0.005789552559970695
6721448955097663572,2021-08,0.005881626025651706
6721448955097663572,2021-08,0.0033281899578469403
6721448955097663572,2021-08,0.004972258887593429
3960251564708868781,2021-07,0.007324545609536518
3960251564708868781,2021-07,0.004421980560150849
3960251564708868781,2021-08,0.010628800482302784
3960251564708868781,2021-08,0.010628800482302784
3960251564708868781,2021-08,0.005861374899516286
2022367282554149730,2021-07,0.003308781725475334
2022367282554149730,2021-07,0.003178436457173405
2022367282554149730,2021-07,0.002961057633586566
2022367282554149730,2021-07,0.005144976017196579
2022367282554149730,2021-07,0.011876522134132919
2022367282554149730,2021-08,0.005211777038130481
2022367282554149730,2021-08,0.005213371688234069
2022367282554149730,2021-08,0.0053280498711548475
2022367282554149730,2021-08,0.005213371688234069
2022367282554149730,2021-08,0.05706102761153415
2022367282554149730,2021-08,0.00404545055858481
2466177460692220853,2021-07,0.009451383982593469
2466177460692220853,2021-08,0.008379156327573247
2466177460692220853,2021-08,0.004915335114857186
7397206777205091443,2021-07,0.005671625701574419
5613825020130267729,2021-07,0.0026917653150975033
5613825020130267729,2021-07,0.003013944241687681
5613825020130267729,2021-07,0.009666018516191421
5613825020130267729,2021-08,0.006521412184063801
5613825020130267729,2021-08,0.007712651449080079
5726178124659661019,2021-07,0.004648275463527091
5726178124659661019,2021-07,0.004680961061550228
5726178124659661019,2021-07,0.007211604292207173
5726178124659661019,2021-08,0.003016344475544893
5726178124659661019,2021-08,0.0030375897325108994
5726178124659661019,2021-08,0.0035211044804207728
5726178124659661019,2021-08,0.005121039131467448
5726178124659661019,2021-08,0.003233408058169623
5726178124659661019,2021-08,0.0023425373486314054
5726178124659661019,2021-08,0.0023425373486314054
835441927760881602,2021-07,0.14827963933723481
835441927760881602,2021-08,0.13812666839186383
835441927760881602,2021-08,0.13812666839186383
1329553496073467331,2021-07,0.0066082022239414605
1329553496073467331,2021-08,0.005221572000264517
5860276371789140450,2021-07,0.021447399655306214
5860276371789140450,2021-08,0.01296905203818648
5860276371789140450,2021-08,0.017535277147787548
5810778736737569699,2021-07,0.01529164200883178
5810778736737569699,2021-08,0.011043337237538477
5810778736737569699,2021-08,0.21054413287379234
7468724002190465812,2021-07,0.016956524953608366
7468724002190465812,2021-08,0.01095090093259706
2455576782104041698,2021-07,0.007552896616027904
2455576782104041698,2021-07,0.009585471532220413
2455576782104041698,2021-08,0.03097562267331302
2455576782104041698,2021-08,0.016774386683801084
2455576782104041698,2021-08,0.025148107753857674
4863405965754103821,2021-07,0.02354062526028712
4863405965754103821,2021-07,0.017496436889873533
4863405965754103821,2021-07,0.020469885423069455
4863405965754103821,2021-08,0.019505165261340433
4863405965754103821,2021-08,0.019505165261340433
4863405965754103821,2021-08,0.024962788172259737
4863405965754103821,2021-08,0.024048672784301065
4863405965754103821,2021-08,0.01376037206403889
4863405965754103821,2021-08,0.016802370027016882
4863405965754103821,2021-08,0.01471529278411961
4863405965754103821,2021-08,0.018184018377635378
4863405965754103821,2021-08,0.014368999339788096
2983174282784691273,2021-07,0.007543324712866998
2983174282784691273,2021-07,0.014837075019078511
2983174282784691273,2021-08,0.007844013109196902
2983174282784691273,2021-08,0.008859687680628392
6969348581033924947,2021-07,0.00945711266439018
6969348581033924947,2021-07,0.012491519645729874
6969348581033924947,2021-07,0.01140120113499302
6969348581033924947,2021-07,0.012101862922192086
6969348581033924947,2021-07,0.012039403008920705
6969348581033924947,2021-08,0.06518961619586564
6969348581033924947,2021-08,0.007244806554813256
6969348581033924947,2021-08,0.006900261194488772
6969348581033924947,2021-08,0.010486546666124032
8603678028264007695,2021-07,0.010912207663252646
8603678028264007695,2021-08,0.007955586400095267
8603678028264007695,2021-08,0.007449863642377869
1088268935649917461,2021-07,0.005195853403762978
1088268935649917461,2021-08,0.4203540184948578
1088268935649917461,2021-08,0.005720507487164132
1717812527056208209,2021-07,0.1627662509010271
1717812527056208209,2021-07,0.1627662509010271
682352428813668634,2021-07,0.0036643473099398152
682352428813668634,2021-07,0.005124673609452155
682352428813668634,2021-07,0.006213593594236995
682352428813668634,2021-08,0.004017353524020559
682352428813668634,2021-08,0.005171764889242341
682352428813668634,2021-08,0.005171764889242341
6643358471662528195,2021-07,0.005358645462743267
6643358471662528195,2021-08,0.1092814323638988
6643358471662528195,2021-08,0.007441852054995356
1343530446996409207,2021-07,0.006444499147341394
1343530446996409207,2021-08,0.012336379690646201
1343530446996409207,2021-08,0.008261957378385107
3750579377644235511,2021-07,0.08055532922387537
3750579377644235511,2021-07,0.08582636376215631
3750579377644235511,2021-07,0.07990795441543491
3750579377644235511,2021-08,0.07877423450001383
3832944730982767714,2021-07,0.012327780491364794
3832944730982767714,2021-07,0.011098811737499423
6448580780254847411,2021-07,0.0043677542815611856
6448580780254847411,2021-07,0.009086902703335733
4853303856126909724,2021-07,0.7754717293021843
7712263029835111826,2021-07,0.07042690656426624
8901696535927078963,2021-07,0.005677300122160351
8901696535927078963,2021-07,0.006466253601566051
8901696535927078963,2021-07,0.0060796363615532355
8901696535927078963,2021-08,0.006217872592142283
8901696535927078963,2021-08,0.0061186137815156146
8901696535927078963,2021-08,0.004419652742059217
8901696535927078963,2021-08,0.0065217837461985515
8901696535927078963,2021-08,0.006773638852948078
3095686599956852697,2021-07,0.0028194070298790137
3095686599956852697,2021-07,0.0027894195274700473
3095686599956852697,2021-07,0.004064162283224753
3095686599956852697,2021-08,0.004347913724624488
3095686599956852697,2021-08,0.00286369021820674
3095686599956852697,2021-08,0.0027403962861209455
5880041582322293710,2021-07,0.04191448244634179
5880041582322293710,2021-07,0.03876974552524438
5880041582322293710,2021-07,0.04606801182414471
5880041582322293710,2021-08,0.019176399559387446
5880041582322293710,2021-08,0.015840962627926922
5880041582322293710,2021-08,0.022202716459748043
5880041582322293710,2021-08,0.015355360495616636
5880041582322293710,2021-08,0.015355360495616636
8918635099296971351,2021-07,0.08837005268225037
8918635099296971351,2021-08,0.12356729470401058
7347715771145302549,2021-07,0.009778173907576446
7347715771145302549,2021-07,0.01569234785324116
7347715771145302549,2021-08,0.008151352085697087
7347715771145302549,2021-08,0.010065314079398736
8196449005061156808,2021-07,0.008417518119035497
8196449005061156808,2021-08,0.010758037341942178
7910340581026492945,2021-07,0.0024158387482740486
7910340581026492945,2021-07,0.0035966930479627035
7910340581026492945,2021-07,0.009267517153805886
7910340581026492945,2021-08,0.004586189054602748
7910340581026492945,2021-08,0.004586189054602748
7910340581026492945,2021-08,0.005021695420758801
7910340581026492945,2021-08,0.0032733248225473213
7910340581026492945,2021-08,0.003583240647592135
4588313530969303734,2021-07,0.06944570595207775
4588313530969303734,2021-07,0.0693446097715058
4588313530969303734,2021-08,0.05914623950502645
4588313530969303734,2021-08,0.06363768142365141
8229446069655666941,2021-07,0.04633649565722004
8229446069655666941,2021-07,0.8273835437520282
8229446069655666941,2021-07,0.03772890304196254
8229446069655666941,2021-07,0.042816863239172866
1299146298565441811,2021-07,0.009952192646989112
1299146298565441811,2021-07,0.012702270192095893
1299146298565441811,2021-08,0.02109204551015962
2119292203323657032,2021-07,0.005904440081504792
2119292203323657032,2021-08,0.009378042414502151
4740535838297269949,2021-07,0.0024999760939201647
4740535838297269949,2021-07,0.0037529806421258164
4740535838297269949,2021-08,0.002848475056543937
8198518259946944874,2021-07,0.8392021669680774
4327694790333781288,2021-07,0.003779118029755886
4327694790333781288,2021-07,0.0034874724539887473
4327694790333781288,2021-08,0.14878367270095244
4327694790333781288,2021-08,0.0037127676343862584
4327694790333781288,2021-08,0.0030328106566101854
324916756972236008,2021-07,0.007804101508190192
324916756972236008,2021-08,0.013119799869166934
324916756972236008,2021-08,0.008245475013765727
324916756972236008,2021-08,0.009460816518900066
324916756972236008,2021-08,0.014211833040136755
1788369195969129749,2021-07,0.004404989010424184
1788369195969129749,2021-08,0.007979424421415474
6284433051333854194,2021-07,0.005363150992291565
6284433051333854194,2021-08,0.004739909337438678
6284433051333854194,2021-08,0.0036134178310369375
472772897496154354,2021-07,0.002897684419551581
472772897496154354,2021-08,0.004500687192566053
472772897496154354,2021-08,0.0031978606496157586
472772897496154354,2021-08,0.0033385869013753647
5108407319813072955,2021-07,0.0037364773042450794
5108407319813072955,2021-07,0.008396598217683128
1253437108265925705,2021-07,0.004497218046952806
1253437108265925705,2021-07,0.002764089319916041
1253437108265925705,2021-07,0.007065765817176349
1253437108265925705,2021-08,0.06424896828226183
2209806355660046187,2021-07,0.009570437152128726
2209806355660046187,2021-08,0.012954796175839355
1767360303789815418,2021-07,0.005809948167277056
8080988579391900405,2021-07,0.011046853265019143
8080988579391900405,2021-07,0.004392218121138327
8080988579391900405,2021-08,0.01619578184343261
8080988579391900405,2021-08,0.01632598607330214
8348574220426911086,2021-07,0.007753104273477891
8348574220426911086,2021-07,0.00840659162645695
8348574220426911086,2021-07,0.012782435226475127
8348574220426911086,2021-08,0.006529494481871339
8348574220426911086,2021-08,0.007647024568979113
8348574220426911086,2021-08,0.00868960890222598
8348574220426911086,2021-08,0.0077693474285520595
6547872039250784411,2021-07,0.603144580637199
6547872039250784411,2021-08,0.8100079344698244
1543875954928694094,2021-07,0.004768771386734068
1543875954928694094,2021-07,0.006733264395610095
8576047157867370630,2021-07,0.13478578369593783
8576047157867370630,2021-08,0.12197693166169116
3357976326879346012,2021-07,0.07569023433742673
3357976326879346012,2021-08,0.07421212192316047
903093877129717133,2021-07,0.0025309470127481766
903093877129717133,2021-07,0.004257136013355296
903093877129717133,2021-07,0.004075506725807068
903093877129717133,2021-08,0.019640832194462093
8536980239903840341,2021-07,0.0036417455240109744
5875663709136533612,2021-07,0.004010790000702331
6238903426443761049,2021-07,0.006743980787037265
6238903426443761049,2021-07,0.011048620492347783
6238903426443761049,2021-08,0.013751009721758769
6238903426443761049,2021-08,0.02552603573597017
6238903426443761049,2021-08,0.01069575504390138
6238903426443761049,2021-08,0.008504103804335653
3660744270380078352,2021-07,0.04773589709757701
3660744270380078352,2021-08,0.05369734225760723
2377020220794016532,2021-07,0.00840277076445694
2377020220794016532,2021-07,0.011798638022747623
2377020220794016532,2021-08,0.013400937107307357
8287608084245946173,2021-07,0.005855546036849286
8287608084245946173,2021-07,0.07065022774025911
8287608084245946173,2021-08,0.00887695301092144
8287608084245946173,2021-08,0.00849865686801343
8287608084245946173,2021-08,0.009504038169971028
8287608084245946173,2021-08,0.0074354369591396385
8287608084245946173,2021-08,0.005729366332861076
8287608084245946173,2021-08,0.005337193442257022
8287608084245946173,2021-08,0.004863399893997108
8287608084245946173,2021-08,0.005042533302610575
8287608084245946173,2021-08,0.004490044171264512
6950439982480713649,2021-07,0.1546579492724188
6950439982480713649,2021-08,0.2220160073319843
5067621068959932809,2021-07,0.050200491318172565
5067621068959932809,2021-07,0.050417247716727426
5067621068959932809,2021-07,0.08993819772963253
5067621068959932809,2021-08,0.09678940619622298
5067621068959932809,2021-08,0.05491221309993005
5067621068959932809,2021-08,0.0364081804354696
5067621068959932809,2021-08,0.02292365147809556
5067621068959932809,2021-08,0.04093117806975293
5067621068959932809,2021-08,0.04515043450192789
5067621068959932809,2021-08,0.03154496356913024
8195468623809753777,2021-07,0.010793867078881171
8195468623809753777,2021-07,0.006252745842064342
8195468623809753777,2021-07,0.006785449944697254
8195468623809753777,2021-07,0.010586033659013123
8195468623809753777,2021-08,0.005797347165373861
8195468623809753777,2021-08,0.00912076981515897
8195468623809753777,2021-08,0.00912076981515897
3632378524835692731,2021-07,0.0061386147129107544
3632378524835692731,2021-08,0.007231678298474068
4980232475645447238,2021-07,0.009760676221398987
4980232475645447238,2021-07,0.011808959273952575
3829967475074118757,2021-07,0.6238778696072781
3829967475074118757,2021-07,0.518988143246074
3829967475074118757,2021-08,0.20531577181709
3829967475074118757,2021-08,0.37979930742002416
3829967475074118757,2021-08,0.2839503436687434
3829967475074118757,2021-08,0.2935368745586486
2371917341091102894,2021-07,0.025714130833927838
2371917341091102894,2021-07,0.05379614369265416
3571198145319411787,2021-07,0.0043985688332537605
8503092146854371576,2021-07,0.003432147904526694
8503092146854371576,2021-08,0.005488488348852773
1036256411320325774,2021-07,0.016215936436743277
1036256411320325774,2021-08,0.013843393285428367
1036256411320325774,2021-08,0.009340429326575986
1036256411320325774,2021-08,0.009579509394598194
8123515208041701633,2021-07,0.04270684987664268
8123515208041701633,2021-08,0.6157582598854016
8123515208041701633,2021-08,0.025469887761953636
8123515208041701633,2021-08,0.029512772742892032
5958664040344043635,2021-07,0.009633534741729127
5958664040344043635,2021-07,0.010291245707438227
5958664040344043635,2021-08,0.008541372337111497
8785648114090695180,2021-07,0.00723369091034166
7595945751692012281,2021-07,0.0069284776626263095
7595945751692012281,2021-08,0.04562663813304939
7595945751692012281,2021-08,0.008695754343032077
7041489327620930099,2021-07,0.00981643116703537
7041489327620930099,2021-08,0.012760950270973754
7787306805605072964,2021-07,0.17481826601016517
7787306805605072964,2021-08,0.30373889103073637
6885171468891031140,2021-07,0.004329527173886275
6885171468891031140,2021-08,0.005089022082428134
6885171468891031140,2021-08,0.005027967199005677
1357573192598249600,2021-07,0.00749177360595474
1357573192598249600,2021-07,0.008874604048105214
1357573192598249600,2021-08,0.007315680369029676
1357573192598249600,2021-08,0.005085362502385865
1357573192598249600,2021-08,0.005094156061367533
1357573192598249600,2021-08,0.0048957654331934115
1357573192598249600,2021-08,0.0039684795323283294
2032592272238235730,2021-07,0.016101261539843065
2032592272238235730,2021-08,0.011737631259873156
2032592272238235730,2021-08,0.0084932513452102
2032592272238235730,2021-08,0.0084932513452102
4210463673385510745,2021-07,0.0445819127486486
4210463673385510745,2021-07,0.04478361457399192
4210463673385510745,2021-07,0.04406657683189603
4210463673385510745,2021-08,0.026051500870487205
4210463673385510745,2021-08,0.04315278362685725
4210463673385510745,2021-08,0.0225282018766368
3204108603682323936,2021-07,0.009067505242055593
3204108603682323936,2021-08,0.0056680117939839686
3204108603682323936,2021-08,0.005749069116525896
3204108603682323936,2021-08,0.005506765799599275
9127318190908282126,2021-07,0.0058782981962350635
9127318190908282126,2021-08,0.00564721071144606
9127318190908282126,2021-08,0.0048274121493131995
4817816966382229074,2021-07,0.019280797063103143
4817816966382229074,2021-08,0.007756698406281163
7451017400765373278,2021-07,0.0020734671108159366
7451017400765373278,2021-08,0.0023550265177147696
7451017400765373278,2021-08,0.0020395740540345322
7451017400765373278,2021-08,0.011439107002319501
7451017400765373278,2021-08,0.002272826269686127
7451017400765373278,2021-08,0.001439720126510517
4524147234488547993,2021-07,0.004219872225850566
4524147234488547993,2021-07,0.009877129531484855
4524147234488547993,2021-08,0.005570262404279033
4524147234488547993,2021-08,0.004822103757087587
191536915328669008,2021-07,0.2992845141747199
3025708129948185495,2021-07,0.0026696362208020958
5856610998569876318,2021-07,0.007807887636033056
5856610998569876318,2021-07,0.008923145131216857
5856610998569876318,2021-08,0.004211600865984062
2467590416042313927,2021-07,0.003571906125284558
2467590416042313927,2021-08,0.005010970932220707
6055129522348042687,2021-07,0.06285512047583292
8548612698724688238,2021-07,0.004924979620257279
8548612698724688238,2021-08,0.38938880988436086
7395696797140470088,2021-07,0.004101015635137709
7395696797140470088,2021-08,0.004163869372686102
4724876423989598202,2021-07,0.00958283580867028
4724876423989598202,2021-07,0.013973796991866586
4724876423989598202,2021-08,0.010395124266275783
4724876423989598202,2021-08,0.009870376988548986
4724876423989598202,2021-08,0.01007855555031289
6662531979151878793,2021-07,0.004095846507767848
2380458252615213706,2021-07,0.03966382188242639
2380458252615213706,2021-08,0.02654790867704193
6784879562354696650,2021-07,0.025953155919156645
8535586342375301953,2021-07,0.010234968687142939
8535586342375301953,2021-07,0.009520331695200505
8535586342375301953,2021-08,0.10214683111724346
8535586342375301953,2021-08,0.009975136528324663
3263212305228307743,2021-07,0.0024003153288859364
3263212305228307743,2021-07,0.0038679775082828653
3263212305228307743,2021-07,0.007083813873206491
3263212305228307743,2021-08,0.004040711771109489
5999145415800242177,2021-07,0.007585512476235344
5999145415800242177,2021-08,0.011387770388631641
5999145415800242177,2021-08,0.015900277019073473
6012031176108922616,2021-07,0.020007401856188062
6012031176108922616,2021-08,0.407134519835452
3279078057358159966,2021-07,0.07365227731697482
3279078057358159966,2021-08,0.06450389045702751
3807130563335796378,2021-07,0.03900040452072568
3807130563335796378,2021-08,0.041811066114630674
121658372387044248,2021-07,0.013516538955853872
121658372387044248,2021-08,0.011298723165540795
121658372387044248,2021-08,0.008695937535835132
121658372387044248,2021-08,0.010397948826618188
4614484019183480654,2021-07,0.005524401317510443
4614484019183480654,2021-08,0.009974386464798108
4614484019183480654,2021-08,0.008017447602773942
4614484019183480654,2021-08,0.006186641940337761
5753677550753111444,2021-07,0.0030768190069721205
5753677550753111444,2021-07,0.010899642898923943
5753677550753111444,2021-08,0.003988184795234235
5753677550753111444,2021-08,0.0052798985279471355
1683619849073499603,2021-07,0.004330653633978907
1683619849073499603,2021-08,0.01249588341288607
2530707686830644666,2021-07,0.01133981216015749
2530707686830644666,2021-07,0.013361186165860165
2530707686830644666,2021-07,0.007307605954973575
2530707686830644666,2021-08,0.008924333523727969
7085295800541340563,2021-07,0.003300753234372253
7085295800541340563,2021-07,0.003996527998598687
7085295800541340563,2021-08,0.027372141088471216
7085295800541340563,2021-08,0.003880008183302667
7085295800541340563,2021-08,0.003141650093651308
7367321179169390502,2021-07,0.34649945088636663
5635781225931111684,2021-07,0.008062856197231315
5635781225931111684,2021-07,0.008834600680455554
5635781225931111684,2021-08,0.006699754734749317
4537268360654655629,2021-07,0.10330129999525141
4537268360654655629,2021-08,0.05638597322267671
4993499380140734678,2021-07,0.011641288537908913
6394935036014530592,2021-07,0.005631258901777226
6394935036014530592,2021-07,0.004863458108570534
6394935036014530592,2021-07,0.009462449047169575
6394935036014530592,2021-08,0.004839388623233108
717981637594591016,2021-07,0.008249890324418231
717981637594591016,2021-08,0.008221206654388883
717981637594591016,2021-08,0.00680475585531794
5048392903148444335,2021-07,0.029194364831548157
5048392903148444335,2021-07,0.027926750020254392
5048392903148444335,2021-08,0.01863345041491211
6521201759558790083,2021-07,0.008415909069893495
5162636608292907782,2021-07,0.1156266329608059
5162636608292907782,2021-08,0.1213793986274511
5162636608292907782,2021-08,0.12235733199554019
5162636608292907782,2021-08,0.8670908519598317
5162636608292907782,2021-08,0.13818768077945917
8909740532547211288,2021-07,0.006458416680176581
8909740532547211288,2021-07,0.009677931208691067
8909740532547211288,2021-08,0.006442186654189013
8909740532547211288,2021-08,0.006442186654189013
8909740532547211288,2021-08,0.006234153247009377
8909740532547211288,2021-08,0.0048934671655723565
411246418132008456,2021-07,0.029688341509691955
86110062990790869,2021-07,0.10114919477132753
86110062990790869,2021-08,0.18759208335731326
86110062990790869,2021-08,0.0805865586418063
8162017568751362437,2021-07,0.04130541565185284
314309872114206760,2021-07,0.028110536310463844
314309872114206760,2021-07,0.025005789160345442
314309872114206760,2021-08,0.04698737079744321
314309872114206760,2021-08,0.041437938147124896
314309872114206760,2021-08,0.028644947468503216
314309872114206760,2021-08,0.02322961895452192
3631603567749349715,2021-07,0.012389476519111133
3631603567749349715,2021-08,0.004518206973316469
93982185886107798,2021-07,0.006427440954323093
93982185886107798,2021-08,0.005249171874446554
93982185886107798,2021-08,0.0042797650905091284
8487807876567995441,2021-07,0.00984385062498504
8487807876567995441,2021-07,0.009188017988972667
8487807876567995441,2021-08,0.028861174125911077
3355881107559250653,2021-07,0.00728427748868061
3355881107559250653,2021-07,0.007367576922542618
3355881107559250653,2021-07,0.007380872142774416
3355881107559250653,2021-07,0.00728427748868061
3355881107559250653,2021-07,0.006386628878468166
3355881107559250653,2021-07,0.00975138691098882
3355881107559250653,2021-07,0.010184139664852961
3355881107559250653,2021-07,0.009986761446480915
3355881107559250653,2021-08,0.006879457150299502
3355881107559250653,2021-08,0.006879457150299502
3355881107559250653,2021-08,0.006879457150299502
3355881107559250653,2021-08,0.008017903444681253
3355881107559250653,2021-08,0.008017903444681253
3355881107559250653,2021-08,0.0067464807524764145
7492389223353246125,2021-07,0.10193718556226679
1078687383992817574,2021-07,0.2829494228182391
1078687383992817574,2021-08,0.30146560470189254
1078687383992817574,2021-08,0.40621296423732567
1078687383992817574,2021-08,0.41050506765084555
1078687383992817574,2021-08,0.3754084739764266
1078687383992817574,2021-08,0.07715013175917183
1078687383992817574,2021-08,0.1645554566072746
5383359512938607117,2021-07,0.010955180823734284
8724731934863284019,2021-07,0.008872869482088852
8724731934863284019,2021-07,0.010833939959237543
8724731934863284019,2021-08,0.008447107451155005
7269781193318890653,2021-07,0.003735601893504634
7269781193318890653,2021-07,0.007511007552223277
7269781193318890653,2021-08,0.0035008540430456732
4769364850030443969,2021-07,0.017334626434460692
4769364850030443969,2021-08,0.14693457958119763
4769364850030443969,2021-08,0.016389900663155984
7686361238195690925,2021-07,0.0064035792150233745
7686361238195690925,2021-07,0.025326670302327794
7686361238195690925,2021-07,0.01337997459831126
7686361238195690925,2021-08,0.006932566788230791
7686361238195690925,2021-08,0.005539196403471067
7686361238195690925,2021-08,0.008025714110152023
2092588065958607289,2021-07,0.007570887808463939
2092588065958607289,2021-07,0.007862911198076342
2092588065958607289,2021-07,0.007862911198076342
2092588065958607289,2021-08,0.008625542218569517
2092588065958607289,2021-08,0.008625542218569517
2092588065958607289,2021-08,0.008625542218569517
2092588065958607289,2021-08,0.03493598489798022
2092588065958607289,2021-08,0.009987448937961914
2092588065958607289,2021-08,0.009700161634649382
2092588065958607289,2021-08,0.009451182180026814
2092588065958607289,2021-08,0.004166097348267613
2092588065958607289,2021-08,0.004617130789307724
2092588065958607289,2021-08,0.006103348395055153
2092588065958607289,2021-08,0.006872131386797673
2092588065958607289,2021-08,0.004603529196716548
5726884001073147293,2021-07,0.005540156219862448
7398738404146260251,2021-07,0.00517015410669529
7182085930008391174,2021-07,0.012558779768246014
7182085930008391174,2021-08,0.011540816792201038
7182085930008391174,2021-08,0.01827350454155644
1611146298923153842,2021-07,0.009957918652555511
1611146298923153842,2021-07,0.010813880714297402
1611146298923153842,2021-07,0.010318203215391083
1611146298923153842,2021-08,0.005423346150545435
1611146298923153842,2021-08,0.005701887165809632
1553628056929342565,2021-07,0.01811084708287481
1553628056929342565,2021-07,0.01968363876053778
1553628056929342565,2021-07,0.02407492886917046
1553628056929342565,2021-08,0.0662373620266409
1553628056929342565,2021-08,0.018321896450560347
1553628056929342565,2021-08,0.02984716516527216
4432551314797496562,2021-07,0.536449405133504
8385636129786687263,2021-07,0.0065877202605328046
8385636129786687263,2021-08,0.003574287269254712
1874387298050692165,2021-07,0.007632061343067489
4850722092974676955,2021-07,0.06444901264811746
4850722092974676955,2021-08,0.09525597846991042
4334472256949955221,2021-07,0.009311256651308443
4334472256949955221,2021-08,0.012624126769797572
4334472256949955221,2021-08,0.00968595846763515
5306165689101138983,2021-07,0.00882590561546927
3140918607946425426,2021-07,0.007386823227755041
3140918607946425426,2021-07,0.00785604943204666
3140918607946425426,2021-08,0.0031055883182557233
3140918607946425426,2021-08,0.004325639342130603
3140918607946425426,2021-08,0.004431884214571012
3140918607946425426,2021-08,0.005353301629376343
3382609338395832683,2021-07,0.02132834079916567
3382609338395832683,2021-07,0.0265900867771374
3382609338395832683,2021-08,0.033148085934603666
3382609338395832683,2021-08,0.022220952493475315
9108733472015251498,2021-07,0.007150466376646917
7963861799566207637,2021-07,0.003965710949415052
7963861799566207637,2021-07,0.007375854971445739
7963861799566207637,2021-08,0.0034478453243389925
3183208564139585182,2021-07,0.6552659574257336
963687627963462983,2021-07,0.005043637355598022
963687627963462983,2021-08,0.003877608798519739
963687627963462983,2021-08,0.003574937563186292
4530631557358349711,2021-07,0.015762811961033244
4530631557358349711,2021-07,0.014896223149245049
4530631557358349711,2021-08,0.008037833941749188
4530631557358349711,2021-08,0.017983716726271626
4489904752023469353,2021-07,0.0798203306759505
4489904752023469353,2021-08,0.042115176364879464
4489904752023469353,2021-08,0.03813367339335359
8248484932270772248,2021-07,0.09672547710561356
8248484932270772248,2021-08,0.13588104225825712
2333404192508932057,2021-07,0.007241903602732486
2333404192508932057,2021-07,0.007093995817843418
2333404192508932057,2021-08,0.0033401960252995833
8784237149961904,2021-07,0.006396205562444929
8784237149961904,2021-08,0.007047268838918426
8784237149961904,2021-08,0.008752002740139183
8784237149961904,2021-08,0.007712550902994991
7992317448197179816,2021-07,0.009537586199017876
7992317448197179816,2021-08,0.014145459236523607
7992317448197179816,2021-08,0.005587283064447866
6276792736652545216,2021-07,0.00974535306456505
6276792736652545216,2021-08,0.007485763566026021
6276792736652545216,2021-08,0.004359119624494416
6204723742351094322,2021-07,0.0023267453951648586
6204723742351094322,2021-08,0.006209050396600646
705648002974742140,2021-07,0.03792141105390303
705648002974742140,2021-08,0.017009014280789467
798425422240919854,2021-07,0.003294719725303204
798425422240919854,2021-07,0.005064845474945694
798425422240919854,2021-08,0.004152920074693541
798425422240919854,2021-08,0.004196864284069738
798425422240919854,2021-08,0.0029708420882742013
5432443358006556295,2021-07,0.010546032925965083
5432443358006556295,2021-08,0.006883593509704179
5432443358006556295,2021-08,0.009230283057469419
4395946187332973749,2021-07,0.007126473221614728
4395946187332973749,2021-08,0.00609063693051196
5752688018135006198,2021-07,0.02415906440959268
5752688018135006198,2021-08,0.014878320811839985
5752688018135006198,2021-08,0.016838656360956068
6633838062940819075,2021-07,0.006133484111022478
6633838062940819075,2021-07,0.004477237407978027
6633838062940819075,2021-07,0.004477237407978027
6633838062940819075,2021-08,0.006392512010634801
2598475569074240783,2021-07,0.014246813810078456
7750874287225529604,2021-07,0.010714350842586517
7750874287225529604,2021-08,0.018203605292065456
7750874287225529604,2021-08,0.01630077880729415
7750874287225529604,2021-08,0.013790314980996954
4635578010631860111,2021-07,0.022304253920018852
4820852183212661131,2021-07,0.021297833497722716
4820852183212661131,2021-08,0.013816391909708348
5078307295214858596,2021-07,0.009795188812563414
8559143756893267192,2021-07,0.14297604345153736
3511416927745338332,2021-07,0.008993317922168504
3511416927745338332,2021-08,0.006756572895394768
5607900901204647807,2021-07,0.17973191625540538
7664272163315705419,2021-07,0.012708238703312552
7664272163315705419,2021-08,0.007829160496640402
2088532321693492263,2021-07,0.04169237469480907
2088532321693492263,2021-08,0.2661088795992047
2088532321693492263,2021-08,0.02482243349709993
6858769421191999702,2021-07,0.0029842058697654964
6858769421191999702,2021-08,0.004966738079036391
6858769421191999702,2021-08,0.0027315461758638175
1692423451726508456,2021-07,0.03345781580359865
8255085612985072878,2021-07,0.018257963011308824
8255085612985072878,2021-07,0.019465003471505787
8255085612985072878,2021-08,0.006103345240603742
7176848230239877915,2021-07,0.008803478331841117
7176848230239877915,2021-08,0.005374640814945631
7176848230239877915,2021-08,0.0031999131655996095
5855956854975734380,2021-07,0.013102178758600666
5855956854975734380,2021-08,0.007507280806940676
1998941557906036376,2021-07,0.015841759505373528
1998941557906036376,2021-08,0.016957591433902162
7816319470107777265,2021-07,0.037788708794611055
295375823203017296,2021-07,0.00548275718702983
6828316696355015040,2021-07,0.0033501920623193997
6828316696355015040,2021-08,0.0040339865714233755
8252215766413781202,2021-07,0.04315764764875539
8252215766413781202,2021-08,0.050144260655100255
3970610368027129821,2021-07,0.009908707992440952
3970610368027129821,2021-08,0.004255595492668013
7141263195360679278,2021-07,0.04397455089266309
7141263195360679278,2021-08,0.32230045004094704
7141263195360679278,2021-08,0.04175483572050061
2003221759676247813,2021-07,0.009540387820950642
2003221759676247813,2021-08,0.0070079400332972944
2735662700719640627,2021-07,0.04823845894665928
4052557282157719526,2021-07,0.00768680833321336
4052557282157719526,2021-08,0.007694999033356298
4052557282157719526,2021-08,0.00688079215761188
3258345688897172820,2021-07,0.07604995456795642
7462607259426026440,2021-07,0.008122608189499437
7462607259426026440,2021-08,0.012170307485354692
4556737702757145073,2021-07,0.012578939958583914
4556737702757145073,2021-08,0.013060704994145104
4556737702757145073,2021-08,0.013114865912506702
6926309382371178621,2021-07,0.013991700056336959
8961924617442201922,2021-07,0.016640599045155743
8961924617442201922,2021-08,0.007583681041534481
8961924617442201922,2021-08,0.009419787936590774
8961924617442201922,2021-08,0.10623492595753804
8961924617442201922,2021-08,0.006668496213522405
8552039412779393821,2021-07,0.03150445626917481
8552039412779393821,2021-08,0.04017477422752719
8552039412779393821,2021-08,0.0367212298695946
622073912578471754,2021-07,0.10934549356611495
1613152204777372951,2021-07,0.01782620294433023
6164364689409425900,2021-07,0.01581935631894919
6091519986999196884,2021-07,0.007921132755920518
6091519986999196884,2021-08,0.005421079740879481
6091519986999196884,2021-08,0.0035652563999001136
8374461419511631785,2021-07,0.0066773016392635085
8374461419511631785,2021-08,0.006786867620431831
3421433989501830226,2021-07,0.020867285605932536
3713742318997880410,2021-07,0.0038053356944899312
3713742318997880410,2021-07,0.0039009790849564327
3713742318997880410,2021-08,0.003205667609552803
3713742318997880410,2021-08,0.002468578253928791
1368430815953333691,2021-07,0.12219536152992873
4183921942053157552,2021-07,0.03963510423158332
4183921942053157552,2021-08,0.03738375876394369
4183921942053157552,2021-08,0.029676567623080883
4183921942053157552,2021-08,0.029612279444373956
2900002014851776114,2021-07,0.31124902107509733
1778014915038250584,2021-07,0.252435586050304
1778014915038250584,2021-07,0.166203178930373
1778014915038250584,2021-08,0.18695933243743312
1420529738304793615,2021-07,0.01073465696184319
7818340804682162328,2021-07,0.029007136165177312
4661684997487171886,2021-07,0.013867084572970078
4661684997487171886,2021-07,0.013606737176230014
4661684997487171886,2021-08,0.013911949762389401
4661684997487171886,2021-08,0.013463963822023157
4661684997487171886,2021-08,0.012893021850111507
4661684997487171886,2021-08,0.009391014968725504
4661684997487171886,2021-08,0.0077123162996351555
851897122328714307,2021-07,0.010577036332613811
851897122328714307,2021-07,0.012357348234807834
851897122328714307,2021-08,0.008855666981337813
851897122328714307,2021-08,0.0026681573556389987
257162352336759783,2021-07,0.014084440010620697
257162352336759783,2021-08,0.008351808418937892
5371387005775513675,2021-07,0.037313977891661104
5371387005775513675,2021-08,0.02659558716640805
5371387005775513675,2021-08,0.0228693770180093
662944582644865942,2021-07,0.017834357445601516
662944582644865942,2021-08,0.02266326051123254
662944582644865942,2021-08,0.020046157596715727
662944582644865942,2021-08,0.005940994265690571
1696462947583294958,2021-07,0.0073526722567314965
1696462947583294958,2021-08,0.001952237750955399
6817075905797098547,2021-07,0.03630838019268884
6817075905797098547,2021-08,0.06387847497070644
6817075905797098547,2021-08,0.023340242514556374
6817075905797098547,2021-08,0.03189708843078604
6817075905797098547,2021-08,0.022126144460831134
6817075905797098547,2021-08,0.022303416617014325
2201150681962815877,2021-07,0.02628454555358627
7637066986811047950,2021-07,0.012448637965432318
7637066986811047950,2021-08,0.008947385090943064
4571290108043699959,2021-07,0.003571859588142167
4571290108043699959,2021-08,0.005021010547643895
5562543665139612149,2021-07,0.29193662672364407
2814790209436551216,2021-07,0.08118422710418624
2814790209436551216,2021-08,0.03933358407359539
2814790209436551216,2021-08,0.030304247084507484
8646472172649019955,2021-07,0.30517109596313113
8646472172649019955,2021-08,0.3384962719642349
4919908458022265747,2021-07,0.009291522213659103
4919908458022265747,2021-08,0.008385447499017587
8049805689946244047,2021-07,0.03732480667271661
8049805689946244047,2021-08,0.02700016787343609
8049805689946244047,2021-08,0.023608114703896774
8049805689946244047,2021-08,0.018041252756398077
1292049196559782171,2021-07,0.005946605903440543
1292049196559782171,2021-08,0.0046037492438868715
1292049196559782171,2021-08,0.005373478769544574
1292049196559782171,2021-08,0.0027093646525592012
1292049196559782171,2021-08,0.0027093646525592012
7810985951121711480,2021-07,0.013935409191140686
7810985951121711480,2021-08,0.0039588034481437585
6098833389547425063,2021-07,0.02315090976295655
6098833389547425063,2021-08,0.015967345113995564
8376902089871279815,2021-07,0.0054316922945127554
8013668117699219722,2021-07,0.017373322580229358
8013668117699219722,2021-08,0.007468539791965266
6471448246085839373,2021-07,0.014269548231434328
6471448246085839373,2021-08,0.005275509655970375
1308019675417057675,2021-07,0.011603482367813316
1308019675417057675,2021-07,0.011603482367813316
1308019675417057675,2021-08,0.007224217223620967
1235244772550233980,2021-07,0.0051057137984745924
1235244772550233980,2021-08,0.005418717535708937
1235244772550233980,2021-08,0.0038468869787501706
5477900120643078645,2021-07,0.03712475030345192
5477900120643078645,2021-08,0.027656689204482374
5477900120643078645,2021-08,0.022651340097631048
5477900120643078645,2021-08,0.022795492805728415
6796564304742670823,2021-07,0.10382271885238673
3538481420098344176,2021-07,0.472108733405836
3538481420098344176,2021-08,0.16541562713391583
7444686668183702737,2021-07,0.009500668590540298
7444686668183702737,2021-08,0.011364103050129916
7444686668183702737,2021-08,0.004172878957738085
3192341047315717823,2021-07,0.09323564085223805
3192341047315717823,2021-08,0.07409840481541674
2179772649873197365,2021-07,0.1558487998377803
7442192566700924647,2021-07,0.004024826783392249
6134696632487351445,2021-07,0.00840671933127816
6134696632487351445,2021-08,0.0046176891968848985
8874257794774679816,2021-07,0.011634794572056302
2382123267535341265,2021-08,0.01323312724741496
2382123267535341265,2021-08,0.014425467796444722
2382123267535341265,2021-08,0.008886991325705956
2382123267535341265,2021-08,0.010102163110072154
3275327267689584006,2021-08,0.23829066123819087
3275327267689584006,2021-08,0.2539089059581626
3275327267689584006,2021-08,0.2276969015046518
6216982347344525048,2021-08,0.04080535828927946
6216982347344525048,2021-08,0.0385846319099211
2780030912070252968,2021-08,0.16109443019652947
8245393384938410770,2021-08,0.004653229109821203
7920896580423665241,2021-08,0.007011102275133941
7920896580423665241,2021-08,0.008763937023512082
7920896580423665241,2021-08,0.0035976570815616066
1430896989654626045,2021-08,0.012406961537009093
1430896989654626045,2021-08,0.008112787323677302
9099218788416728596,2021-08,0.8819587608979322
9099218788416728596,2021-08,0.7402621033222643
5795100045494475994,2021-08,0.009556810682752426
5795100045494475994,2021-08,0.00567007063195582
8915958534285799867,2021-08,0.16033221691791194
7403979270048469991,2021-08,0.004734220260393583
7403979270048469991,2021-08,0.00585362264592597
7590999900861381526,2021-08,0.007014583054300434
8843432852270832388,2021-08,0.0070097704924187935
5029701292539093910,2021-08,0.005893039458164454
5029701292539093910,2021-08,0.005854212085514898
2290083177086946553,2021-08,0.007742747167766604
2290083177086946553,2021-08,0.007671775925165453
2290083177086946553,2021-08,0.0075188894584801835
1414132620714431952,2021-08,0.13198768953670306
3036967290595689189,2021-08,0.002576113386012674
2870813069335519467,2021-08,0.009021380032671122
7751080728852739823,2021-08,0.003938594916292247
7751080728852739823,2021-08,0.004068692680066411
4762256864594914240,2021-08,0.01629768711500086
4762256864594914240,2021-08,0.010653868546836013
3386019519917828299,2021-08,0.006006570474682618
3386019519917828299,2021-08,0.005329336481801704
6532139198609901627,2021-08,0.007511114158418249
6532139198609901627,2021-08,0.011895764488780571
8067924767167570288,2021-08,0.009500696115051731
8067924767167570288,2021-08,0.011640560371337955
8067924767167570288,2021-08,0.010777102442238328
1945147145527703963,2021-08,0.0038171205807061665
1945147145527703963,2021-08,0.003771267328930729
1945147145527703963,2021-08,0.003310210155036109
3333870869270823799,2021-08,0.03315835124622239
2250817603281429928,2021-08,0.005713077657602131
2250817603281429928,2021-08,0.006279603434714587
9038299527164672091,2021-08,0.07028794744913062
8715120689636420963,2021-08,0.004933183342479519
984915269987074754,2021-08,0.008576498746349245
984915269987074754,2021-08,0.009501930508522086
984915269987074754,2021-08,0.008947595092818146
2012477868296377155,2021-08,0.02040071718596588
2012477868296377155,2021-08,0.01379910044191144
2012477868296377155,2021-08,0.01379910044191144
2012477868296377155,2021-08,0.016040412311854442
6100972975033180377,2021-08,0.0100807575822444
8511588642284189303,2021-08,0.04593377025498234
8511588642284189303,2021-08,0.04829868514994171
8511588642284189303,2021-08,0.05094674416150375
7206599058451025691,2021-08,0.014007145807136688
7206599058451025691,2021-08,0.015624332136071848
4392369075438855735,2021-08,0.023106839961029912
4392369075438855735,2021-08,0.018983444155779773
4392369075438855735,2021-08,0.03594255071215405
3447213159487287154,2021-08,0.09123485714186155
3447213159487287154,2021-08,0.1847104384244767
3447213159487287154,2021-08,0.1826578497323226
1579681122696922043,2021-08,0.06663285036174539
1579681122696922043,2021-08,0.03308812610139613
2687720147676132707,2021-08,0.00849900118124848
2687720147676132707,2021-08,0.005527963448656306
683445437387317282,2021-08,0.00954256131535728
683445437387317282,2021-08,0.005632871011312263
3903290047715748290,2021-08,0.6355353518525505
7970976988071755401,2021-08,0.03160298307430591
7970976988071755401,2021-08,0.7818623846019837
7970976988071755401,2021-08,0.049839051369265995
8083157716178259762,2021-08,0.007372980947440527
8083157716178259762,2021-08,0.0030365964058429464
8083157716178259762,2021-08,0.0031632426524288407
8343941262792249232,2021-08,0.02639214072646292
8343941262792249232,2021-08,0.017801720003828615
8343941262792249232,2021-08,0.019881532849465696
5225029212547588718,2021-08,0.018655968701982408
170089315547146305,2021-08,0.02787030630867981
170089315547146305,2021-08,0.023674076720124563
170089315547146305,2021-08,0.3667457680421284
170089315547146305,2021-08,0.022542166902487237
3724562776372632620,2021-08,0.0317921702048355
1000372849175668062,2021-08,0.007886623200311556
1000372849175668062,2021-08,0.006100551595617403
5200455618694210402,2021-08,0.006375020562965015
2619109825960703851,2021-08,0.011967853208990308
6337915293429442229,2021-08,0.046778376318897676
1951407691087813358,2021-08,0.0041539144818032205
1951407691087813358,2021-08,0.004167129943365643
1951407691087813358,2021-08,0.004219054972523635
7471183491728700531,2021-08,0.13291962490447082
7471183491728700531,2021-08,0.14549106864370753
7330131219998265639,2021-08,0.004528206457935865
5465001651966355821,2021-08,0.017739170279796185
5465001651966355821,2021-08,0.02125135237104867
5465001651966355821,2021-08,0.02399868555675076
5883155883105348987,2021-08,0.029429192416785547
4090195792518021727,2021-08,0.008843034344656274
4090195792518021727,2021-08,0.00858926553658744
4090195792518021727,2021-08,0.005943146466318706
18719614953021044,2021-08,0.05860359349566941
1533755281771668509,2021-08,0.006555836772607739
837142477962609471,2021-08,0.005151801499694505
6456490958004500912,2021-08,0.07919414046956677
5460280878923715699,2021-08,0.011225534394932507
5460280878923715699,2021-08,0.3644653056774365
1757249986361236700,2021-08,0.006847108906274186
6909701795322574613,2021-08,0.0553453108794868
1115703227712697214,2021-08,0.013221762607843638
107343823625119033,2021-08,0.005074621325582832
107343823625119033,2021-08,0.024722913868357024
107343823625119033,2021-08,0.009692197014223893
107343823625119033,2021-08,0.00408955979648648
4956614249204803652,2021-08,0.030390902856169234
4956614249204803652,2021-08,0.018473098551987303
4008627434689715639,2021-08,0.23880710418303377
4008627434689715639,2021-08,0.1331726583361217
4008627434689715639,2021-08,0.21058743233398527
4008627434689715639,2021-08,0.20130672655243756
4008627434689715639,2021-08,0.1031786956137951
2772135008486239291,2021-08,0.4347618522672106
5558533999208199371,2021-08,0.3202719143135043
4130617254899676131,2021-08,0.12440168928722249
4130617254899676131,2021-08,0.017249771933400694
3543162424793477785,2021-08,0.014078421540056951
3543162424793477785,2021-08,0.004262755793647823
4512887927067894301,2021-08,0.23556032408985908
1044946691507317745,2021-08,0.008092451778253539
7031913170099381454,2021-08,0.13126258578694006
2407532237672094312,2021-08,0.42884055068122706
2407532237672094312,2021-08,0.005291974871806969
5687511145009775604,2021-08,0.7058993297253255
696014079855281037,2021-08,0.0259833292685088
1708019696828098378,2021-08,0.5831472196845283
1708019696828098378,2021-08,0.5191931247429162
9206030810342980458,2021-08,0.16370282266241196
9206030810342980458,2021-08,0.002903218281782559
2778852475840838977,2021-08,0.055832075142782336
1106971614386004604,2021-08,0.7370567337850257
3045840317107313913,2021-08,0.0039356660289749665
3045840317107313913,2021-08,0.003398668241918879
6754039979151386401,2021-08,0.008823308089852152
6754039979151386401,2021-08,0.008794777250163505
6754039979151386401,2021-08,0.004582203801908565
8004409125524742779,2021-08,0.006943676580506788
8004409125524742779,2021-08,0.006385284812785
8004409125524742779,2021-08,0.0017757757628561342
1741049493106216406,2021-08,0.28982035665906336
4335865859049992260,2021-08,0.005174142739392542
4335865859049992260,2021-08,0.0063425228355273675
4335865859049992260,2021-08,0.012461664205835233
8623308321032624474,2021-08,0.48215323918788056
8623308321032624474,2021-08,0.1023493837094851
3516294920850464913,2021-08,0.10315355437401354
1052398277967427422,2021-08,0.19435527832810606
1334091158016312155,2021-08,0.018538920328898808
6486277549325701534,2021-08,0.008542697316563586
6486277549325701534,2021-08,0.006544911410658915
6486277549325701534,2021-08,0.00428108911659726
1423952977138155129,2021-08,0.006902449484292286
1423952977138155129,2021-08,0.003954279154408603
1956406515279457110,2021-08,0.10106034738604251
1956406515279457110,2021-08,0.036229171822139604
1956406515279457110,2021-08,0.035199200972995656
7142043104834932013,2021-08,0.0390736670373099
7142043104834932013,2021-08,0.026946082139789423
2785178201607654410,2021-08,0.14175230099213593
3472934456083131714,2021-08,0.00760474061685597
3472934456083131714,2021-08,0.007621988029646975
5487870288449327165,2021-08,0.06331494953767286
6528158819463595826,2021-08,0.0052743008579815495
8163895533020293251,2021-08,0.5244828629081818
8163895533020293251,2021-08,0.6392279591578257
4660230701075746534,2021-08,0.13962079682935327
4660230701075746534,2021-08,0.11850681066036561
6842075380768862290,2021-08,0.067862476526866
7911162482760986289,2021-08,0.20512512780294198
8729164666041467296,2021-08,0.020929896835341157
521351744568531135,2021-08,0.007729338359287237
1166653268490470189,2021-08,0.05501534228194049
1166653268490470189,2021-08,0.024344131365951656
7076661330300123587,2021-08,0.005871431407055865
531805620371082364,2021-08,0.008235989527244041
4165983075385227812,2021-08,0.008579920994305797
4165983075385227812,2021-08,0.0053666066016618864
4165983075385227812,2021-08,0.004411596312796299
665505091521986356,2021-08,0.004945043719406662
1687017009357941608,2021-08,0.0841953983752282
2773493808492482979,2021-08,0.0053290843616746846
4662079815415471798,2021-08,0.10567925363255525
5574997762710520717,2021-08,0.009077414515844375
1207306324957395736,2021-08,0.3971237790008998
3915426102465954493,2021-08,0.008234088373029764
1093053069479288753,2021-08,0.020607953987559047
4569866309119931805,2021-08,0.014757358781941041
4351694415353093046,2021-08,0.3487358508880143
5255460548789019114,2021-08,0.006074421091003573
8826489829259520138,2021-08,0.005708515076415753
3592461881055047578,2021-08,0.05463350965466263
6987942592445950913,2021-08,0.004164823320531132
1467843186411742274,2021-08,0.05441309582535069
1467843186411742274,2021-08,0.05586162747070101
39547025441582855,2021-08,0.007194052988205797
39547025441582855,2021-08,0.007869893265355227
873223039957991123,2021-08,0.00791893164858383
7671566034617837932,2021-08,0.004914294162418328
7671566034617837932,2021-08,0.004805220618133848
7671566034617837932,2021-08,0.005391863065988501
5689766561863956319,2021-08,0.010926377883129695
7260748352873493818,2021-08,0.06139783869736
4284129442855564250,2021-08,0.012130656067357805
1069093308328204542,2021-08,0.009051598009299475
326257359176916767,2021-08,0.006114629367097238
6615694774618628402,2021-08,0.019886084394750543
6615694774618628402,2021-08,0.05333944507606475
7524505197759784814,2021-08,0.08177454295755758
6598561842700412652,2021-08,0.5886568672740682
6598561842700412652,2021-08,0.48729012615771927
6598561842700412652,2021-08,0.6977261758455109
6598561842700412652,2021-08,0.4290643339035956
69766362497027920,2021-08,0.039425554638565265
6865071386683133124,2021-08,0.005378348025638683
6865071386683133124,2021-08,0.005157096679603022
6020593949794792044,2021-08,0.12292548762670255
1698828605814171242,2021-08,0.007097647000087392
1698828605814171242,2021-08,0.0073375901420191575
8707474618041058293,2021-08,0.06493123734405805
6731795019313479942,2021-08,0.002574672769147025
6941381638534728190,2021-08,0.004263465634565285
5854364934896993687,2021-08,0.006445130017348868
2678966409665050034,2021-08,0.008593017008217324
8706851346184249504,2021-08,0.0035880764554036774
988707525807573448,2021-08,0.004006994782722221
8736788139020105764,2021-08,0.25185717725864754
7061868716439556791,2021-08,0.7195198826460559
4677213860368191144,2021-08,0.021388839253102584
4677213860368191144,2021-08,0.027348488770807543
8463871205935856285,2021-08,0.010951468386742422
8463871205935856285,2021-08,0.0104771649843006
7944852965555666513,2021-08,0.0060190181986729905
3361278050140871809,2021-08,0.17329331512533946
5373371196946859811,2021-08,0.02157567716021269
5373371196946859811,2021-08,0.013621040433836289
2386535178006664233,2021-08,0.8943837658930618
2308217045093677129,2021-08,0.004544609884733331
4831988987853936627,2021-08,0.06596123462012042
8292458529987016717,2021-08,0.005805139548145806
8292458529987016717,2021-08,0.002359133891615312
2805743565496207618,2021-08,0.00703684492245475
6968106554514688300,2021-08,0.006412056947587982
8994944800097997361,2021-08,0.142929128710349
8994944800097997361,2021-08,0.14344356254216045
8994944800097997361,2021-08,0.14344356254216045
4874157215501489741,2021-08,0.004048035060690678
6636325081217917184,2021-08,0.07950058594032697
5540361570968095722,2021-08,0.0038568465362737478
7848910047105468475,2021-08,0.31648927757631407
8449503736717242889,2021-08,0.16795107556952402
7708030042671632236,2021-08,0.00509196931295951
7708030042671632236,2021-08,0.006163074266297831
8859064595603380512,2021-08,0.0034966705332933937
5082813456193598086,2021-08,0.004252533266117503
6704528044328834201,2021-08,0.004072157109362488
2499050168966442376,2021-08,0.18940542481417535
7138126049219817285,2021-08,0.15092596985848364
9142266044170177362,2021-08,0.03170824432113398
2508429106201166689,2021-08,0.004431892402638706
7719481195372677540,2021-08,0.002736013020354941
8398000036517692656,2021-08,0.24745926677982943
1285245417998627607,2021-08,0.6395859453405145
1997130697107291654,2021-08,0.030164116166694448
6724017568171288443,2021-08,0.006290142729100412
5136739522477907100,2021-08,0.006234256575515743
3148228961195376491,2021-08,0.10966737340092995
1827463638348028912,2021-08,0.004639343765869992
6213213514675778388,2021-08,0.022648303138947796
1396078312562623766,2021-08,0.134692683775914
2092588065958607289,2021-08,0.004424509158608033
2092588065958607289,2021-08,0.005682362823073161
2092588065958607289,2021-08,0.009159657352801798
2092588065958607289,2021-08,0.008040785197643282
2092588065958607289,2021-09,0.009100797765617176
2092588065958607289,2021-09,0.009166923348025562
2092588065958607289,2021-09,0.009124689350149293
2092588065958607289,2021-09,0.005417857931385808
2092588065958607289,2021-09,0.009356197237620377
2092588065958607289,2021-09,0.009356197237620377
2092588065958607289,2021-09,0.004492820995572233
8004409125524742779,2021-08,0.0017757757628561342
8004409125524742779,2021-09,0.0021241313536511804
8004409125524742779,2021-09,0.002109603824437922
8004409125524742779,2021-09,0.0019858257236721683
1308019675417057675,2021-08,0.007054251579560053
1308019675417057675,2021-08,0.011011177536068015
1308019675417057675,2021-09,0.06329527069409872
1308019675417057675,2021-09,0.008199238493781333
1687017009357941608,2021-08,0.09118567387463913
5220206408301580591,2021-08,0.041621285494333665
1088268935649917461,2021-08,0.00809189765233052
1088268935649917461,2021-08,0.005428587989716488
683445437387317282,2021-08,0.005887208274890413
683445437387317282,2021-08,0.008819954789582933
683445437387317282,2021-09,0.009519145296275257
3447213159487287154,2021-08,0.15585829619554556
2499050168966442376,2021-08,0.17071617134095435
2499050168966442376,2021-09,0.6276411261405213
8529899700094903171,2021-08,0.0030371325735538265
8529899700094903171,2021-08,0.0030639009392854017
8529899700094903171,2021-08,0.0030371325735538265
8529899700094903171,2021-08,0.006872525332152886
8529899700094903171,2021-08,0.005692921139392041
8529899700094903171,2021-08,0.003600960438548121
8529899700094903171,2021-08,0.0035590788236163472
8529899700094903171,2021-08,0.0035590788236163472
8529899700094903171,2021-08,0.0035590788236163472
8529899700094903171,2021-08,0.0035082961820503537
8529899700094903171,2021-08,0.00903196987447326
8529899700094903171,2021-08,0.003995819737697016
8529899700094903171,2021-08,0.008162881189405634
8529899700094903171,2021-08,0.004911106158625117
8529899700094903171,2021-08,0.0034290016007910997
8529899700094903171,2021-08,0.0034290016007910997
8529899700094903171,2021-08,0.0034290016007910997
8529899700094903171,2021-08,0.0034131123857361534
8529899700094903171,2021-09,0.004362491631529872
8529899700094903171,2021-09,0.0044327268380127925
8529899700094903171,2021-09,0.004367054465125659
8529899700094903171,2021-09,0.0036144940769783406
8529899700094903171,2021-09,0.003891937561170981
8529899700094903171,2021-09,0.0036144940769783406
8529899700094903171,2021-09,0.005211674179842836
8529899700094903171,2021-09,0.0038539725110883793
8529899700094903171,2021-09,0.0040840560465833994
8529899700094903171,2021-09,0.003948196489181171
8529899700094903171,2021-09,0.003951426717104976
7221446976321358973,2021-08,0.0034388834852563744
7221446976321358973,2021-09,0.0032577218780265992
7221446976321358973,2021-09,0.001294085951925506
6594970822995540982,2021-08,0.13612721855737622
6594970822995540982,2021-09,0.023205754946912523
1156053485989336481,2021-08,0.03548516786917523
1156053485989336481,2021-08,0.0348548917455971
1156053485989336481,2021-08,0.03576857367765244
1156053485989336481,2021-08,0.033934133646123285
1156053485989336481,2021-08,0.03647886386861799
1156053485989336481,2021-08,0.0374080403324284
1156053485989336481,2021-08,0.03721435109753217
1156053485989336481,2021-08,0.0365019947018668
1156053485989336481,2021-08,0.03660361437495401
1156053485989336481,2021-08,0.0374080403324284
1156053485989336481,2021-08,0.0374080403324284
1156053485989336481,2021-08,0.0365019947018668
1156053485989336481,2021-08,0.03579127085417915
1156053485989336481,2021-08,0.03579127085417915
1156053485989336481,2021-08,0.0365019947018668
1156053485989336481,2021-08,0.03571632950416918
1156053485989336481,2021-08,0.0361663682819281
1156053485989336481,2021-08,0.03335090229002604
1156053485989336481,2021-08,0.03571632950416918
1156053485989336481,2021-08,0.03579127085417915
1156053485989336481,2021-08,0.043844644818213235
1156053485989336481,2021-08,0.03896921572651382
1156053485989336481,2021-08,0.03729092937940901
1156053485989336481,2021-08,0.03956740719698516
1156053485989336481,2021-08,0.03956740719698516
1156053485989336481,2021-08,0.039280879209972905
1156053485989336481,2021-08,0.0393629945214896
1156053485989336481,2021-08,0.03956740719698516
1156053485989336481,2021-08,0.03956740719698516
1156053485989336481,2021-08,0.0393629945214896
1156053485989336481,2021-08,0.03956740719698516
1156053485989336481,2021-08,0.03918714284127402
1156053485989336481,2021-08,0.03918714284127402
1156053485989336481,2021-09,0.04053217144843671
1156053485989336481,2021-09,0.05525220348197973
1156053485989336481,2021-09,0.051920179154371235
1156053485989336481,2021-09,0.05490612617014627
1156053485989336481,2021-09,0.041859707001824224
1156053485989336481,2021-09,0.03955356671562763
1156053485989336481,2021-09,0.041859707001824224
1156053485989336481,2021-09,0.03955356671562763
1156053485989336481,2021-09,0.03955356671562763
1156053485989336481,2021-09,0.7018595173003903
1156053485989336481,2021-09,0.041859707001824224
1156053485989336481,2021-09,0.041859707001824224
1156053485989336481,2021-09,0.041859707001824224
1156053485989336481,2021-09,0.7018595173003903
1156053485989336481,2021-09,0.7018595173003903
1156053485989336481,2021-09,0.054861801617598085
1156053485989336481,2021-09,0.041859707001824224
1156053485989336481,2021-09,0.5670431179840835
1156053485989336481,2021-09,0.048337678581337105
1156053485989336481,2021-09,0.048337678581337105
1156053485989336481,2021-09,0.045336010157166894
1156053485989336481,2021-09,0.045336010157166894
1156053485989336481,2021-09,0.05087005473958584
1156053485989336481,2021-09,0.04865358033588996
1156053485989336481,2021-09,0.047761291790825965
1156053485989336481,2021-09,0.050150305686405994
1156053485989336481,2021-09,0.04751303204877858
1156053485989336481,2021-09,0.051084832008436346
1156053485989336481,2021-09,0.048100743018551134
1156053485989336481,2021-09,0.04865358033588996
8926565682509268383,2021-08,0.005415178618031495
8926565682509268383,2021-08,0.005415178618031495
8926565682509268383,2021-08,0.004122314139759396
8926565682509268383,2021-08,0.005486447067863403
8926565682509268383,2021-08,0.005677320927857202
8926565682509268383,2021-08,0.007453049198351829
8926565682509268383,2021-08,0.008059963013628463
8926565682509268383,2021-09,0.007909638395529195
8926565682509268383,2021-09,0.0074749220053256325
8926565682509268383,2021-09,0.008382481839994755
8926565682509268383,2021-09,0.008952837605002449
8926565682509268383,2021-09,0.003325527474323754
8926565682509268383,2021-09,0.0037016758410916006
8926565682509268383,2021-09,0.0034402126905498215
8926565682509268383,2021-09,0.0029932985391367445
8926565682509268383,2021-09,0.3724914020511693
8926565682509268383,2021-09,0.0073270681241727675
8926565682509268383,2021-09,0.0037723524018730497
5517114603826429870,2021-08,0.008386248769717082
5517114603826429870,2021-08,0.009152044560036666
1118514612547157551,2021-08,0.01901114031341803
1118514612547157551,2021-08,0.02009220857440371
1118514612547157551,2021-09,0.01941460412818228
1118514612547157551,2021-09,0.01944007497843628
5108407319813072955,2021-08,0.006627525166146309
5108407319813072955,2021-08,0.0038035282990589343
5108407319813072955,2021-08,0.003632684354117895
5108407319813072955,2021-09,0.005409267720824815
5481711897502154955,2021-08,0.019181441030767465
5481711897502154955,2021-08,0.017573647553353267
5481711897502154955,2021-08,0.018442375562588865
5481711897502154955,2021-09,0.007913813421659123
5481711897502154955,2021-09,0.007977975599631064
5481711897502154955,2021-09,0.009406892630570663
5880041582322293710,2021-08,0.016771625800500685
5880041582322293710,2021-08,0.01754929691706905
5880041582322293710,2021-08,0.015699710139328645
5880041582322293710,2021-08,0.013965383150215902
5880041582322293710,2021-08,0.013965383150215902
5880041582322293710,2021-08,0.010494762288772419
5880041582322293710,2021-08,0.010494762288772419
5880041582322293710,2021-08,0.020752759072759603
5880041582322293710,2021-09,0.024488463641637093
5880041582322293710,2021-09,0.020275212602463483
5880041582322293710,2021-09,0.03069496558608659
4862285428951244424,2021-08,0.0031903670968058207
4862285428951244424,2021-08,0.0036945257536360044
4862285428951244424,2021-08,0.0036945257536360044
4862285428951244424,2021-08,0.0034766078970228146
4862285428951244424,2021-09,0.0055829222690810185
4862285428951244424,2021-09,0.005635423455281972
4850722092974676955,2021-08,0.14048290987728723
4850722092974676955,2021-08,0.09970503413476417
4850722092974676955,2021-09,0.03360665807088469
8163895533020293251,2021-08,0.599145725761663
8163895533020293251,2021-08,0.6166915407115547
8163895533020293251,2021-08,0.6020331425284225
8163895533020293251,2021-08,0.5846014526817842
8163895533020293251,2021-08,0.590986580513994
8163895533020293251,2021-08,0.5758748826295775
8163895533020293251,2021-08,0.5725659484435067
8163895533020293251,2021-09,0.45801384857459265
8163895533020293251,2021-09,0.5074157833656658
8163895533020293251,2021-09,0.5153926298610625
5761480994209806499,2021-08,0.0010878058128083194
5761480994209806499,2021-08,0.001926221619580123
5761480994209806499,2021-08,0.0008679878932239466
5761480994209806499,2021-08,0.0013537347440229178
5761480994209806499,2021-08,0.0010618215257532425
5761480994209806499,2021-08,0.0010618215257532425
5761480994209806499,2021-08,0.0012241786497378159
5761480994209806499,2021-08,0.0012241786497378159
5761480994209806499,2021-08,0.0010790718538616583
5761480994209806499,2021-08,0.0018760929784114465
5761480994209806499,2021-08,0.0017161418567391779
5761480994209806499,2021-08,0.0017078676840618027
5761480994209806499,2021-08,0.00145991724852569
5761480994209806499,2021-08,0.0014910090646045057
5761480994209806499,2021-08,0.0016605360395282752
5761480994209806499,2021-08,0.0015187814910801044
5761480994209806499,2021-08,0.0018241076766761445
5761480994209806499,2021-08,0.0017268003183021124
5761480994209806499,2021-08,0.0017238336264738168
5761480994209806499,2021-09,0.0017664401553556491
5761480994209806499,2021-09,0.00216160451868275
5761480994209806499,2021-09,0.002924783912345359
5761480994209806499,2021-09,0.001722177280283943
5761480994209806499,2021-09,0.07089690839927201
5761480994209806499,2021-09,0.001722177280283943
5761480994209806499,2021-09,0.0018014638752380445
5761480994209806499,2021-09,0.0022646553436909403
5761480994209806499,2021-09,0.001774705076772008
5761480994209806499,2021-09,0.0011997516015655656
5761480994209806499,2021-09,0.001460142435739947
5761480994209806499,2021-09,0.0011667961989796534
5761480994209806499,2021-09,0.0012931096864412367
5761480994209806499,2021-09,0.0014165777839773874
5761480994209806499,2021-09,0.0010949741804037435
5761480994209806499,2021-09,0.002722944951486136
5761480994209806499,2021-09,0.001185986456714866
5761480994209806499,2021-09,0.0013097788283503227
5761480994209806499,2021-09,0.0014789615649526554
5761480994209806499,2021-09,0.001655976144870282
5761480994209806499,2021-09,0.001466573933992658
5761480994209806499,2021-09,0.0011148029538957354
5761480994209806499,2021-09,0.001230866026070684
4935929591787890253,2021-08,0.0067693668748682045
4935929591787890253,2021-08,0.009732739291156464
4935929591787890253,2021-08,0.009226746078400985
4935929591787890253,2021-09,0.013047762565283382
4935929591787890253,2021-09,0.01006594918112801
4935929591787890253,2021-09,0.009377069998392095
5522764880180045081,2021-08,0.0032471456451343985
5522764880180045081,2021-08,0.004712825399705626
5522764880180045081,2021-08,0.006140497016208688
5522764880180045081,2021-09,0.005388380680132177
8409181491723988567,2021-08,0.0039145922222337945
8409181491723988567,2021-08,0.003828808091001741
8409181491723988567,2021-08,0.0028270816775612345
8409181491723988567,2021-09,0.0034077982442506827
6582676833651678345,2021-08,0.0031420830618230193
6582676833651678345,2021-08,0.0022186017554757403
6582676833651678345,2021-08,0.003410473429748552
6582676833651678345,2021-09,0.008137432437152972
6582676833651678345,2021-09,0.008556487705478765
6582676833651678345,2021-09,0.00316203811191098
6582676833651678345,2021-09,0.00316203811191098
6582676833651678345,2021-09,0.0025784366855507077
6582676833651678345,2021-09,0.006363994416676315
8487807876567995441,2021-08,0.005353114308161594
8487807876567995441,2021-08,0.00830413482531759
8487807876567995441,2021-09,0.006217761613417234
8487807876567995441,2021-09,0.004216200553476553
8733525963966339207,2021-08,0.293604845426899
8733525963966339207,2021-08,0.2845319542753202
8733525963966339207,2021-08,0.2936418497517837
8733525963966339207,2021-09,0.2445844421247112
8733525963966339207,2021-09,0.16836243499204273
4045739494965095560,2021-08,0.0025504830894677475
4045739494965095560,2021-08,0.002352618811352074
4045739494965095560,2021-08,0.0048606148094249655
4045739494965095560,2021-08,0.004394071582802102
4045739494965095560,2021-08,0.005559879672129219
4045739494965095560,2021-09,0.004690663678503129
4045739494965095560,2021-09,0.005000732950486356
4045739494965095560,2021-09,0.005000732950486356
4045739494965095560,2021-09,0.004605041530607654
4045739494965095560,2021-09,0.004610750963896231
4045739494965095560,2021-09,0.004573075942879944
4045739494965095560,2021-09,0.004690663678503129
4045739494965095560,2021-09,0.0031939392760347318
4045739494965095560,2021-09,0.00335154969473897
4045739494965095560,2021-09,0.003775946834259138
1613152204777372951,2021-08,0.011505464477904693
1613152204777372951,2021-08,0.01573166857972053
8826489829259520138,2021-08,0.002812113967677028
8826489829259520138,2021-08,0.005949140761823132
8826489829259520138,2021-08,0.00477833831539238
8826489829259520138,2021-09,0.005740418792758011
8826489829259520138,2021-09,0.0055408269926970665
3382624494518753363,2021-08,0.4507550726434454
3382624494518753363,2021-09,0.26706580015590425
8564920972266217847,2021-08,0.004066374954294337
8564920972266217847,2021-09,0.00524120174773809
5794903898038236832,2021-08,0.02114114789243178
5794903898038236832,2021-08,0.024486643683741767
5794903898038236832,2021-09,0.025617680748586114
3118152790263512426,2021-08,0.002869919963758482
3118152790263512426,2021-08,0.0038172631556046143
3118152790263512426,2021-08,0.0038172631556046143
3118152790263512426,2021-08,0.002780604890042018
3118152790263512426,2021-08,0.00351063444876162
3118152790263512426,2021-09,0.003705126378536533
3118152790263512426,2021-09,0.003656962851831321
8348574220426911086,2021-08,0.008825594259648108
8348574220426911086,2021-08,0.01075915439188324
8348574220426911086,2021-08,0.008161878243577975
8348574220426911086,2021-09,0.016356492344207517
8464809590757561185,2021-08,0.0035013683934318643
8464809590757561185,2021-08,0.004422286999004594
8464809590757561185,2021-08,0.004510720347403928
8464809590757561185,2021-08,0.004112417627481276
8464809590757561185,2021-08,0.006242895089169087
8464809590757561185,2021-09,0.015526086023322045
7707459425750676368,2021-08,0.032598522114840996
7707459425750676368,2021-08,0.7446679291209701
7707459425750676368,2021-09,0.14164363402153515
2025898153078562640,2021-08,0.01627595379138054
2025898153078562640,2021-08,0.012539708170051513
7910340581026492945,2021-08,0.0028250582542941427
7910340581026492945,2021-08,0.0030437105284628423
7910340581026492945,2021-08,0.0029017320159875197
7910340581026492945,2021-08,0.00463919328539939
7910340581026492945,2021-09,0.27772251273928733
7910340581026492945,2021-09,0.003146698212566466
7910340581026492945,2021-09,0.002772996087086551
8505870778358741102,2021-08,0.035148412002219645
8505870778358741102,2021-08,0.018031957272248208
8505870778358741102,2021-09,0.018688275546557213
8505870778358741102,2021-09,0.009170970010057209
6145308913889808258,2021-08,0.1814088822726843
9184785003280841216,2021-08,0.01445157296929129
9184785003280841216,2021-08,0.014416133488670036
9184785003280841216,2021-08,0.015468330554071789
9184785003280841216,2021-08,0.015654783020037605
9184785003280841216,2021-08,0.015315825183865497
9184785003280841216,2021-08,0.016179086892957495
9184785003280841216,2021-09,0.019060792202622728
9184785003280841216,2021-09,0.015045152509589472
7177785309735471560,2021-08,0.0024944043827835466
7177785309735471560,2021-08,0.00454103082602707
7177785309735471560,2021-08,0.005320178274699323
7177785309735471560,2021-09,0.0066326390140617605
7177785309735471560,2021-09,0.04103328845228049
7177785309735471560,2021-09,0.003054955273795307
7177785309735471560,2021-09,0.0033812593653267096
7177785309735471560,2021-09,0.0027091151340066233
8835646476961190471,2021-08,0.08461987186053456
8835646476961190471,2021-08,0.09138924596950357
8835646476961190471,2021-09,0.05694439022332696
6061850657256270336,2021-08,0.05940953484916269
6061850657256270336,2021-08,0.06236027947076699
6061850657256270336,2021-09,0.02413412386891791
6061850657256270336,2021-09,0.017811810784654537
6061850657256270336,2021-09,0.058283796680334864
4679462479444735708,2021-08,0.002558911076215893
4679462479444735708,2021-08,0.0023343944170433045
4679462479444735708,2021-08,0.0023343944170433045
4679462479444735708,2021-08,0.002378013513458689
4679462479444735708,2021-08,0.002378013513458689
4679462479444735708,2021-08,0.004141844831695688
4679462479444735708,2021-08,0.005874551284259057
4679462479444735708,2021-09,0.006081276068461324
4679462479444735708,2021-09,0.00397566404784567
4679462479444735708,2021-09,0.0038496240284693795
4679462479444735708,2021-09,0.0031258709523459267
7818340804682162328,2021-08,0.008124877569051094
7818340804682162328,2021-08,0.011751860064250459
7818340804682162328,2021-09,0.09835428864010108
7818340804682162328,2021-09,0.011416400429687903
7818340804682162328,2021-09,0.0075888544289609335
5757271354816214865,2021-08,0.7432461286132376
5757271354816214865,2021-08,0.7687929711091347
5757271354816214865,2021-09,0.8402380660367462
8784237149961904,2021-08,0.0032831261751482396
8784237149961904,2021-08,0.005107099192548025
8784237149961904,2021-08,0.008360897955075395
8784237149961904,2021-08,0.006853714788855363
8784237149961904,2021-08,0.008163352857762365
8784237149961904,2021-09,0.00830239183369182
8784237149961904,2021-09,0.004337085372930261
4414438591613884911,2021-08,0.010348704424969076
4414438591613884911,2021-08,0.010044019037616099
4414438591613884911,2021-08,0.01406875667173487
4414438591613884911,2021-09,0.01152448661489046
4414438591613884911,2021-09,0.011158349722331437
3970610368027129821,2021-08,0.003735998348176769
3970610368027129821,2021-09,0.004867468307496009
3829967475074118757,2021-08,0.29757596096063815
3829967475074118757,2021-08,0.297665026408536
3829967475074118757,2021-08,0.3254564809106489
3829967475074118757,2021-08,0.32618527849791107
3829967475074118757,2021-08,0.301727926628361
3829967475074118757,2021-08,0.2632539117947439
3829967475074118757,2021-09,0.5360132463611547
8889055492416898333,2021-08,0.026119618612372556
8889055492416898333,2021-08,0.011473329521461455
8889055492416898333,2021-09,0.019289382898136333
8889055492416898333,2021-09,0.10147162202696754
8889055492416898333,2021-09,0.030039341939021198
7436628409157313756,2021-08,0.010916971221118609
7436628409157313756,2021-08,0.013041600619008309
7436628409157313756,2021-09,0.041503443558993235
7436628409157313756,2021-09,0.02290718468845335
2191990606593345695,2021-08,0.01259504220222887
2191990606593345695,2021-08,0.009379602561893111
2191990606593345695,2021-08,0.01014541561415321
3408536439470975134,2021-08,0.00205668555706911
3408536439470975134,2021-08,0.0024782698524463596
3408536439470975134,2021-08,0.002390828422345858
3408536439470975134,2021-08,0.003021879175615294
3408536439470975134,2021-08,0.003103935736927768
3408536439470975134,2021-09,0.004737500363232369
3408536439470975134,2021-09,0.003887221577019293
3408536439470975134,2021-09,0.0040368566400647895
3408536439470975134,2021-09,0.0040368566400647895
3408536439470975134,2021-09,0.0040368566400647895
3408536439470975134,2021-09,0.003975539579229608
3408536439470975134,2021-09,0.0025198404537028147
3408536439470975134,2021-09,0.0025198404537028147
3408536439470975134,2021-09,0.002551415054679227
170089315547146305,2021-08,0.022154264966048325
170089315547146305,2021-08,0.03969080316640761
170089315547146305,2021-08,0.01758814518177118
170089315547146305,2021-08,0.01618948367909997
170089315547146305,2021-08,0.024221426905214775
170089315547146305,2021-08,0.0225527183397272
170089315547146305,2021-08,0.0225527183397272
170089315547146305,2021-08,0.027996853649153997
170089315547146305,2021-09,0.021536937651848387
170089315547146305,2021-09,0.021383251866000583
3161361581909316305,2021-08,0.009271321303063304
8535586342375301953,2021-08,0.011368548495736396
8535586342375301953,2021-08,0.010969278326435041
8535586342375301953,2021-08,0.009369960321197982
8535586342375301953,2021-09,0.0031900712752709667
8939476669690489534,2021-08,0.027178590147708924
8939476669690489534,2021-08,0.023279540673035864
8939476669690489534,2021-08,0.023279540673035864
8939476669690489534,2021-09,0.019323998328291965
7457803471605010846,2021-08,0.0024884559574910566
7457803471605010846,2021-08,0.004694901558105376
7457803471605010846,2021-08,0.005038640556571436
7457803471605010846,2021-09,0.00497156837587708
3192341047315717823,2021-08,0.13272629780044864
3192341047315717823,2021-08,0.1350488675802166
3263212305228307743,2021-08,0.0022063975146971804
3263212305228307743,2021-08,0.0025911088489895652
3263212305228307743,2021-08,0.0048430805344337555
3263212305228307743,2021-08,0.0026861538840428816
3263212305228307743,2021-08,0.004098273213900637
3263212305228307743,2021-08,0.0035848923774052803
3263212305228307743,2021-08,0.0034581572599214094
3263212305228307743,2021-09,0.005431751385391769
3263212305228307743,2021-09,0.00468639236530424
4050525344257805036,2021-08,0.11465115441302419
1292049196559782171,2021-08,0.0026710496199422876
1292049196559782171,2021-08,0.002996186515976931
1292049196559782171,2021-08,0.002996186515976931
1292049196559782171,2021-09,0.0026730437513424053
4956614249204803652,2021-08,0.7323479796238266
4956614249204803652,2021-08,0.02263673592866492
4956614249204803652,2021-08,0.022672198007795217
4956614249204803652,2021-08,0.024201971378574074
4956614249204803652,2021-09,0.057952961048563796
4956614249204803652,2021-09,0.058488848420539606
4956614249204803652,2021-09,0.04847672186176032
5465001651966355821,2021-08,0.02022603814161737
5465001651966355821,2021-08,0.010067757237047292
5465001651966355821,2021-08,0.019354853638407717
5465001651966355821,2021-09,0.026404974646656833
4723919748432185874,2021-08,0.00393581839848915
4723919748432185874,2021-08,0.004158169430787319
4723919748432185874,2021-08,0.0037621270011425384
4723919748432185874,2021-08,0.007000369621882208
4723919748432185874,2021-09,0.003594935949765911
4723919748432185874,2021-09,0.003099512630408659
4723919748432185874,2021-09,0.0026638552447592776
4723919748432185874,2021-09,0.0025571879722549058
8173830874846355280,2021-08,0.005484762352465984
8173830874846355280,2021-08,0.005373293686041813
8173830874846355280,2021-08,0.005823509515720365
8173830874846355280,2021-08,0.0057051958708636405
8173830874846355280,2021-08,0.006985011203130066
8173830874846355280,2021-08,0.007839274915927901
8173830874846355280,2021-08,0.007814751002370026
8173830874846355280,2021-08,0.007002019721429562
8173830874846355280,2021-08,0.00991333103324831
8173830874846355280,2021-08,0.008062585521433244
8173830874846355280,2021-08,0.00820747127710972
8173830874846355280,2021-08,0.007919751502513487
8173830874846355280,2021-09,0.008166236582349957
8173830874846355280,2021-09,0.005412009428779086
8173830874846355280,2021-09,0.00550704405106429
8173830874846355280,2021-09,0.0053196025400072955
8173830874846355280,2021-09,0.005143664918542858
8173830874846355280,2021-09,0.004959057430751698
8173830874846355280,2021-09,0.005501662567172609
8173830874846355280,2021-09,0.00558688204304251
8173830874846355280,2021-09,0.00554654441715539
8173830874846355280,2021-09,0.0055962775049581085
4489904752023469353,2021-08,0.056075886843827506
4489904752023469353,2021-08,0.05002989694505814
4489904752023469353,2021-09,0.02734803524864895
4489904752023469353,2021-09,0.06232077148810213
1658487213084590146,2021-08,0.32129112742580096
2290083177086946553,2021-08,0.0040560031365160665
2290083177086946553,2021-08,0.004101829441587932
2290083177086946553,2021-09,0.004504784589526443
2290083177086946553,2021-09,0.00468089380897351
1253437108265925705,2021-08,0.0033038316996159963
1253437108265925705,2021-09,0.003096003258010086
5122095358293179297,2021-08,0.2731834591998544
5122095358293179297,2021-08,0.09304540566663778
5122095358293179297,2021-08,0.1045203685823357
5122095358293179297,2021-08,0.0033002973563963037
5122095358293179297,2021-08,0.005896697819458213
7708030042671632236,2021-08,0.004481404770781164
8376902089871279815,2021-08,0.0031667755634874365
8376902089871279815,2021-09,0.00510773790697918
8376902089871279815,2021-09,0.006812061054890834
8343941262792249232,2021-08,0.026345009075131598
8343941262792249232,2021-08,0.026866720782519192
8343941262792249232,2021-08,0.026970829876977756
8343941262792249232,2021-09,0.08317509733391414
8343941262792249232,2021-09,0.021522385092075325
4717717003637613480,2021-08,0.003793856260363298
4717717003637613480,2021-08,0.002684226047290577
4717717003637613480,2021-08,0.004131599507607885
4717717003637613480,2021-08,0.004439927563250118
4717717003637613480,2021-09,0.0017387688107629842
2408009918678280470,2021-08,0.00647643095192213
2408009918678280470,2021-08,0.004337729943463922
2408009918678280470,2021-09,0.008211308644282251
2408009918678280470,2021-09,0.024415723480721067
2408009918678280470,2021-09,0.010763767514518843
2408009918678280470,2021-09,0.008211308644282251
2408009918678280470,2021-09,0.007844616963447187
2408009918678280470,2021-09,0.005614733693978938
2408009918678280470,2021-09,0.0058267169105017825
2408009918678280470,2021-09,0.005123294180325773
2408009918678280470,2021-09,0.01228078270582671
6276792736652545216,2021-08,0.003665605956838665
6276792736652545216,2021-09,0.006638811992313079
6276792736652545216,2021-09,0.005614172015166782
6276792736652545216,2021-09,0.005614172015166782
6276792736652545216,2021-09,0.005954175954841628
3750579377644235511,2021-08,0.08269458263221721
3750579377644235511,2021-08,0.19961634083929808
69766362497027920,2021-08,0.039190445874856254
69766362497027920,2021-09,0.05476803872008894
69766362497027920,2021-09,0.05068881577498031
69766362497027920,2021-09,0.04634933869593738
7325545718770538459,2021-08,0.0024081591174024302
7325545718770538459,2021-08,0.0034555270966800415
7325545718770538459,2021-08,0.0034555270966800415
7325545718770538459,2021-08,0.005149004084733081
7325545718770538459,2021-08,0.005305984607517671
7325545718770538459,2021-08,0.005149004084733081
7325545718770538459,2021-08,0.0038706662240448456
7325545718770538459,2021-08,0.008312030729990672
7325545718770538459,2021-09,0.004318501284304643
7325545718770538459,2021-09,0.006216995896823152
7325545718770538459,2021-09,0.005938533514578899
7325545718770538459,2021-09,0.006216995896823152
7325545718770538459,2021-09,0.006216995896823152
7325545718770538459,2021-09,0.004359386166026349
7325545718770538459,2021-09,0.00463655324283732
7325545718770538459,2021-09,0.0032599435501428336
7325545718770538459,2021-09,0.0023866263020063455
7325545718770538459,2021-09,0.003443809213445919
7325545718770538459,2021-09,0.003443809213445919
7325545718770538459,2021-09,0.0022478961948449484
3997247264680905799,2021-08,0.0036862434795898276
3997247264680905799,2021-08,0.0035071142297884235
3997247264680905799,2021-08,0.0052473885888810815
3997247264680905799,2021-08,0.0052473885888810815
3997247264680905799,2021-09,0.005354048005768436
3997247264680905799,2021-09,0.003238878923064003
3997247264680905799,2021-09,0.0033085531904400913
7710364735942975505,2021-08,0.020819677912345506
7710364735942975505,2021-08,0.019137334118832002
7710364735942975505,2021-09,0.0102380310374301
6100972975033180377,2021-08,0.005954977393420864
6100972975033180377,2021-09,0.005516422509697939
1276604410881911401,2021-08,0.019208196045517958
1276604410881911401,2021-08,0.021528516316352154
1276604410881911401,2021-08,0.01897159571747372
1276604410881911401,2021-08,0.02612299010862438
1276604410881911401,2021-08,0.028670889345931334
1276604410881911401,2021-08,0.025803456421187216
1276604410881911401,2021-08,0.018008928998997753
1276604410881911401,2021-08,0.0241669170563484
1276604410881911401,2021-08,0.025803456421187216
1276604410881911401,2021-08,0.028670889345931334
1276604410881911401,2021-08,0.029480803520271624
1276604410881911401,2021-08,0.018921677607412223
1276604410881911401,2021-09,0.018757501842911545
1276604410881911401,2021-09,0.01997471521221042
1276604410881911401,2021-09,0.018580446561088187
1276604410881911401,2021-09,0.018580446561088187
1276604410881911401,2021-09,0.01997471521221042
1276604410881911401,2021-09,0.01509474133917363
1276604410881911401,2021-09,0.014883726248480797
4661684997487171886,2021-08,0.006784242748258561
4661684997487171886,2021-08,0.007656352093666824
4661684997487171886,2021-09,0.00852558703381546
4661684997487171886,2021-09,0.008918247748711984
4661684997487171886,2021-09,0.008702398718117824
4661684997487171886,2021-09,0.006175427246936471
7590999900861381526,2021-08,0.0040589729070175
7590999900861381526,2021-09,0.007054808634640729
819552547620904652,2021-08,0.131063335570303
819552547620904652,2021-08,0.12346797956731957
819552547620904652,2021-08,0.09134047852795871
819552547620904652,2021-08,0.09157651710415517
3156852928909455203,2021-08,0.009681418822808905
3156852928909455203,2021-08,0.009980256343494878
3156852928909455203,2021-09,0.00926482833000945
2598475569074240783,2021-08,0.00822266575638907
6030285068945261052,2021-08,0.003778935880220589
6030285068945261052,2021-08,0.002981631448115188
6030285068945261052,2021-08,0.002981631448115188
6030285068945261052,2021-08,0.005648996152513591
6030285068945261052,2021-09,0.003856713237839731
6030285068945261052,2021-09,0.0037315619094447855
6030285068945261052,2021-09,0.003051971334298124
8843432852270832388,2021-08,0.008108324244451817
8843432852270832388,2021-09,0.007372856134848514
1033361676287635885,2021-08,0.04373647849959882
1033361676287635885,2021-08,0.027833982614074725
1033361676287635885,2021-08,0.029100323093135733
1033361676287635885,2021-09,0.03790959153537686
1033361676287635885,2021-09,0.042145329208878125
1956406515279457110,2021-08,0.03728918874608735
1956406515279457110,2021-08,0.03343361010347423
1956406515279457110,2021-08,0.033182591532288586
1956406515279457110,2021-08,0.033182591532288586
1956406515279457110,2021-09,0.042700570942921554
1956406515279457110,2021-09,0.042700570942921554
1956406515279457110,2021-09,0.049501192697259305
4795152981525833467,2021-08,0.003586594052837193
4795152981525833467,2021-08,0.00471125338448775
4795152981525833467,2021-08,0.005120106838377232
4795152981525833467,2021-08,0.0075037377317630554
4795152981525833467,2021-09,0.008819789480780785
4795152981525833467,2021-09,0.00762732254014752
4795152981525833467,2021-09,0.008432875857743848
314309872114206760,2021-08,0.04360020078960939
314309872114206760,2021-08,0.04360020078960939
314309872114206760,2021-08,0.04434348145867101
314309872114206760,2021-08,0.0498555739213853
314309872114206760,2021-09,0.04549971699961575
314309872114206760,2021-09,0.03795515894148699
314309872114206760,2021-09,0.046029145660833735
314309872114206760,2021-09,0.024118792370891946
314309872114206760,2021-09,0.024118792370891946
2407532237672094312,2021-08,0.005291974871806969
2407532237672094312,2021-08,0.0125289242973215
792560389712312178,2021-08,0.0018108862436201972
792560389712312178,2021-08,0.002141097665752327
792560389712312178,2021-09,0.004135082710117443
792560389712312178,2021-09,0.0036831187881278243
6238903426443761049,2021-08,0.006128734255008774
6238903426443761049,2021-08,0.009407205882680996
6238903426443761049,2021-08,0.009846705845786986
6238903426443761049,2021-08,0.009575979037349951
6238903426443761049,2021-08,0.010218749545712818
6238903426443761049,2021-09,0.08489419428802748
6238903426443761049,2021-09,0.011007180490852947
6238903426443761049,2021-09,0.007471993437739652
6238903426443761049,2021-09,0.011791362802302443
531805620371082364,2021-08,0.009544574890470583
531805620371082364,2021-09,0.46494647135603434
2771214050521171719,2021-08,0.00345259012711079
2771214050521171719,2021-08,0.004188380716240598
2771214050521171719,2021-09,0.009729744945662887
4995217181024687397,2021-08,0.003906960616236448
4995217181024687397,2021-08,0.004796613690674825
4995217181024687397,2021-09,0.0062670221383532955
4995217181024687397,2021-09,0.006147787555520436
4995217181024687397,2021-09,0.005267781115135564
4995217181024687397,2021-09,0.0032649296732853604
4995217181024687397,2021-09,0.0033718883386157673
8107542605807471599,2021-08,0.7613120859774412
8107542605807471599,2021-09,0.7653050356659752
7908414709866823255,2021-08,0.005671004907507211
7908414709866823255,2021-08,0.018087082706129885
7908414709866823255,2021-08,0.010020639331486548
7908414709866823255,2021-08,0.008016064552384431
7908414709866823255,2021-08,0.008016064552384431
7908414709866823255,2021-08,0.009492806726548099
7908414709866823255,2021-09,0.010409257075728248
7908414709866823255,2021-09,0.00646329259317576
7908414709866823255,2021-09,0.007500526394241954
6349142675790687765,2021-08,0.3157229021186239
6349142675790687765,2021-08,0.35678884141686373
6349142675790687765,2021-08,0.3451833120699469
6349142675790687765,2021-08,0.39054221525686184
6349142675790687765,2021-08,0.5997603782922953
6349142675790687765,2021-08,0.3451833120699469
6349142675790687765,2021-08,0.351533014886372
6349142675790687765,2021-09,0.40004819763930766
6349142675790687765,2021-09,0.3850952096546463
7911162482760986289,2021-08,0.25701210223072846
7911162482760986289,2021-09,0.23212329470726306
6817075905797098547,2021-08,0.020657774216527078
6817075905797098547,2021-08,0.022633794753386293
6471448246085839373,2021-08,0.0049388111016874115
6471448246085839373,2021-08,0.004931183241000271
6471448246085839373,2021-08,0.012247684088444925
6471448246085839373,2021-09,0.0035355832441843716
4863405965754103821,2021-08,0.014950180059263162
4863405965754103821,2021-08,0.019494152315322488
4863405965754103821,2021-09,0.017754054751272896
4863405965754103821,2021-09,0.018788641662144456
2022367282554149730,2021-08,0.0025841836307187727
2022367282554149730,2021-08,0.0031196067802223984
2022367282554149730,2021-08,0.0031385273585231503
2022367282554149730,2021-08,0.002809015660148433
2022367282554149730,2021-08,0.004095234574960339
2022367282554149730,2021-09,0.004875405930628696
2022367282554149730,2021-09,0.0027483412492875997
5067621068959932809,2021-08,0.050507995613934084
5067621068959932809,2021-08,0.04550600944681183
5067621068959932809,2021-08,0.08635017702679641
5067621068959932809,2021-09,0.037312292624051745
5067621068959932809,2021-09,0.03596324075183066
5067621068959932809,2021-09,0.03596324075183066
5067621068959932809,2021-09,0.05972388448118276
5067621068959932809,2021-09,0.025980548692921237
5067621068959932809,2021-09,0.02274047748286275
8123515208041701633,2021-08,0.0237622270380616
8123515208041701633,2021-08,0.02719869754303489
8123515208041701633,2021-08,0.02721912130947313
5974858472822751652,2021-08,0.00273565373975682
5974858472822751652,2021-09,0.004983092309398249
5974858472822751652,2021-09,0.0029122009041784506
6715993871935527857,2021-08,0.10824508837420264
6715993871935527857,2021-08,0.108810616725703
1553628056929342565,2021-08,0.019249259804235648
1553628056929342565,2021-08,0.01948941311270195
1553628056929342565,2021-09,0.04314273289286407
7403979270048469991,2021-08,0.002853510363738181
7403979270048469991,2021-08,0.004601033368919167
7403979270048469991,2021-09,0.004321593667397104
7403979270048469991,2021-09,0.002745938788405058
7403979270048469991,2021-09,0.002813947030357956
2083323809219952960,2021-08,0.00458835598476859
2083323809219952960,2021-08,0.00459974839028703
2083323809219952960,2021-08,0.005045280568429212
2083323809219952960,2021-08,0.0044496974278446675
2083323809219952960,2021-08,0.00391101087541247
2083323809219952960,2021-08,0.003586175835275408
2083323809219952960,2021-09,0.012061139671777809
2083323809219952960,2021-09,0.009449260667824172
2083323809219952960,2021-09,0.009554174124376476
2083323809219952960,2021-09,0.025923655362405942
2083323809219952960,2021-09,0.025923655362405942
4166581859919473627,2021-08,0.007383638502091403
4166581859919473627,2021-08,0.007893526122562609
4166581859919473627,2021-08,0.006840851115744405
4166581859919473627,2021-08,0.0061934721401108814
7215093571368368138,2021-08,0.10871144705805375
7215093571368368138,2021-08,0.08793247936207856
7215093571368368138,2021-08,0.11109122624792578
7215093571368368138,2021-08,0.09601682887001509
7215093571368368138,2021-09,0.07645211739892686
7215093571368368138,2021-09,0.07598393226526018
7215093571368368138,2021-09,0.07871748106362152
7215093571368368138,2021-09,0.07902211142416529
7957786135641291906,2021-08,0.5409370162069939
7957786135641291906,2021-08,0.46272306771931515
4008627434689715639,2021-08,0.1643170853777145
4008627434689715639,2021-08,0.18497451033922388
4008627434689715639,2021-08,0.205619762860903
4008627434689715639,2021-09,0.19437479293839632
4008627434689715639,2021-09,0.2797398547838923
4008627434689715639,2021-09,0.221654515292827
4008627434689715639,2021-09,0.12890691169726975
4008627434689715639,2021-09,0.17317033147414965
1003144834589372198,2021-08,0.003994136581381876
1003144834589372198,2021-08,0.005311494482738262
1003144834589372198,2021-08,0.006196525308477389
1003144834589372198,2021-09,0.007030984215103795
1003144834589372198,2021-09,0.005927669292581251
1003144834589372198,2021-09,0.0026211027671091676
1003144834589372198,2021-09,0.0023885668223948215
226405871752897670,2021-08,0.014923755705472356
226405871752897670,2021-08,0.014923755705472356
226405871752897670,2021-08,0.01771356490663683
226405871752897670,2021-08,0.024289802649117193
226405871752897670,2021-09,0.014270721937981536
226405871752897670,2021-09,0.006943413758843731
8013668117699219722,2021-08,0.018256788512149156
8013668117699219722,2021-08,0.011155317475270371
8013668117699219722,2021-08,0.014937962166983622
8013668117699219722,2021-09,0.008181572656256646
8013668117699219722,2021-09,0.008385656136024428
2943087245123311166,2021-08,0.011783456567684472
2943087245123311166,2021-08,0.01031777105644889
2943087245123311166,2021-08,0.014420866043615017
2943087245123311166,2021-09,0.02902987662334033
2214132103234633622,2021-08,0.022529245396767764
2214132103234633622,2021-09,0.004811267789906911
2214132103234633622,2021-09,0.005128491673029476
2214132103234633622,2021-09,0.004870929948352433
2214132103234633622,2021-09,0.00642288240007041
2214132103234633622,2021-09,0.005583477539036533
1953058402621337677,2021-08,0.004908196781237728
1953058402621337677,2021-08,0.005414225465258206
1953058402621337677,2021-09,0.0052406460369563
6486277549325701534,2021-08,0.004551351948722367
6486277549325701534,2021-08,0.007596481787561018
6486277549325701534,2021-09,0.00484629308394156
6486277549325701534,2021-09,0.004018717974415188
6486277549325701534,2021-09,0.004018717974415188
6486277549325701534,2021-09,0.004067185215091057
4850936440093751199,2021-08,0.0036076628934838886
4850936440093751199,2021-08,0.004381666906977918
4850936440093751199,2021-08,0.004399417921056602
4820852183212661131,2021-08,0.015389387716939673
4820852183212661131,2021-08,0.010205973399970156
4820852183212661131,2021-09,0.011111155461404036
4820852183212661131,2021-09,0.6230602203849932
4820852183212661131,2021-09,0.010353840523610143
8729164666041467296,2021-08,0.02116274736042978
8729164666041467296,2021-08,0.019494126687920655
924957821424248698,2021-08,0.0035379335596715453
924957821424248698,2021-08,0.0037479101855164183
924957821424248698,2021-09,0.004878160568230535
7787306805605072964,2021-08,0.6959855972983315
2532435113844289043,2021-08,0.003269728917298845
2532435113844289043,2021-08,0.0039548969850406145
2532435113844289043,2021-08,0.005035860321904112
2532435113844289043,2021-08,0.005712940050032614
2532435113844289043,2021-08,0.008281041542717601
2532435113844289043,2021-08,0.00523363904983487
2532435113844289043,2021-08,0.006116846119424337
2532435113844289043,2021-09,0.004768454493486063
2532435113844289043,2021-09,0.00472998153754838
2532435113844289043,2021-09,0.0044916600246532445
2532435113844289043,2021-09,0.0049938058008949
2532435113844289043,2021-09,0.004273705480787589
2532435113844289043,2021-09,0.0044916600246532445
2532435113844289043,2021-09,0.004239928687367048
2532435113844289043,2021-09,0.0073574909885880495
2532435113844289043,2021-09,0.004551634513318479
2532435113844289043,2021-09,0.003993828091628329
2532435113844289043,2021-09,0.003662216325751703
2532435113844289043,2021-09,0.0030296036327859556
3931892303497206092,2021-08,0.025574649543449412
3931892303497206092,2021-08,0.03901478088438402
3931892303497206092,2021-08,0.023005532640881433
3931892303497206092,2021-09,0.03597355933815775
3931892303497206092,2021-09,0.016643550113168898
324916756972236008,2021-08,0.008150441670867767
324916756972236008,2021-08,0.01041325203576868
324916756972236008,2021-09,0.011519611453292174
324916756972236008,2021-09,0.010593099323532204
324916756972236008,2021-09,0.011308798785944688
3634047863995720708,2021-08,0.0036563676180237396
7442192566700924647,2021-08,0.002012929581574752
5613825020130267729,2021-08,0.0026113069648540013
5613825020130267729,2021-08,0.0029528455441524253
5613825020130267729,2021-09,0.0057808243947778315
5613825020130267729,2021-09,0.0031787119349204656
6098833389547425063,2021-08,0.015087129629187453
6098833389547425063,2021-08,0.012102574631494037
6098833389547425063,2021-08,0.01486409425944222
6098833389547425063,2021-09,0.007483895560069896
3660744270380078352,2021-08,0.127104328761182
3660744270380078352,2021-08,0.04901762174123981
3660744270380078352,2021-08,0.052778522776826306
3660744270380078352,2021-08,0.052052519877796743
3660744270380078352,2021-09,0.0489502415724427
3660744270380078352,2021-09,0.023756045568335545
3660744270380078352,2021-09,0.05360463724248746
3660744270380078352,2021-09,0.03195232402341435
1454789421854453615,2021-08,0.03423956483292405
1454789421854453615,2021-08,0.03126272013521332
1454789421854453615,2021-08,0.018265451498983353
1454789421854453615,2021-09,0.18985941114574886
1454789421854453615,2021-09,0.031610656735565824
1454789421854453615,2021-09,0.029618537437168437
1454789421854453615,2021-09,0.030201809472871547
1454789421854453615,2021-09,0.030916495118867744
1454789421854453615,2021-09,0.02570520299320405
2128970218770090704,2021-08,0.002523562118058392
2128970218770090704,2021-09,0.0047534016043686055
2128970218770090704,2021-09,0.004696354277276008
2128970218770090704,2021-09,0.004626794324668337
2128970218770090704,2021-09,0.003179952415517581
2128970218770090704,2021-09,0.007125975670761738
3807130563335796378,2021-08,0.06755516076118605
3807130563335796378,2021-08,0.06232296758579477
968199235777440720,2021-08,0.01337320636184111
968199235777440720,2021-08,0.019389553711133822
968199235777440720,2021-08,0.03461586140217691
968199235777440720,2021-08,0.02375460566381746
968199235777440720,2021-08,0.021893344885906375
968199235777440720,2021-09,0.012910088820913787
968199235777440720,2021-09,0.012910088820913787
968199235777440720,2021-09,0.007729647144840687
968199235777440720,2021-09,0.009791202157266912
968199235777440720,2021-09,0.007953695186366565
968199235777440720,2021-09,0.007919045064543303
968199235777440720,2021-09,0.007732690836603704
8609938720215175911,2021-08,0.01220360258382479
8609938720215175911,2021-08,0.01145934706552698
8609938720215175911,2021-08,0.011791425850897288
8609938720215175911,2021-08,0.017978665996698766
8609938720215175911,2021-09,0.01673684338408922
8609938720215175911,2021-09,0.010973569190257599
8609938720215175911,2021-09,0.017650556751099063
988707525807573448,2021-08,0.0037337060184550997
2903869860445366876,2021-08,0.0055793519027370385
2903869860445366876,2021-08,0.009817897512673746
2903869860445366876,2021-08,0.008255313963980585
2903869860445366876,2021-08,0.008255313963980585
2903869860445366876,2021-08,0.008684402401289402
6969348581033924947,2021-08,0.006766755853875794
6969348581033924947,2021-08,0.006766755853875794
6969348581033924947,2021-08,0.009104374552142091
6969348581033924947,2021-08,0.008065554344940835
6969348581033924947,2021-08,0.010234114741316995
6969348581033924947,2021-08,0.009385750740846563
6969348581033924947,2021-08,0.0096056348122197
6969348581033924947,2021-09,0.009529000506683087
6969348581033924947,2021-09,0.005492888589874852
6969348581033924947,2021-09,0.0060254778173675265
6969348581033924947,2021-09,0.0066692820964912745
6969348581033924947,2021-09,0.006278427915784672
3536704882799524586,2021-08,0.03242529276845274
3536704882799524586,2021-08,0.03132498921250064
3631603567749349715,2021-08,0.004338345698483438
3631603567749349715,2021-08,0.011348775658412347
5029701292539093910,2021-08,0.005513578834134113
5029701292539093910,2021-08,0.0031896849388551017
5029701292539093910,2021-09,0.004893170663812934
8332840690177201182,2021-08,0.3101784665660824
2302464746243069589,2021-08,0.004433627683321042
2302464746243069589,2021-08,0.007183991952788759
2302464746243069589,2021-09,0.006826016112736404
6964108750473070287,2021-08,0.0026091170233043443
6964108750473070287,2021-08,0.003673592530490767
6964108750473070287,2021-08,0.003673592530490767
6964108750473070287,2021-08,0.00340958321941481
6964108750473070287,2021-08,0.0035538943305502375
6964108750473070287,2021-08,0.005834220356542941
6964108750473070287,2021-08,0.005834220356542941
6964108750473070287,2021-08,0.0040134442488892665
6964108750473070287,2021-08,0.00498066383173255
6964108750473070287,2021-08,0.0037425228482511614
6964108750473070287,2021-08,0.0038135160167461373
6964108750473070287,2021-08,0.0037425228482511614
6964108750473070287,2021-08,0.0034644283968237395
6964108750473070287,2021-08,0.0035269885103145176
6964108750473070287,2021-09,0.003693629665835698
6964108750473070287,2021-09,0.0034473193245571523
6964108750473070287,2021-09,0.003135646652796262
6964108750473070287,2021-09,0.003135646652796262
6964108750473070287,2021-09,0.011277407555464618
6964108750473070287,2021-09,0.004595844040914838
6964108750473070287,2021-09,0.0035963316651968402
6964108750473070287,2021-09,0.004120233592991478
6964108750473070287,2021-09,0.0032603764638061534
6964108750473070287,2021-09,0.0032603764638061534
6964108750473070287,2021-09,0.0031927747719878432
6964108750473070287,2021-09,0.0032603764638061534
6964108750473070287,2021-09,0.003037841201784071
6964108750473070287,2021-09,0.0038817405737087353
6964108750473070287,2021-09,0.0033703084804242588
6964108750473070287,2021-09,0.0039865180804172905
6964108750473070287,2021-09,0.002920844203234948
6964108750473070287,2021-09,0.0028136245429994052
6964108750473070287,2021-09,0.0028136245429994052
6964108750473070287,2021-09,0.0028136245429994052
6964108750473070287,2021-09,0.002920844203234948
6964108750473070287,2021-09,0.003129409818555806
3960251564708868781,2021-08,0.007293181696119874
3960251564708868781,2021-08,0.008238797624798228
3960251564708868781,2021-09,0.004240774469973814
3960251564708868781,2021-09,0.007568129518418303
4740535838297269949,2021-08,0.003158742481719204
4740535838297269949,2021-09,0.004224972573230494
4740535838297269949,2021-09,0.03212464968783856
4740535838297269949,2021-09,0.004520078225004657
5440313607363845188,2021-08,0.002702672568089669
5440313607363845188,2021-08,0.0038274510919086304
5440313607363845188,2021-09,0.0038140987857560593
5810778736737569699,2021-08,0.008943969064947146
5810778736737569699,2021-08,0.009791062092235054
8185063234515056194,2021-08,0.0033843207431788445
8185063234515056194,2021-09,0.004272058310921934
8185063234515056194,2021-09,0.005915502938731035
682352428813668634,2021-08,0.004766872368494185
682352428813668634,2021-08,0.004766872368494185
682352428813668634,2021-08,0.007262372068234334
682352428813668634,2021-08,0.007262372068234334
682352428813668634,2021-08,0.006690938585523492
682352428813668634,2021-09,0.0064860856586326865
682352428813668634,2021-09,0.0064860856586326865
682352428813668634,2021-09,0.006551396796890486
682352428813668634,2021-09,0.006551396796890486
682352428813668634,2021-09,0.006551396796890486
682352428813668634,2021-09,0.005103988974672555
682352428813668634,2021-09,0.004566269299310073
696014079855281037,2021-08,0.022094053316910552
696014079855281037,2021-09,0.03680655438458443
696014079855281037,2021-09,0.03621586351588476
696014079855281037,2021-09,0.04230466405832909
696014079855281037,2021-09,0.06424250652079531
6842075380768862290,2021-08,0.062307917302391096
6842075380768862290,2021-08,0.06337508312342724
1117184216453911295,2021-08,0.007731072980747434
1117184216453911295,2021-08,0.00927699392209855
1117184216453911295,2021-09,0.2973986870588312
3838562409581494430,2021-08,0.006404641923567609
2346482557594782345,2021-08,0.008808885039834062
2346482557594782345,2021-09,0.013855675589589106
2346482557594782345,2021-09,0.014634204971564127
2346482557594782345,2021-09,0.013253741037855704
2346482557594782345,2021-09,0.014745749753308505
1430896989654626045,2021-08,0.009619075634635953
1430896989654626045,2021-08,0.009619075634635953
7696655736121386405,2021-08,0.020398904191798836
2493688222671282470,2021-08,0.00873944697230148
2493688222671282470,2021-08,0.010048760861758337
2493688222671282470,2021-09,0.010898246838626969
2493688222671282470,2021-09,0.006642854732242604
5082813456193598086,2021-08,0.004958419839623385
5082813456193598086,2021-08,0.008604641818122823
5082813456193598086,2021-09,0.00913153479121208
5082813456193598086,2021-09,0.007516919100722219
5082813456193598086,2021-09,0.005355989010835516
7398738404146260251,2021-08,0.020798474555745832
7398738404146260251,2021-09,0.023996195434379915
7398738404146260251,2021-09,0.022666723629273546
7398738404146260251,2021-09,0.02297295068717586
7398738404146260251,2021-09,0.005866755716432439
4556737702757145073,2021-08,0.007275989235261385
4556737702757145073,2021-09,0.03759927860330737
4556737702757145073,2021-09,0.009104634856821732
4556737702757145073,2021-09,0.011041109863065366
4556737702757145073,2021-09,0.008942087731693138
6091519986999196884,2021-08,0.004362472470012512
6091519986999196884,2021-08,0.0046989545221181135
6091519986999196884,2021-08,0.00621752347982151
8716163053080758848,2021-08,0.008601631097066858
8716163053080758848,2021-08,0.0039358142802322724
8716163053080758848,2021-08,0.007234987795871746
8716163053080758848,2021-08,0.005347111803509456
8716163053080758848,2021-09,0.005809353380667673
8716163053080758848,2021-09,0.026370121233427322
8716163053080758848,2021-09,0.00509427053072203
8716163053080758848,2021-09,0.0036557222531159103
8716163053080758848,2021-09,0.004168537274428073
8716163053080758848,2021-09,0.003862650524771326
4524147234488547993,2021-08,0.00313293556895995
4524147234488547993,2021-08,0.005718185669931009
5606267905834401873,2021-08,0.005442180234360422
5606267905834401873,2021-08,0.004529643150670635
5606267905834401873,2021-08,0.008137750926976012
5606267905834401873,2021-09,0.007237241986122768
5606267905834401873,2021-09,0.008162654910979688
5606267905834401873,2021-09,0.008073516021840752
6213213514675778388,2021-08,0.025931119673037732
1343530446996409207,2021-08,0.006069958815607061
1343530446996409207,2021-08,0.007294704853172244
1343530446996409207,2021-08,0.007294704853172244
1343530446996409207,2021-09,0.00670184744563623
6164364689409425900,2021-08,0.004008732539311536
3355881107559250653,2021-08,0.004345664216218157
3355881107559250653,2021-08,0.003866875693869175
3355881107559250653,2021-08,0.0038067334320730194
3355881107559250653,2021-08,0.0035253438103380985
3355881107559250653,2021-08,0.0038067334320730194
3355881107559250653,2021-08,0.004345664216218157
3355881107559250653,2021-08,0.0037886698000172635
3355881107559250653,2021-08,0.0033512687419182223
3355881107559250653,2021-08,0.007205919679407559
3355881107559250653,2021-08,0.007854015344088071
3355881107559250653,2021-09,0.007388902415921474
3355881107559250653,2021-09,0.006782464037717755
3355881107559250653,2021-09,0.006782464037717755
3355881107559250653,2021-09,0.006056467715227301
3355881107559250653,2021-09,0.005966883242828173
3355881107559250653,2021-09,0.005347501480674143
3355881107559250653,2021-09,0.005778415717294501
66220087398241662,2021-08,0.007890158756613832
66220087398241662,2021-09,0.00564279597615241
66220087398241662,2021-09,0.005089128417672517
66220087398241662,2021-09,0.005089128417672517
2645324649046215594,2021-08,0.005997411373720987
2645324649046215594,2021-08,0.007409736561650395
2645324649046215594,2021-08,0.0075042519732505
2645324649046215594,2021-08,0.008096536055159715
2645324649046215594,2021-09,0.007092318740024499
2645324649046215594,2021-09,0.00604883846591825
7330131219998265639,2021-08,0.002949578131241353
7330131219998265639,2021-08,0.011666715539759103
7330131219998265639,2021-09,0.09090342061388998
7330131219998265639,2021-09,0.007464152595248024
7330131219998265639,2021-09,0.006932402546053476
8080988579391900405,2021-08,0.009711017181736182
8080988579391900405,2021-09,0.011802717268337579
5999145415800242177,2021-08,0.017164715130629317
5999145415800242177,2021-08,0.013802430857695508
5999145415800242177,2021-09,0.013637619372446171
5999145415800242177,2021-09,0.009948250213654971
7395696797140470088,2021-08,0.002676344568164291
7395696797140470088,2021-08,0.0022360917774071633
7395696797140470088,2021-08,0.005400540900310192
7395696797140470088,2021-09,0.00497073208794252
7395696797140470088,2021-09,0.002749194244214361
7395696797140470088,2021-09,0.0026581646626929324
7395696797140470088,2021-09,0.00430225723362625
417157680860985231,2021-08,0.001607471846007044
417157680860985231,2021-08,0.0032929168921971208
417157680860985231,2021-09,0.0038675756619440615
417157680860985231,2021-09,0.0035190934149468716
417157680860985231,2021-09,0.003971428447473148
417157680860985231,2021-09,0.0027981875439052643
7485107528960607346,2021-08,0.02663432105966201
7485107528960607346,2021-08,0.04891738413353038
7485107528960607346,2021-09,0.06879738074822118
7485107528960607346,2021-09,0.37327300877897573
7485107528960607346,2021-09,0.03907993895396968
8350724667410677464,2021-08,0.015507809354843381
8350724667410677464,2021-08,0.015507809354843381
8350724667410677464,2021-08,0.020784654622476032
8350724667410677464,2021-08,0.020675188310200484
8350724667410677464,2021-09,0.17663520973282212
8350724667410677464,2021-09,0.03796487686313929
5078284853636449041,2021-08,0.02609835647927381
5577659616907513811,2021-08,0.28265942224295687
5577659616907513811,2021-08,0.28265942224295687
5577659616907513811,2021-08,0.2926796210719222
5577659616907513811,2021-08,0.30077051943315974
5577659616907513811,2021-09,0.5912540892059556
1299146298565441811,2021-08,0.009556340857558628
3093415403379897112,2021-08,0.0053338202328435105
3093415403379897112,2021-08,0.004566460621955617
3093415403379897112,2021-08,0.006101500025268369
3093415403379897112,2021-09,0.004885281659362978
1357573192598249600,2021-08,0.004689136719871436
1357573192598249600,2021-08,0.004552761382514669
1357573192598249600,2021-09,0.009570248868222884
1357573192598249600,2021-09,0.009831463268050228
1357573192598249600,2021-09,0.006350729894236399
4527499691197377217,2021-08,0.004321158162250691
2673576168790933175,2021-08,0.025941902468884552
3140918607946425426,2021-08,0.005465962553836519
3140918607946425426,2021-08,0.007686080997342783
3140918607946425426,2021-09,0.002627265963343388
3140918607946425426,2021-09,0.004703150168153096
2983174282784691273,2021-08,0.005681714865258454
2983174282784691273,2021-08,0.005708127998705724
2983174282784691273,2021-08,0.009034404023632736
2983174282784691273,2021-08,0.007337941811850226
2983174282784691273,2021-09,0.00993746748189135
2983174282784691273,2021-09,0.00820940419482343
2983174282784691273,2021-09,0.004948590503021562
7347715771145302549,2021-08,0.007452041401436718
7347715771145302549,2021-08,0.006320661462391085
7347715771145302549,2021-08,0.005616590034223586
7347715771145302549,2021-09,0.0076497458416806535
7347715771145302549,2021-09,0.08766902156878777
4831939798545673038,2021-08,0.03535507873116486
5409960473983330744,2021-08,0.019074606893763786
5409960473983330744,2021-09,0.592302294685613
5409960473983330744,2021-09,0.017171922315946005
6916556752218696485,2021-08,0.004114660556986344
6916556752218696485,2021-08,0.004691045351144974
6916556752218696485,2021-08,0.004691045351144974
6916556752218696485,2021-08,0.005988638562807855
6916556752218696485,2021-08,0.005390416437480258
6916556752218696485,2021-08,0.006463002812005004
6916556752218696485,2021-09,0.007938990891989302
6916556752218696485,2021-09,0.007643527184407308
6916556752218696485,2021-09,0.009613577055411826
6916556752218696485,2021-09,0.009613577055411826
6916556752218696485,2021-09,0.00959588693320343
6916556752218696485,2021-09,0.009383758516488719
6916556752218696485,2021-09,0.009902559557969462
6916556752218696485,2021-09,0.007948885314070155
6916556752218696485,2021-09,0.009015374390913796
6916556752218696485,2021-09,0.007440569938431214
6916556752218696485,2021-09,0.005067479356884033
6916556752218696485,2021-09,0.003958252828436639
6916556752218696485,2021-09,0.004202393121719323
6916556752218696485,2021-09,0.003921575528537311
6615694774618628402,2021-08,0.03223621582436992
6615694774618628402,2021-08,0.03908202692543557
6615694774618628402,2021-08,0.0378420729470187
6615694774618628402,2021-09,0.030001981809344158
7692330898726665144,2021-08,0.04394476634556403
7692330898726665144,2021-08,0.04170477687911382
7692330898726665144,2021-09,0.040430589921238595
7692330898726665144,2021-09,0.02391972137459516
7692330898726665144,2021-09,0.02391972137459516
7646606457278894341,2021-08,0.006856209923083741
7646606457278894341,2021-08,0.010081508707241647
7646606457278894341,2021-09,0.008183349709888736
3382609338395832683,2021-08,0.017043055060290007
3382609338395832683,2021-08,0.02415659188326042
8067924767167570288,2021-08,0.011978815056482406
8067924767167570288,2021-09,0.016167229149452338
8480109508191086169,2021-08,0.003914002220112058
8480109508191086169,2021-09,0.03611067928092855
8480109508191086169,2021-09,0.0030352217754936054
2573553293518763494,2021-08,0.008695266653230786
2573553293518763494,2021-08,0.008509519596955194
2573553293518763494,2021-09,0.007410790127990514
2573553293518763494,2021-09,0.007410790127990514
2573553293518763494,2021-09,0.0072522811381373715
2573553293518763494,2021-09,0.006611859611628191
2573553293518763494,2021-09,0.02043310447190102
2573553293518763494,2021-09,0.004307412930472249
2573553293518763494,2021-09,0.003897105948076888
2573553293518763494,2021-09,0.003985702466579269
660382477567765256,2021-08,0.01641189500841598
660382477567765256,2021-09,0.013514271535308046
660382477567765256,2021-09,0.011362849672400305
660382477567765256,2021-09,0.013565922963366147
660382477567765256,2021-09,0.009125853575810128
8049805689946244047,2021-08,0.018645261855255082
8049805689946244047,2021-08,0.018242752731246578
8049805689946244047,2021-09,0.022972845576529264
7968118679747232249,2021-08,0.15868546201615405
7968118679747232249,2021-09,0.13261830503444144
459290606780222306,2021-08,0.002547446509179255
459290606780222306,2021-08,0.002533994508408198
459290606780222306,2021-08,0.002877208111896521
459290606780222306,2021-08,0.0028216194939492912
459290606780222306,2021-08,0.003274233283337683
459290606780222306,2021-09,0.006946779836592954
459290606780222306,2021-09,0.013034013451695034
459290606780222306,2021-09,0.009574504340246603
459290606780222306,2021-09,0.008242714459715356
459290606780222306,2021-09,0.00863271633329759
459290606780222306,2021-09,0.00487706956775908
6978269497652315763,2021-08,0.07131732610360678
1536087798470875922,2021-08,0.089381411614028
1536087798470875922,2021-09,0.08703120729501236
1536087798470875922,2021-09,0.06032629098352664
1129657311668961746,2021-08,0.01539329015676002
1129657311668961746,2021-09,0.010703489428466509
1129657311668961746,2021-09,0.012960180584307113
7895753719321668294,2021-08,0.0036689666474499323
7895753719321668294,2021-09,0.006127486954066103
7895753719321668294,2021-09,0.004590224192633978
524026009392362402,2021-08,0.004215604984683669
524026009392362402,2021-08,0.0069156790731207405
7776069961364493674,2021-08,0.01934460746814412
7776069961364493674,2021-09,0.008488912414333328
4530631557358349711,2021-08,0.009185790978000496
4530631557358349711,2021-08,0.009991334183195257
4530631557358349711,2021-09,0.008748953389779874
1273229638516517354,2021-08,0.010804743625362451
1273229638516517354,2021-08,0.010804743625362451
1273229638516517354,2021-09,0.016187927158051455
187117706370645370,2021-08,0.10399086988506698
187117706370645370,2021-08,0.0620073391368244
187117706370645370,2021-08,0.05865631499261317
187117706370645370,2021-09,0.026882116672504962
187117706370645370,2021-09,0.04455189078717379
187117706370645370,2021-09,0.06216121082200188
187117706370645370,2021-09,0.03180411272816953
187117706370645370,2021-09,0.05398023313542627
187117706370645370,2021-09,0.05416233769947528
187117706370645370,2021-09,0.0519906594374163
4569866309119931805,2021-08,0.019205416327254934
4569866309119931805,2021-09,0.007878412853076599
2382123267535341265,2021-08,0.009552927459262825
2382123267535341265,2021-08,0.015384797696025332
2382123267535341265,2021-08,0.01322024588213256
2382123267535341265,2021-09,0.01124861425525554
5799279645678609726,2021-08,0.058180279409466275
5799279645678609726,2021-09,0.09467397243619903
5726178124659661019,2021-08,0.004758363757325348
5726178124659661019,2021-08,0.007587765809216123
5726178124659661019,2021-08,0.0026444516200101074
5726178124659661019,2021-08,0.0023499554713022385
5726178124659661019,2021-08,0.002375051640099971
5726178124659661019,2021-08,0.0024427454604424633
5726178124659661019,2021-08,0.0030877778015615956
5726178124659661019,2021-08,0.003092662750780821
5726178124659661019,2021-08,0.0030551736195934313
5726178124659661019,2021-08,0.0036833915456101277
5726178124659661019,2021-09,0.0032693104091038308
5726178124659661019,2021-09,0.003355697928867297
5726178124659661019,2021-09,0.003355697928867297
5726178124659661019,2021-09,0.0022892264310949914
5726178124659661019,2021-09,0.002401694506536293
257162352336759783,2021-08,0.004605106064426683
257162352336759783,2021-08,0.007590970025326341
257162352336759783,2021-08,0.005973833597770103
7269781193318890653,2021-08,0.0031910645191899683
835441927760881602,2021-08,0.14827963933723481
835441927760881602,2021-08,0.10801752680136935
835441927760881602,2021-09,0.12033322102995653
835441927760881602,2021-09,0.12318646766125728
835441927760881602,2021-09,0.12169944011715947
5714540197488862003,2021-08,0.18328351986212857
5714540197488862003,2021-09,0.17362549143750142
5714540197488862003,2021-09,0.1324518839040874
7751080728852739823,2021-08,0.008249602015064455
7751080728852739823,2021-08,0.002049557199200875
7751080728852739823,2021-08,0.003032604152450989
7751080728852739823,2021-09,0.00359818847279468
5687511145009775604,2021-08,0.24883501422477847
5687511145009775604,2021-09,0.1568598090873431
3204108603682323936,2021-08,0.006828680504015267
6053752047545474051,2021-08,0.004285210003884558
6053752047545474051,2021-08,0.0037381217007360534
6053752047545474051,2021-08,0.006190729962585249
6053752047545474051,2021-08,0.005833613869162098
6053752047545474051,2021-09,0.008816397868137198
6053752047545474051,2021-09,0.00799646271377903
6053752047545474051,2021-09,0.004662091028511159
6053752047545474051,2021-09,0.0037973472059962985
6053752047545474051,2021-09,0.004662091028511159
6053752047545474051,2021-09,0.0040678043683036865
6053752047545474051,2021-09,0.0035364739041876926
6053752047545474051,2021-09,0.004078025915385917
8292458529987016717,2021-08,0.0029004046653603862
2333404192508932057,2021-08,0.003561654782527929
2333404192508932057,2021-08,0.005053605478093441
2333404192508932057,2021-09,0.0038274374772288905
2333404192508932057,2021-09,0.0035575348765833565
2333404192508932057,2021-09,0.0035575348765833565
2333404192508932057,2021-09,0.004100811748090291
2333404192508932057,2021-09,0.003563002720278423
9156666134024889730,2021-08,0.013552568170573728
9156666134024889730,2021-08,0.015475383318717237
9156666134024889730,2021-08,0.015447323357970078
9156666134024889730,2021-08,0.015452539095610906
9156666134024889730,2021-09,0.01540587313484644
9156666134024889730,2021-09,0.6166452885947139
837142477962609471,2021-08,0.006476201883148654
837142477962609471,2021-08,0.006502590449553584
837142477962609471,2021-09,0.004394893137153359
837142477962609471,2021-09,0.004036713868949354
6528158819463595826,2021-08,0.003164646897486293
6528158819463595826,2021-08,0.004943227934174969
6528158819463595826,2021-09,0.0029472785372444124
4347826483121154490,2021-08,0.002082371164648902
4347826483121154490,2021-08,0.002615968152178439
4347826483121154490,2021-08,0.0018893625387166886
4347826483121154490,2021-08,0.0018970359647735855
4347826483121154490,2021-08,0.0035364220380973243
4347826483121154490,2021-08,0.003948521089138
4347826483121154490,2021-08,0.00314190218330964
4347826483121154490,2021-08,0.005152629670256808
4347826483121154490,2021-09,0.003217269634057018
4347826483121154490,2021-09,0.003217269634057018
4347826483121154490,2021-09,0.003217269634057018
4347826483121154490,2021-09,0.003217269634057018
4347826483121154490,2021-09,0.003217269634057018
4347826483121154490,2021-09,0.002235553330988265
4347826483121154490,2021-09,0.0022395103574878133
4347826483121154490,2021-09,0.003015265470418954
4347826483121154490,2021-09,0.0022217324073275533
4347826483121154490,2021-09,0.002012029348353062
7478791630746523220,2021-08,0.06437651455595274
7478791630746523220,2021-08,0.07481289815247472
7478791630746523220,2021-09,0.03827410378230593
7478791630746523220,2021-09,0.0351564188841534
3045840317107313913,2021-08,0.0020727034032949204
3045840317107313913,2021-09,0.00434699028334914
3045840317107313913,2021-09,0.017935224126385846
3045840317107313913,2021-09,0.0031231748371247092
2687720147676132707,2021-08,0.005370975418094667
2687720147676132707,2021-08,0.004698180412841467
4980232475645447238,2021-08,0.007460369484416558
4980232475645447238,2021-08,0.0106676917770365
4980232475645447238,2021-09,0.008088256454363089
6759864637454708017,2021-08,0.010546039005398643
6759864637454708017,2021-08,0.010159536693533158
6759864637454708017,2021-08,0.01076488347188205
6759864637454708017,2021-09,0.010165476824810947
6759864637454708017,2021-09,0.013977316746760794
5162636608292907782,2021-08,0.12710585381297737
5162636608292907782,2021-08,0.13559589580383613
5162636608292907782,2021-09,0.13457459971172805
5162636608292907782,2021-09,0.1261042186114003
5162636608292907782,2021-09,0.1507902185090423
8994944800097997361,2021-08,0.14335134999525162
8994944800097997361,2021-08,0.1594096281251918
8994944800097997361,2021-09,0.10996788207403006
8994944800097997361,2021-09,0.06339070743630525
8994944800097997361,2021-09,0.06573515370952496
8994944800097997361,2021-09,0.06573515370952496
8994944800097997361,2021-09,0.08193069836464391
7665801401860589626,2021-08,0.0057961927133700075
7665801401860589626,2021-08,0.0064325778265193045
7665801401860589626,2021-09,0.005817913152829225
49632905576538927,2021-08,0.0031085384811475898
621182491555347581,2021-08,0.012812455473224457
621182491555347581,2021-08,0.012812455473224457
621182491555347581,2021-08,0.013381429094035951
621182491555347581,2021-09,0.021575496483974242
621182491555347581,2021-09,0.016797106231587512
7492389223353246125,2021-08,0.08634656119200089
7492389223353246125,2021-08,0.08707677014004829
7492389223353246125,2021-09,0.0814714423952
7492389223353246125,2021-09,0.0711009611674046
7492389223353246125,2021-09,0.06819278467653049
8060154314331993193,2021-08,0.014904726533538417
8060154314331993193,2021-08,0.011674336383791976
7930925883736021864,2021-08,0.0031566731417404293
7930925883736021864,2021-08,0.0031566731417404293
7930925883736021864,2021-08,0.0036656808375607514
7930925883736021864,2021-08,0.01310500707801924
7930925883736021864,2021-08,0.007997414649479897
7930925883736021864,2021-09,0.007696758888776034
7930925883736021864,2021-09,0.006446652559778631
7930925883736021864,2021-09,0.006596501277763843
7930925883736021864,2021-09,0.0055713052802661605
4724876423989598202,2021-08,0.011272729926902163
4724876423989598202,2021-08,0.011329425842351339
4724876423989598202,2021-08,0.00905219690039474
4724876423989598202,2021-08,0.013064382521581533
4724876423989598202,2021-09,0.008712415567116267
4724876423989598202,2021-09,0.00973760944172541
4724876423989598202,2021-09,0.005871048195518497
3977861004707764824,2021-08,0.013616415861872845
3977861004707764824,2021-08,0.013523038948673181
3977861004707764824,2021-08,0.022746157186434517
3977861004707764824,2021-08,0.029275618753921238
3977861004707764824,2021-08,0.029003827955838432
3977861004707764824,2021-09,0.01910728527592854
3977861004707764824,2021-09,0.015675969336320233
3977861004707764824,2021-09,0.01435476962109774
3977861004707764824,2021-09,0.014404251505330569
3977861004707764824,2021-09,0.013823949156329925
3977861004707764824,2021-09,0.00971055934357244
3977861004707764824,2021-09,0.01456484829856392
6448234172949059931,2021-08,0.2584082204834907
8287608084245946173,2021-08,0.004135786992109248
8287608084245946173,2021-08,0.00541667740703713
8287608084245946173,2021-08,0.007268411681823692
8287608084245946173,2021-09,0.00976208685379023
8287608084245946173,2021-09,0.005823604198454875
8287608084245946173,2021-09,0.004931519399858623
8287608084245946173,2021-09,0.004723586201965068
8287608084245946173,2021-09,0.014496177027484042
8229446069655666941,2021-08,0.06385279942269213
8229446069655666941,2021-08,0.7998816714342223
1998941557906036376,2021-08,0.01182326553853692
1998941557906036376,2021-09,0.01717687282607929
1998941557906036376,2021-09,0.010691292352483537
4104959289203999917,2021-08,0.006293559368569117
1036256411320325774,2021-08,0.009373431205341473
1036256411320325774,2021-08,0.011500291321692281
1036256411320325774,2021-08,0.013976887157528189
1036256411320325774,2021-08,0.014699068279345898
1036256411320325774,2021-09,0.010962292428482822
1036256411320325774,2021-09,0.01072372814406824
1036256411320325774,2021-09,0.011531410627497162
1036256411320325774,2021-09,0.010858676051487387
1036256411320325774,2021-09,0.010942025130429606
3543162424793477785,2021-08,0.005423030051143995
3543162424793477785,2021-08,0.005574854165371664
3543162424793477785,2021-09,0.005471267852229721
3543162424793477785,2021-09,0.00532821646867879
5048392903148444335,2021-08,0.023235474719975
5048392903148444335,2021-08,0.02476602045456444
5048392903148444335,2021-08,0.027703520731065214
5048392903148444335,2021-09,0.02725915141114444
8646472172649019955,2021-08,0.34960237359602103
8646472172649019955,2021-08,0.41852103462141266
8646472172649019955,2021-09,0.20150805788695342
8646472172649019955,2021-09,0.2881741252850318
2012477868296377155,2021-08,0.013093545505913986
2012477868296377155,2021-08,0.01080032400833847
2929243640075785940,2021-08,0.0032104868706632505
2929243640075785940,2021-08,0.005140924774302791
2451708306555441014,2021-08,0.0067870513871143385
2451708306555441014,2021-08,0.007383212499527028
2451708306555441014,2021-09,0.005017265280820638
2451708306555441014,2021-09,0.004011048729681772
2451708306555441014,2021-09,0.004468932608952029
2451708306555441014,2021-09,0.007390246943976137
2250817603281429928,2021-08,0.0023731916855068208
2250817603281429928,2021-08,0.0021939592379939584
2250817603281429928,2021-09,0.0023353280599301405
8271604276097280304,2021-08,0.0065720290858615315
4593070249039532001,2021-08,0.004536950980218317
4593070249039532001,2021-08,0.004536950980218317
4593070249039532001,2021-09,0.004806430606192157
5897410907783139228,2021-08,0.004864998146444403
5897410907783139228,2021-08,0.009883442248970926
5897410907783139228,2021-09,0.00851721614904176
5897410907783139228,2021-09,0.005035567406570202
2530707686830644666,2021-08,0.008017751190823317
2530707686830644666,2021-09,0.007165902611351042
340285351737204923,2021-08,0.0884342315943869
340285351737204923,2021-09,0.08345853154462528
340285351737204923,2021-09,0.06731998481365224
340285351737204923,2021-09,0.06743934474022396
340285351737204923,2021-09,0.0786705122683314
340285351737204923,2021-09,0.08318735273391815
7067471043900250355,2021-08,0.035504673942952626
7067471043900250355,2021-08,0.8654887512264449
7067471043900250355,2021-08,0.9035371235811163
7067471043900250355,2021-08,0.02336635695127109
7067471043900250355,2021-08,0.02336635695127109
3248432590399829766,2021-08,0.004415106904729305
3248432590399829766,2021-08,0.004299518465103686
3248432590399829766,2021-08,0.00490509781277431
7176848230239877915,2021-08,0.0030882455552570963
761746217261797478,2021-08,0.003786658499598001
761746217261797478,2021-09,0.006245547111841421
761746217261797478,2021-09,0.005460036950187449
761746217261797478,2021-09,0.0031773248472226996
7041489327620930099,2021-08,0.010426432878554114
7041489327620930099,2021-09,0.01810710619101749
5958664040344043635,2021-08,0.005310425207407619
5958664040344043635,2021-09,0.00792190889424573
4327694790333781288,2021-08,0.006251758897459377
1078687383992817574,2021-08,0.32240995847957826
1078687383992817574,2021-08,0.2943142810328209
1078687383992817574,2021-08,0.28389056835936105
1078687383992817574,2021-08,0.3023704799542334
1078687383992817574,2021-09,0.27570146336328644
1078687383992817574,2021-09,0.3528552190255264
1078687383992817574,2021-09,0.33719539754657796
1078687383992817574,2021-09,0.14623529383179687
2619109825960703851,2021-08,0.012508759797219937
2619109825960703851,2021-08,0.014793846409948819
2619109825960703851,2021-09,0.01376261727997826
2619109825960703851,2021-09,0.012827167626089006
175003104385133396,2021-08,0.010844588248770534
175003104385133396,2021-09,0.007146934348110832
2397171153213063761,2021-08,0.0038385346853748647
2397171153213063761,2021-08,0.003575896148121179
2397171153213063761,2021-08,0.006281655981417624
2397171153213063761,2021-08,0.006723402729153421
2397171153213063761,2021-09,0.00668577153387
2397171153213063761,2021-09,0.006267631785960877
2397171153213063761,2021-09,0.20886686690406733
2397171153213063761,2021-09,0.004453772763589659
2397171153213063761,2021-09,0.0032231177779889954
5176940320835464459,2021-08,0.0033866671388114293
5176940320835464459,2021-08,0.004097659469019494
5176940320835464459,2021-08,0.0028251999845849076
5176940320835464459,2021-08,0.005581474742260975
5176940320835464459,2021-08,0.004547924014322343
5176940320835464459,2021-08,0.006910153064403832
5176940320835464459,2021-08,0.008789517493089085
5176940320835464459,2021-09,0.006181289050878817
5176940320835464459,2021-09,0.006014716993405203
5176940320835464459,2021-09,0.006069936384909687
5176940320835464459,2021-09,0.004908923078043405
5176940320835464459,2021-09,0.004914858904458327
5176940320835464459,2021-09,0.013121095669994766
5176940320835464459,2021-09,0.004220706347663608
5176940320835464459,2021-09,0.003065708888188472
5176940320835464459,2021-09,0.003065708888188472
2768068015169423097,2021-08,0.015546214188762364
2768068015169423097,2021-08,0.016451797647467615
7970976988071755401,2021-08,0.03900977507395941
7970976988071755401,2021-08,0.03720879976562121
7970976988071755401,2021-08,0.041559110278905985
7970976988071755401,2021-09,0.03559871760632337
7970976988071755401,2021-09,0.048012044728345984
7930644815080409701,2021-08,0.03881397166341508
7930644815080409701,2021-09,0.04143350392737577
8874257794774679816,2021-08,0.006086209384236785
8874257794774679816,2021-08,0.00740525149583541
8874257794774679816,2021-09,0.008582400992150305
8874257794774679816,2021-09,0.008582400992150305
8874257794774679816,2021-09,0.008582400992150305
8874257794774679816,2021-09,0.00749947389075317
7949169060790541229,2021-08,0.002612941539770743
7949169060790541229,2021-09,0.007892536669678735
7949169060790541229,2021-09,0.003942714421071093
4210463673385510745,2021-08,0.04094268246728025
4210463673385510745,2021-08,0.03098181826424694
4210463673385510745,2021-09,0.03479539799385449
4210463673385510745,2021-09,0.055876253700132945
5855956854975734380,2021-08,0.014418317056583453
5753677550753111444,2021-08,0.004219061821675667
5753677550753111444,2021-08,0.0048682073697146905
5753677550753111444,2021-09,0.005531539259188635
8909740532547211288,2021-08,0.0033968211418121453
8909740532547211288,2021-08,0.005727750131523212
8909740532547211288,2021-09,0.006396337456018204
8909740532547211288,2021-09,0.006389186492721151
8909740532547211288,2021-09,0.006776277212221787
345447888460137901,2021-08,0.010153741148048075
345447888460137901,2021-09,0.00688862970838572
6662531979151878793,2021-08,0.0028793205911171182
6662531979151878793,2021-09,0.005886911793314741
1616952665234409442,2021-08,0.02530712429672748
1616952665234409442,2021-08,0.03976156019885259
1616952665234409442,2021-08,0.02986417055540809
2808145376905474927,2021-08,0.11728107801669105
2808145376905474927,2021-08,0.1253365719135945
2808145376905474927,2021-09,0.11490998934954678
2808145376905474927,2021-09,0.10984026034758744
7471183491728700531,2021-08,0.10298586819396956
7471183491728700531,2021-08,0.1355607472832572
5373371196946859811,2021-08,0.013434785426612878
5373371196946859811,2021-08,0.02060485141246767
5373371196946859811,2021-08,0.016329926329493795
5373371196946859811,2021-09,0.023764741533912403
5373371196946859811,2021-09,0.017830809282726946
6941381638534728190,2021-08,0.004288805096251929
6941381638534728190,2021-08,0.0040034573633290485
6941381638534728190,2021-09,0.004551455566179435
8213533889694327948,2021-08,0.005223228850995449
8213533889694327948,2021-08,0.005313294903272791
8213533889694327948,2021-08,0.00830573898563058
8213533889694327948,2021-08,0.008550580960526535
8213533889694327948,2021-09,0.0020204054953339955
8213533889694327948,2021-09,0.002028877951062148
8213533889694327948,2021-09,0.003004172809492777
6020593949794792044,2021-08,0.13762111758234682
6020593949794792044,2021-09,0.2696995685301787
3285246914299291124,2021-08,0.009461995131890943
3285246914299291124,2021-09,0.006614398983711715
3285246914299291124,2021-09,0.007216785875621651
3285246914299291124,2021-09,0.005956763200126462
3285246914299291124,2021-09,0.007229454915085446
3511416927745338332,2021-08,0.005002974013127699
3511416927745338332,2021-09,0.006709294463739324
1997130697107291654,2021-08,0.02890499477064591
864510931144626280,2021-08,0.012103756514316851
5726884001073147293,2021-08,0.004014248305183594
8559143756893267192,2021-08,0.07280113299668901
8559143756893267192,2021-08,0.08470419872360878
7085295800541340563,2021-08,0.0023989988903880028
7085295800541340563,2021-08,0.0021545500620283277
7085295800541340563,2021-08,0.004392443439816759
7085295800541340563,2021-09,0.02559342522406639
1958660709350677213,2021-08,0.043018982505654356
1958660709350677213,2021-09,0.035454851284533184
1958660709350677213,2021-09,0.04020342705264929
1958660709350677213,2021-09,0.03924450274353034
1958660709350677213,2021-09,0.09696231706707534
312543480920432545,2021-08,0.005869428754124776
312543480920432545,2021-08,0.005498306638228885
312543480920432545,2021-08,0.00771354241903082
312543480920432545,2021-08,0.007430201248609989
312543480920432545,2021-08,0.00985595750143804
312543480920432545,2021-09,0.01163455627418839
312543480920432545,2021-09,0.007408115978838223
312543480920432545,2021-09,0.007824412694896664
312543480920432545,2021-09,0.0078094795843675294
312543480920432545,2021-09,0.007912773233877629
5786895437851445408,2021-08,0.03030667025848267
6914631631926429447,2021-08,0.02255707056828463
274692171162531764,2021-08,0.013927344546820328
274692171162531764,2021-08,0.01405191980171201
274692171162531764,2021-08,0.011891481412488315
274692171162531764,2021-09,0.017508446318118116
274692171162531764,2021-09,0.017508446318118116
274692171162531764,2021-09,0.017508446318118116
274692171162531764,2021-09,0.01742845711366692
274692171162531764,2021-09,0.013138610924823256
2088532321693492263,2021-08,0.02352168521062639
2088532321693492263,2021-08,0.026736297346368187
2088532321693492263,2021-09,0.41729542497613337
2088532321693492263,2021-09,0.028449250766933245
4335865859049992260,2021-08,0.0023729732582654585
4335865859049992260,2021-09,0.00391156693501363
4335865859049992260,2021-09,0.003716995730123627
2209806355660046187,2021-08,0.01106672348448995
3218226066162129945,2021-08,0.025039965955580723
3218226066162129945,2021-09,0.5215060400510245
3218226066162129945,2021-09,0.5444492919500307
6985631100944640910,2021-08,0.07363499696716577
5358243820364010940,2021-08,0.00462045094971286
5358243820364010940,2021-08,0.005331464114977376
5358243820364010940,2021-08,0.006633445360806371
4588313530969303734,2021-08,0.07121729313365363
4588313530969303734,2021-08,0.07638512754424068
4588313530969303734,2021-09,0.07608788168497731
2033394215069562776,2021-08,0.00841729243756544
2033394215069562776,2021-08,0.011681923860581223
2033394215069562776,2021-09,0.011206641918465704
2033394215069562776,2021-09,0.011206641918465704
662944582644865942,2021-08,0.011913013933510661
662944582644865942,2021-09,0.027001470643878537
662944582644865942,2021-09,0.027624675112296947
662944582644865942,2021-09,0.008470988522498077
662944582644865942,2021-09,0.007511146168304741
662944582644865942,2021-09,0.006986099749704634
4874157215501489741,2021-08,0.00619801846768163
4874157215501489741,2021-08,0.005570151528084751
4874157215501489741,2021-08,0.003270509762610658
4874157215501489741,2021-09,0.008467394912366498
2371917341091102894,2021-08,0.03230047540483294
2819054834565698513,2021-08,0.023852215065320898
2819054834565698513,2021-08,0.02281462288669174
2819054834565698513,2021-09,0.019892240820759164
2819054834565698513,2021-09,0.011395836319974963
2819054834565698513,2021-09,0.009567787674467126
4675067298171588603,2021-08,0.0853039800441869
4675067298171588603,2021-08,0.07726682555557882
4675067298171588603,2021-08,0.09292183029520597
3118683330911759410,2021-08,0.09181175954329482
3118683330911759410,2021-09,0.16511541854899225
5460280878923715699,2021-08,0.009976745214095173
5460280878923715699,2021-08,0.008441122514079078
5460280878923715699,2021-09,0.008273452943568937
7268895973869107930,2021-08,0.005029828975964212
7268895973869107930,2021-08,0.008137963685788422
7268895973869107930,2021-09,0.007380548267292047
7268895973869107930,2021-09,0.004267430808737244
1141681690629134039,2021-08,0.00846385847210868
8715120689636420963,2021-08,0.004718782900196784
940214356651040716,2021-08,0.07377369737961982
940214356651040716,2021-09,0.051378715136907525
940214356651040716,2021-09,0.047173189122843136
295375823203017296,2021-08,0.0036122220245062065
295375823203017296,2021-09,0.0036452252543213584
5528372913947954503,2021-08,0.018649478535414342
5528372913947954503,2021-09,0.01812597279355721
9108733472015251498,2021-08,0.004678075316841835
3591324331706630867,2021-08,0.051600421313268925
3591324331706630867,2021-08,0.05597614554069284
3591324331706630867,2021-09,0.021368448971811223
8603678028264007695,2021-08,0.009472015268209767
8603678028264007695,2021-09,0.00979154171462874
8603678028264007695,2021-09,0.007837490113577459
6858769421191999702,2021-08,0.0018749151875069312
6858769421191999702,2021-08,0.0024660654442624896
6858769421191999702,2021-09,0.0030382504335127463
6858769421191999702,2021-09,0.002982548149786136
8596605705893456305,2021-08,0.4350930545858255
8596605705893456305,2021-09,0.4463674350539584
8596605705893456305,2021-09,0.5896465981173944
8596605705893456305,2021-09,0.4235519541342578
8596605705893456305,2021-09,0.4260699831203628
8596605705893456305,2021-09,0.3837839149283774
8596605705893456305,2021-09,0.3728042435676617
8596605705893456305,2021-09,0.3278846695404062
5888474320320735000,2021-08,0.7291268408095007
5888474320320735000,2021-08,0.7299651741565052
5888474320320735000,2021-09,0.6920459399828721
5888474320320735000,2021-09,0.6543918981428402
5888474320320735000,2021-09,0.6543918981428402
6795467882769787169,2021-08,0.007940568966861378
6795467882769787169,2021-08,0.007940568966861378
6795467882769787169,2021-09,0.01760007548881068
6795467882769787169,2021-09,0.004500377443306601
6795467882769787169,2021-09,0.005290487684076484
6828316696355015040,2021-08,0.004473418921207102
6828316696355015040,2021-08,0.00427972827055777
6828316696355015040,2021-08,0.003771580014721961
6828316696355015040,2021-09,0.0030952309876020345
6828316696355015040,2021-09,0.002491622012774517
1477629972594346481,2021-08,0.008539359344896014
1477629972594346481,2021-08,0.011851233597943812
1477629972594346481,2021-09,0.010582562011803081
1543875954928694094,2021-08,0.003230185177818834
1543875954928694094,2021-08,0.006414524382259989
1543875954928694094,2021-08,0.005896128527441202
1543875954928694094,2021-09,0.003421673912845034
5477900120643078645,2021-08,0.024293087965995077
5477900120643078645,2021-08,0.02819797996959253
5477900120643078645,2021-08,0.030028727333890143
5432443358006556295,2021-08,0.010051956843122687
5462970244186515758,2021-08,0.0046849385476854565
5462970244186515758,2021-08,0.005884731206094889
5462970244186515758,2021-09,0.007850172741608734
5462970244186515758,2021-09,0.009885649321895982
5462970244186515758,2021-09,0.009446715603721284
5462970244186515758,2021-09,0.0039661208562664805
5462970244186515758,2021-09,0.0036663708021287384
665854826624598350,2021-08,0.0063248036863620015
665854826624598350,2021-08,0.0063248036863620015
665854826624598350,2021-08,0.0056090040159020365
665854826624598350,2021-08,0.009062048934293824
665854826624598350,2021-08,0.009000499029738778
665854826624598350,2021-09,0.014077508934474936
665854826624598350,2021-09,0.00706437871111761
1738460583932152602,2021-08,0.3327989491439307
5864443060004179363,2021-08,0.0021054359457499863
5864443060004179363,2021-08,0.0033798393617056103
5864443060004179363,2021-09,0.018004199948818984
5864443060004179363,2021-09,0.003311041396420016
5864443060004179363,2021-09,0.002277575509736744
5864443060004179363,2021-09,0.0020388245420472333
5864443060004179363,2021-09,0.0020388245420472333
5864443060004179363,2021-09,0.0019605026810447465
2508429106201166689,2021-08,0.004483381879848073
2508429106201166689,2021-09,0.008088537695470339
2508429106201166689,2021-09,0.005733837781291463
1272921915900711149,2021-08,0.0028658190630443526
1272921915900711149,2021-08,0.009964642659048669
1272921915900711149,2021-09,0.002092726061854305
7719481195372677540,2021-08,0.0035625160642578056
7719481195372677540,2021-09,0.007825784390290169
7719481195372677540,2021-09,0.0036934979638304924
1097345589386012260,2021-08,0.012017402677522326
5166128847048245697,2021-08,0.012417074583750277
5166128847048245697,2021-09,0.02497549676701884
5166128847048245697,2021-09,0.02228942371346832
1192891347324061812,2021-08,0.004848356424923337
1192891347324061812,2021-08,0.005236885992194784
1192891347324061812,2021-08,0.00911623578897404
1192891347324061812,2021-09,0.007588362037270437
1192891347324061812,2021-09,0.0075533453706581235
1192891347324061812,2021-09,0.005582260079236666
1192891347324061812,2021-09,0.005293925961547203
1192891347324061812,2021-09,0.005293925961547203
1192891347324061812,2021-09,0.009567007167803808
1192891347324061812,2021-09,0.0051951798445912896
1683619849073499603,2021-08,0.002454596968513618
1683619849073499603,2021-08,0.0031783725219242274
1683619849073499603,2021-08,0.005013242613381738
1683619849073499603,2021-08,0.004062210120689502
1683619849073499603,2021-09,0.003873623673724833
1683619849073499603,2021-09,0.003336205020819576
1683619849073499603,2021-09,0.002685391684531913
8195468623809753777,2021-08,0.012017935817318224
8195468623809753777,2021-09,0.007513635385839574
5883155883105348987,2021-08,0.03301591373427111
5883155883105348987,2021-08,0.02821330617277021
5883155883105348987,2021-09,0.3603178772612535
5883155883105348987,2021-09,0.03297573751097735
5883155883105348987,2021-09,0.030759671326639752
4571290108043699959,2021-08,0.005991832010327588
4571290108043699959,2021-08,0.006723330655420763
4571290108043699959,2021-09,0.004395023181953106
4571290108043699959,2021-09,0.0030969838698229283
4571290108043699959,2021-09,0.003015246741712722
4571290108043699959,2021-09,0.0023092093787982788
4571290108043699959,2021-09,0.002942038084780328
4571290108043699959,2021-09,0.002834887256901822
465309249432033993,2021-08,0.009605355676394828
465309249432033993,2021-08,0.01143274559261748
465309249432033993,2021-08,0.01071986917265232
465309249432033993,2021-08,0.009454666566739886
465309249432033993,2021-08,0.009333063297088775
465309249432033993,2021-09,0.03978651543294791
9206030810342980458,2021-08,0.004149070921004688
9206030810342980458,2021-08,0.006624451062954432
9206030810342980458,2021-08,0.007520845420162602
9206030810342980458,2021-09,0.002598421110405341
9206030810342980458,2021-09,0.003737494778779865
6330043096034525408,2021-08,0.13258291965653135
6330043096034525408,2021-08,0.13258159752457407
6330043096034525408,2021-08,0.14253439457565592
6330043096034525408,2021-08,0.1438995588485414
6330043096034525408,2021-09,0.3101407033681955
6330043096034525408,2021-09,0.13586838845322077
6330043096034525408,2021-09,0.6005758375423361
6330043096034525408,2021-09,0.1345674390744809
6330043096034525408,2021-09,0.13640192138722676
6330043096034525408,2021-09,0.13648965605492488
3724562776372632620,2021-08,0.03106400828432115
3724562776372632620,2021-09,0.040962891469974866
7142043104834932013,2021-08,0.0782620287811617
7142043104834932013,2021-09,0.030942740817809962
6681781879793693802,2021-08,0.004270189580047406
7535160686416710323,2021-08,0.01260490601251347
7535160686416710323,2021-08,0.01297148984618842
7535160686416710323,2021-08,0.01363991362098062
7535160686416710323,2021-09,0.00760200021290415
7770458886439606839,2021-08,0.020331773079402107
7770458886439606839,2021-08,0.01945900390838066
7770458886439606839,2021-08,0.020773836470433876
7770458886439606839,2021-09,0.06137058734548014
7770458886439606839,2021-09,0.14082910496448336
7770458886439606839,2021-09,0.0833565291330341
7770458886439606839,2021-09,0.07898776230957245
7770458886439606839,2021-09,0.0810196895292767
7770458886439606839,2021-09,0.07284466421417184
5304536516981778801,2021-08,0.008628091094922427
5304536516981778801,2021-08,0.00639287588067886
5304536516981778801,2021-08,0.00639287588067886
5304536516981778801,2021-08,0.00614244260543312
5304536516981778801,2021-09,0.006599836582478823
5304536516981778801,2021-09,0.006550826954978691
5304536516981778801,2021-09,0.004365195072698893
5304536516981778801,2021-09,0.006850771339781373
3279078057358159966,2021-08,0.08208544537286822
3279078057358159966,2021-08,0.05392527559797619
3279078057358159966,2021-09,0.049766238903493513
6337915293429442229,2021-08,0.04707479768220863
7992317448197179816,2021-08,0.01118272065106846
7992317448197179816,2021-08,0.012787992849325996
7992317448197179816,2021-09,0.006888785937439345
710593997981520423,2021-08,0.004762147291873221
5611787644735474299,2021-08,0.0022016814994875876
5611787644735474299,2021-08,0.0029024276932358276
5611787644735474299,2021-08,0.0032302493569855324
5611787644735474299,2021-08,0.002481842563165381
5611787644735474299,2021-08,0.002481842563165381
5611787644735474299,2021-08,0.005487752083570196
5611787644735474299,2021-09,0.00351564812954875
5611787644735474299,2021-09,0.0035650211190440127
5611787644735474299,2021-09,0.0035805133728028103
5611787644735474299,2021-09,0.0021407609262716733
5611787644735474299,2021-09,0.0020301658222995804
5611787644735474299,2021-09,0.0021407609262716733
5611787644735474299,2021-09,0.003677278061079337
5611787644735474299,2021-09,0.003026813720351769
5611787644735474299,2021-09,0.0031782940117612403
3822753345985951756,2021-08,0.008058263360126864
3822753345985951756,2021-08,0.011970158180024854
3822753345985951756,2021-08,0.011317539369956652
3822753345985951756,2021-09,0.008241142340485674
1028630885537616736,2021-08,0.005577642089240664
6217788509719675691,2021-08,0.0026837671115256634
6217788509719675691,2021-09,0.007028008621467323
6217788509719675691,2021-09,0.10715794086207064
6217788509719675691,2021-09,0.005766769406309878
6217788509719675691,2021-09,0.005766769406309878
6217788509719675691,2021-09,0.004825876422749131
1827463638348028912,2021-08,0.004684010096063396
3095686599956852697,2021-08,0.00292380538581998
3095686599956852697,2021-08,0.004253688743991736
2951563549197799278,2021-08,0.0020907901164840086
7944852965555666513,2021-08,0.005366014221058332
7944852965555666513,2021-09,0.0066068677163715365
7963861799566207637,2021-08,0.004030860856325717
7963861799566207637,2021-08,0.003974763084793408
7963861799566207637,2021-09,0.005584546700600802
7963861799566207637,2021-09,0.004798501486140127
7963861799566207637,2021-09,0.0062243096614510275
2735662700719640627,2021-08,0.040059665868935994
6271697692808086495,2021-08,0.008928649198338941
6271697692808086495,2021-09,0.007534615314062228
6271697692808086495,2021-09,0.006934911039067289
6885171468891031140,2021-08,0.0035930696706675193
6885171468891031140,2021-08,0.005761548712847357
6885171468891031140,2021-09,0.007701084020092144
6885171468891031140,2021-09,0.006005966412259036
6754039979151386401,2021-08,0.009630376864261655
8609211777002937758,2021-08,0.0031392429294456094
8609211777002937758,2021-08,0.005342699780548313
8609211777002937758,2021-09,0.007624338641985551
1044946691507317745,2021-08,0.00451598470554984
1044946691507317745,2021-08,0.00607422122648289
1044946691507317745,2021-09,0.00834118499143331
1044946691507317745,2021-09,0.008208310716110301
1044946691507317745,2021-09,0.006413242577663909
107343823625119033,2021-08,0.006110552946426435
107343823625119033,2021-09,0.016969710645343902
9052787288251876909,2021-08,0.0026305463688669883
9052787288251876909,2021-09,0.004155530552903649
8090492548102964782,2021-08,0.039588326416128104
8090492548102964782,2021-09,0.07232782426368956
8196449005061156808,2021-08,0.004752792745980805
8196449005061156808,2021-09,0.007388738598434327
5635781225931111684,2021-08,0.005597938483818787
5635781225931111684,2021-09,0.010624145447425137
5635781225931111684,2021-09,0.009324749249753959
5635781225931111684,2021-09,0.008843235602122527
5635781225931111684,2021-09,0.010400017058974987
4071158585850879204,2021-08,0.02731724410300438
4071158585850879204,2021-09,0.02602841012801306
4071158585850879204,2021-09,0.025387779512138064
4071158585850879204,2021-09,0.018772338623867995
1617695035450525647,2021-08,0.0022742198609552004
1617695035450525647,2021-09,0.004697551219691032
1617695035450525647,2021-09,0.008606654251035564
1617695035450525647,2021-09,0.00461727211255458
1617695035450525647,2021-09,0.007508483090594971
1617695035450525647,2021-09,0.0034167499645484075
1617695035450525647,2021-09,0.0035138554687945763
1617695035450525647,2021-09,0.0029069541179691004
5986344948775572227,2021-08,0.3067816627293134
1977574645216036803,2021-08,0.3220546822472697
1977574645216036803,2021-09,0.2406946303247351
8918635099296971351,2021-08,0.11341292345880612
2310272650667756227,2021-08,0.6134750076144315
5303720405946805990,2021-08,0.009215619434155428
5303720405946805990,2021-08,0.007735199637357212
5303720405946805990,2021-08,0.006438198709442405
5303720405946805990,2021-08,0.00967046866539976
5303720405946805990,2021-08,0.00915070615526859
5303720405946805990,2021-09,0.008600172426690648
2763141362035716801,2021-08,0.014048741245727076
2763141362035716801,2021-09,0.014088949066645514
2763141362035716801,2021-09,0.011156486625795776
3036967290595689189,2021-08,0.001069217887970033
3036967290595689189,2021-08,0.002146166837379059
3036967290595689189,2021-09,0.001536774080237905
1115703227712697214,2021-08,0.014494730430192228
1115703227712697214,2021-08,0.009334239532747425
1115703227712697214,2021-09,0.01455723488950331
1115703227712697214,2021-09,0.01519442103979135
1115703227712697214,2021-09,0.01569689502230571
7141263195360679278,2021-08,0.04538489012038215
7141263195360679278,2021-08,0.04554116797966555
7141263195360679278,2021-08,0.03853745430354478
6462952350255736003,2021-08,0.007359014764208021
6462952350255736003,2021-08,0.009011517724066163
6462952350255736003,2021-08,0.010763090628216206
6462952350255736003,2021-09,0.007379924114900225
472772897496154354,2021-08,0.0035944354498098747
472772897496154354,2021-08,0.004260784455844662
472772897496154354,2021-09,0.004841622584194766
472772897496154354,2021-09,0.004667061972560686
8248484932270772248,2021-08,0.1844125393858335
8895896724713458749,2021-08,0.010457575234396261
8895896724713458749,2021-08,0.010026312035136275
8895896724713458749,2021-08,0.0100003700742837
8895896724713458749,2021-08,0.010026312035136275
8895896724713458749,2021-08,0.010026312035136275
8895896724713458749,2021-09,0.006947513160189267
8895896724713458749,2021-09,0.006245014167161688
8895896724713458749,2021-09,0.0062872297742008
5732713959930509093,2021-08,0.030005611683631014
4365965554261111250,2021-08,0.08745919730016599
4365965554261111250,2021-09,0.09671277878097234
4365965554261111250,2021-09,0.0920665785591075
5430917218683822543,2021-08,0.020934310640999924
5430917218683822543,2021-08,0.02247855701682177
5430917218683822543,2021-09,0.023301278517426485
5430917218683822543,2021-09,0.014214568396663912
717981637594591016,2021-08,0.003716170591598905
717981637594591016,2021-09,0.0038675125582214886
511305041047444825,2021-08,0.02160295287575842
511305041047444825,2021-09,0.2978179482412305
511305041047444825,2021-09,0.019075443130733474
511305041047444825,2021-09,0.019075443130733474
2208316821038817776,2021-08,0.2470023683501105
2201150681962815877,2021-08,0.023890296598178273
2201150681962815877,2021-08,0.022806467319917718
2201150681962815877,2021-09,0.02250236671929371
2201150681962815877,2021-09,0.021233552074762185
3480297543931395935,2021-08,0.078801242189114
3480297543931395935,2021-08,0.09010826309382199
8915958534285799867,2021-08,0.19276355845069626
652740132671309295,2021-08,0.02920839672237426
652740132671309295,2021-09,0.016408291820661072
7595945751692012281,2021-08,0.008476084843495876
7595945751692012281,2021-08,0.010621995366429045
7595945751692012281,2021-09,0.006559246921441895
7468724002190465812,2021-08,0.011822150457757663
3281617395243454427,2021-08,0.027130656547252448
1551531256789550891,2021-08,0.007932099480012327
1551531256789550891,2021-09,0.012064819229296836
8570963260597299378,2021-08,0.003967579167363102
8570963260597299378,2021-09,0.022599642000728615
8570963260597299378,2021-09,0.018655506721815394
8570963260597299378,2021-09,0.01358154743053301
8570963260597299378,2021-09,0.011248986068816646
8570963260597299378,2021-09,0.013779403864329682
8570963260597299378,2021-09,0.008293269864770095
7613717984547031729,2021-08,0.005559975377233535
7613717984547031729,2021-08,0.005497584185196075
7613717984547031729,2021-09,0.005485398676147945
7613717984547031729,2021-09,0.005405182460402355
7613717984547031729,2021-09,0.0030501615736359335
7613717984547031729,2021-09,0.0030079585932201707
7613717984547031729,2021-09,0.003679819397691671
3258345688897172820,2021-08,0.06355658931385812
3258345688897172820,2021-09,0.15736056762001932
3258345688897172820,2021-09,0.05102463629282376
3258345688897172820,2021-09,0.050821980363646935
843896882208504179,2021-08,0.16105324377427727
7870373680211625064,2021-08,0.013777447073879463
410843023337872279,2021-08,0.6361526958206724
410843023337872279,2021-09,0.10150060111544487
410843023337872279,2021-09,0.009763463909792365
5225029212547588718,2021-08,0.01983869374418407
5225029212547588718,2021-08,0.021504921847966377
5225029212547588718,2021-09,0.02504413563232671
5225029212547588718,2021-09,0.11619802675893823
5225029212547588718,2021-09,0.024527259998622264
5225029212547588718,2021-09,0.018881154836819545
5225029212547588718,2021-09,0.013955961677264322
5225029212547588718,2021-09,0.013876599543856123
7686361238195690925,2021-08,0.009124483295496515
7686361238195690925,2021-09,0.031474561554017164
873223039957991123,2021-08,0.005964802269685648
873223039957991123,2021-09,0.005295609344060668
3027683745465216663,2021-08,0.004394048295046016
2003221759676247813,2021-08,0.006729513512575549
2322847438374159400,2021-08,0.007123647135177161
2322847438374159400,2021-09,0.0057700814358473095
1696462947583294958,2021-08,0.0032308141151579737
1696462947583294958,2021-09,0.02650976266161546
6987942592445950913,2021-08,0.0039471235056741365
6987942592445950913,2021-08,0.004018512173159906
6987942592445950913,2021-09,0.004342464414859943
6987942592445950913,2021-09,0.0022435883890323583
8854680481766219396,2021-08,0.12387392710980721
8854680481766219396,2021-08,0.1200863876526758
8854680481766219396,2021-08,0.12231199847617175
8854680481766219396,2021-09,0.1650926910274099
2870813069335519467,2021-08,0.009798727059610554
2870813069335519467,2021-09,0.0060326084070588286
1000372849175668062,2021-08,0.3586590898928452
1000372849175668062,2021-08,0.007556458665608597
7031913170099381454,2021-08,0.13280739883071482
7031913170099381454,2021-09,0.2434610076022311
1106971614386004604,2021-08,0.055052016060672726
3472934456083131714,2021-08,0.007833679005907894
3472934456083131714,2021-08,0.006645048191490194
3472934456083131714,2021-09,0.004009250395284204
2032592272238235730,2021-08,0.011664068691746314
2032592272238235730,2021-09,0.010596863189035459
7637066986811047950,2021-08,0.007449576144017298
7637066986811047950,2021-09,0.0042433838731455115
2347028805684088098,2021-08,0.0043899355428376596
2347028805684088098,2021-08,0.005987103594820103
2347028805684088098,2021-09,0.018155948733234197
2347028805684088098,2021-09,0.003046990480422341
2347028805684088098,2021-09,0.005137900509101529
2347028805684088098,2021-09,0.003412211387808159
2347028805684088098,2021-09,0.002687256207053598
2347028805684088098,2021-09,0.003380009350919247
2347028805684088098,2021-09,0.003040603167671882
2634859679238614382,2021-08,0.003168785554924344
2634859679238614382,2021-09,0.003891819382721327
2634859679238614382,2021-09,0.004336280410976835
2634859679238614382,2021-09,0.004336280410976835
2634859679238614382,2021-09,0.0023437040357638297
2634859679238614382,2021-09,0.0020948082308494815
1661240395903230676,2021-08,0.03207540065272344
1661240395903230676,2021-09,0.023589250159721374
1661240395903230676,2021-09,0.022815754562257814
8748106677402909629,2021-08,0.026335667879940596
4495596792165551705,2021-08,0.0199288418613999
6242636379248496392,2021-08,0.00722154063640381
6242636379248496392,2021-08,0.005500504302114258
6242636379248496392,2021-08,0.005579179568125877
6242636379248496392,2021-09,0.007362950301594672
6242636379248496392,2021-09,0.0032607928978210447
2535803443850893368,2021-08,0.02139644264921634
7529137091657891207,2021-08,0.11801966709792813
5136739522477907100,2021-08,0.0060912389806199105
5136739522477907100,2021-08,0.007876740298565854
5136739522477907100,2021-09,0.0032925696508168036
5274777191770957761,2021-08,0.1525998300055117
5274777191770957761,2021-09,0.4675496560834833
5274777191770957761,2021-09,0.12770430017500065
5091704914816802802,2021-08,0.05322063524473617
8919892162361650175,2021-08,0.055636692744574306
8919892162361650175,2021-09,0.07256655268786141
8919892162361650175,2021-09,0.04923495544465767
6547872039250784411,2021-08,0.7026616781863443
4465150716052427320,2021-08,0.013400874588191402
4465150716052427320,2021-09,0.30128355250432615
4465150716052427320,2021-09,0.01753797264977049
4465150716052427320,2021-09,0.011370856289350076
4465150716052427320,2021-09,0.011133600720221133
4465150716052427320,2021-09,0.010873394947694575
4465150716052427320,2021-09,0.011335302451787134
4465150716052427320,2021-09,0.00995911841659242
4183921942053157552,2021-08,0.037960488991473564
4183921942053157552,2021-09,0.03059637216483679
4183921942053157552,2021-09,0.027484452971374702
963687627963462983,2021-08,0.00448852266533082
2778852475840838977,2021-08,0.07477957851215764
8041261093764417881,2021-08,0.006747941714242762
3538481420098344176,2021-08,0.37197458899169156
8174633018998080168,2021-08,0.011489741054469893
39547025441582855,2021-08,0.009077638465207843
39547025441582855,2021-09,0.01581697652394747
8901696535927078963,2021-08,0.006888516200699844
8901696535927078963,2021-09,0.008038095579699917
8901696535927078963,2021-09,0.008038095579699917
8901696535927078963,2021-09,0.007816180719982493
8901696535927078963,2021-09,0.007570971717717694
8901696535927078963,2021-09,0.0044569061108263065
6367769402148499693,2021-08,0.009652064843156496
6367769402148499693,2021-09,0.004049138656041673
8503092146854371576,2021-08,0.004985368456615553
8503092146854371576,2021-09,0.0033080439896797345
8512214463586144353,2021-08,0.005386084303576169
8512214463586144353,2021-09,0.009099977440323918
8512214463586144353,2021-09,0.006619363411055439
8512214463586144353,2021-09,0.0040808240025392755
9175443729335908760,2021-08,0.04336243676970687
3632378524835692731,2021-08,0.005764716215214516
4018182555897034052,2021-08,0.008948668862336112
4018182555897034052,2021-08,0.00831358764375547
4018182555897034052,2021-09,0.005701849226015752
4018182555897034052,2021-09,0.056410240318359034
6394935036014530592,2021-08,0.004691708795521116
6394935036014530592,2021-09,0.003948799889362628
5078307295214858596,2021-08,0.009192995608922236
903093877129717133,2021-08,0.0034340573914651874
903093877129717133,2021-08,0.0038772690319330886
903093877129717133,2021-08,0.0038386858068072305
903093877129717133,2021-08,0.0040302676434681
903093877129717133,2021-09,0.0041900666152488225
903093877129717133,2021-09,0.002546823711308518
903093877129717133,2021-09,0.002704035413853605
903093877129717133,2021-09,0.002546823711308518
5042877476420217533,2021-08,0.007377885749919909
5042877476420217533,2021-08,0.007794638102885447
5042877476420217533,2021-09,0.003525349403752337
2006188298374001315,2021-08,0.004506278693315806
2006188298374001315,2021-09,0.005088124645765299
2006188298374001315,2021-09,0.0032538414800021244
6926309382371178621,2021-08,0.021241445858863468
5689766561863956319,2021-08,0.01109598285601527
5689766561863956319,2021-08,0.011051512100098918
5689766561863956319,2021-09,0.0122491911428628
5689766561863956319,2021-09,0.008364102163865484
2773493808492482979,2021-08,0.008529188617551265
2773493808492482979,2021-09,0.006298725794716078
6731795019313479942,2021-08,0.0033621150632660024
7451017400765373278,2021-08,0.0021557253612854693
7451017400765373278,2021-09,0.0014595992537692994
3357976326879346012,2021-08,0.06427950447318698
3357976326879346012,2021-09,0.05778652495899365
3357976326879346012,2021-09,0.05443627171083519
6722781660631652440,2021-08,0.0094038632000151
6056959220685085102,2021-08,0.03507284167597289
3281818438120834833,2021-08,0.019361406462996788
3281818438120834833,2021-09,0.010990754079717469
6055278873962623670,2021-08,0.025986041813064704
6055278873962623670,2021-08,0.015459336554486697
8374461419511631785,2021-08,0.021750925183525668
8374461419511631785,2021-09,0.010993938329527168
8374461419511631785,2021-09,0.006430549750387053
5301988619224057921,2021-08,0.6390792489768564
5301988619224057921,2021-09,0.6114573348678627
5301988619224057921,2021-09,0.5897692729087524
5301988619224057921,2021-09,0.7225992910386697
5301988619224057921,2021-09,0.6823703756084816
5301988619224057921,2021-09,0.5608209344407616
5301988619224057921,2021-09,0.5608209344407616
1235244772550233980,2021-08,0.006157496176150925
1235244772550233980,2021-08,0.00536244594475323
1235244772550233980,2021-09,0.006243883617027876
1235244772550233980,2021-09,0.005026965310192198
2780030912070252968,2021-08,0.3370394334101748
4090195792518021727,2021-08,0.006457303282365774
1778014915038250584,2021-08,0.11983480753068006
1778014915038250584,2021-09,0.129909699283464
2658946240987854807,2021-08,0.0040288813928156175
2658946240987854807,2021-08,0.004123477335715952
2658946240987854807,2021-09,0.007249854886302383
2658946240987854807,2021-09,0.006387952825811425
4566920105008626302,2021-08,0.006256451827723071
7628167057144760589,2021-08,0.05256908455146967
7628167057144760589,2021-09,0.0059952186973034815
7628167057144760589,2021-09,0.005188246191132708
5893903674205161232,2021-08,0.004054645297840633
4769364850030443969,2021-08,0.017145965406897837
3682570285558758138,2021-08,0.016972257920646244
6950439982480713649,2021-08,0.2618373217572613
6950439982480713649,2021-09,0.12165603857528176
6950439982480713649,2021-09,0.11320536397013747
6784879562354696650,2021-08,0.1097046673786437
6784879562354696650,2021-09,0.029169342615560083
6784879562354696650,2021-09,0.023941143374886037
6784879562354696650,2021-09,0.03303295525294707
8464769152264029983,2021-08,0.016234731047643412
5735794880899687600,2021-08,0.006664822201443747
5735794880899687600,2021-09,0.008606368529765433
5735794880899687600,2021-09,0.008665246740468294
6545052034269841737,2021-08,0.0040626848469763315
6545052034269841737,2021-09,0.006929368580746555
6545052034269841737,2021-09,0.006929368580746555
6545052034269841737,2021-09,0.06942470831701247
4762256864594914240,2021-08,0.016187533959391234
4762256864594914240,2021-09,0.008578685493323116
4762256864594914240,2021-09,0.00486158381732443
4762256864594914240,2021-09,0.010044190435410055
6865071386683133124,2021-08,0.006609568474615523
7105441534376526569,2021-08,0.05290968532903157
1574054842704135993,2021-08,0.012084848361579024
2335982750277990437,2021-08,0.04900567247613467
2335982750277990437,2021-09,0.05638531377240386
5511113649464808344,2021-08,0.05207051552178899
8400764778654490278,2021-08,0.012691576927522808
8400764778654490278,2021-09,0.012824161650149778
8400764778654490278,2021-09,0.08959495682582287
8400764778654490278,2021-09,0.01206986034359054
6546850858912852316,2021-08,0.910331472434956
6546850858912852316,2021-08,0.5532456445478589
6546850858912852316,2021-09,0.18484739324044666
2432667449154431819,2021-08,0.32757343751222534
2432667449154431819,2021-09,0.2995550533330074
1368430815953333691,2021-08,0.13066602207803746
4717593620120611957,2021-08,0.007229590781173917
4717593620120611957,2021-09,0.0036739515922327385
15070048310374146,2021-08,0.049588213626129314
15070048310374146,2021-08,0.049588213626129314
15070048310374146,2021-09,0.045611144242230575
3668905663669864663,2021-08,0.004882119756998745
3668905663669864663,2021-09,0.005505808033691712
180672270337706285,2021-08,0.2239396869696087
4532469127306079736,2021-08,0.00827015870948444
4532469127306079736,2021-09,0.04858537681110908
4532469127306079736,2021-09,0.0042817076848842275
4532469127306079736,2021-09,0.004224706279143513
9060693308980292489,2021-08,0.029163232818008134
9127318190908282126,2021-08,0.008005416974129919
4296149971687628223,2021-08,0.009072837814360846
4342146186255136598,2021-08,0.006918047141292451
4342146186255136598,2021-09,0.006760925283409904
4342146186255136598,2021-09,0.00533265837569021
3095408468798675621,2021-08,0.009769344906640253
3095408468798675621,2021-09,0.009179086039101938
3095408468798675621,2021-09,0.005943709323422988
8083157716178259762,2021-09,0.007167388984035138
3713742318997880410,2021-09,0.003007991027161202
3713742318997880410,2021-09,0.0022028235107865394
1044568737046072781,2021-09,0.03913472545582754
1044568737046072781,2021-09,0.022499826811824906
798425422240919854,2021-09,0.0043848435807284595
798425422240919854,2021-09,0.0052885139680290795
798425422240919854,2021-09,0.004392453311517517
5369576709077493659,2021-09,0.019683692186963923
5369576709077493659,2021-09,0.020237589790158366
5369576709077493659,2021-09,0.015220314182169046
984915269987074754,2021-09,0.005401315975920618
984915269987074754,2021-09,0.0058649930013746545
984915269987074754,2021-09,0.026706309966268785
984915269987074754,2021-09,0.0054263643887093975
984915269987074754,2021-09,0.003267610203448353
2678966409665050034,2021-09,0.015301556380942034
2678966409665050034,2021-09,0.010736944193673128
2678966409665050034,2021-09,0.010967702262267143
2678966409665050034,2021-09,0.010151524275668419
4898797487317475277,2021-09,0.01636243275892719
4898797487317475277,2021-09,0.015035574961460112
6547707428090179960,2021-09,0.007739874822303646
6547707428090179960,2021-09,0.007611974755184679
6547707428090179960,2021-09,0.007545791541458285
8859064595603380512,2021-09,0.013414169737397081
1234611356650812259,2021-09,0.035583796565507364
4334472256949955221,2021-09,0.006321137624707368
4334472256949955221,2021-09,0.003927350307171426
2900002014851776114,2021-09,0.4476321085147764
6368582840625614207,2021-09,0.012729343790024293
4993499380140734678,2021-09,0.01302556305866443
4993499380140734678,2021-09,0.012870522321672307
4993499380140734678,2021-09,0.007416500654757106
4993499380140734678,2021-09,0.007220449544675198
18719614953021044,2021-09,0.09014570116294833
3228830386980584958,2021-09,0.00692571156088786
3228830386980584958,2021-09,0.001939454835153051
5263285038415073073,2021-09,0.18163219831979224
5263285038415073073,2021-09,0.168212761823017
5263285038415073073,2021-09,0.168212761823017
3137879241768961145,2021-09,0.0066119849940556395
3137879241768961145,2021-09,0.0058995847907602145
4714214581184951490,2021-09,0.006123894321141826
4714214581184951490,2021-09,0.003996435641263398
4714214581184951490,2021-09,0.0034297795919553844
4781265535199914934,2021-09,0.013804520100151296
4781265535199914934,2021-09,0.5520334941885476
4781265535199914934,2021-09,0.658709286944544
4919908458022265747,2021-09,0.010403233277882108
4919908458022265747,2021-09,0.00649889214219391
6198047969028248384,2021-09,0.006697564949055501
6198047969028248384,2021-09,0.004673045781895128
5860276371789140450,2021-09,0.02921112935536795
5791518044186095039,2021-09,0.00505098642426981
5791518044186095039,2021-09,0.002625795814349872
4061297388883391410,2021-09,0.00446340422663567
2814790209436551216,2021-09,0.00846355652226105
2814790209436551216,2021-09,0.007044871699794237
2106875407768047316,2021-09,0.009762355148726408
1192810733461560329,2021-09,0.006628078147325103
1192810733461560329,2021-09,0.006628078147325103
1192810733461560329,2021-09,0.006628078147325103
1192810733461560329,2021-09,0.005353270794549383
1192810733461560329,2021-09,0.005353270794549383
1192810733461560329,2021-09,0.005043727338649499
5540361570968095722,2021-09,0.006591745949638065
8548612698724688238,2021-09,0.008580829213114776
2455576782104041698,2021-09,0.011383536212818061
2455576782104041698,2021-09,0.004003133298340814
3421433989501830226,2021-09,0.0219854992458089
3421433989501830226,2021-09,0.021157068008605374
2233850024349336054,2021-09,0.03036101308556429
1088521227159442264,2021-09,0.01494879046720594
1088521227159442264,2021-09,0.013160321284571142
1088521227159442264,2021-09,0.016647228911255328
1088521227159442264,2021-09,0.009721106508466243
1088521227159442264,2021-09,0.024874619488467926
1088521227159442264,2021-09,0.029055213788335782
1002362614649347438,2021-09,0.04953638441901193
1002362614649347438,2021-09,0.05020564358264364
6284433051333854194,2021-09,0.004553003621998605
8828303152301461681,2021-09,0.014643515600226604
8828303152301461681,2021-09,0.010536580678109045
6927178425683104769,2021-09,0.03066842939665304
6927178425683104769,2021-09,0.02584089032488608
6927178425683104769,2021-09,0.006376415475819115
7182085930008391174,2021-09,0.016836180122360198
7182085930008391174,2021-09,0.011484023838810677
7182085930008391174,2021-09,0.009208159161619508
8398000036517692656,2021-09,0.05274678767808117
4972567100282306577,2021-09,0.013327339355794174
4972567100282306577,2021-09,0.01634046104939642
4972567100282306577,2021-09,0.015742244727045294
8750634267020436314,2021-09,0.45448399807994083
3275327267689584006,2021-09,0.21616266552396463
3275327267689584006,2021-09,0.8044878496423078
255928150711119413,2021-09,0.22043038234320572
4995679129936981612,2021-09,0.17101898018053327
4995679129936981612,2021-09,0.16978583030577282
7664272163315705419,2021-09,0.009135557354979732
7664272163315705419,2021-09,0.010349473339948224
1611146298923153842,2021-09,0.008852495507817639
1611146298923153842,2021-09,0.005762573664685234
8961924617442201922,2021-09,0.008086463306715972
8961924617442201922,2021-09,0.08275430530439631
8961924617442201922,2021-09,0.005177444220751959
7671566034617837932,2021-09,0.005271194214513781
7671566034617837932,2021-09,0.005246813639549472
6643358471662528195,2021-09,0.010063095513228105
1698828605814171242,2021-09,0.007300811950070777
1698828605814171242,2021-09,0.007073729885260436
1182975716201409626,2021-09,0.011131854715332677
1182975716201409626,2021-09,0.0068406343049972505
1182975716201409626,2021-09,0.005790958568500206
6871485876456523363,2021-09,0.009098190703721728
2549266739079962864,2021-09,0.6901755121345509
4537982850248578883,2021-09,0.0068667290269632895
4537982850248578883,2021-09,0.0067053108854163304
4537982850248578883,2021-09,0.004520509931490764
4537982850248578883,2021-09,0.004187501762148115
5694881483989656694,2021-09,0.0368585098466524
1788369195969129749,2021-09,0.008533921211171006
1788369195969129749,2021-09,0.011867025172208551
4235078665660987689,2021-09,0.1248556981376377
4235078665660987689,2021-09,0.05134429891332508
86110062990790869,2021-09,0.08715631214728008
86110062990790869,2021-09,0.0900935303876437
86110062990790869,2021-09,0.05167260725521312
2805743565496207618,2021-09,0.030165296417984253
2805743565496207618,2021-09,0.006967665225753122
4395946187332973749,2021-09,0.004967951090585544
7920896580423665241,2021-09,0.00622634173448273
7920896580423665241,2021-09,0.07558374361142747
7920896580423665241,2021-09,0.004460919266278136
5271591321704178730,2021-09,0.3171988860014181
5271591321704178730,2021-09,0.008024769922309494
8680213253228719510,2021-09,0.007651871769055609
3832944730982767714,2021-09,0.007308197183442041
7231408738455755015,2021-09,0.8354348870394124
7231408738455755015,2021-09,0.607167627231418
4537268360654655629,2021-09,0.060338032008064355
3888528635045328222,2021-09,0.4342579539511957
3888528635045328222,2021-09,0.0468549771672058
8552039412779393821,2021-09,0.0500604536935723
3970572142453508637,2021-09,0.3572530195076979
7367321179169390502,2021-09,0.6855921960145602
2380458252615213706,2021-09,0.052132067160737657
2380458252615213706,2021-09,0.052132067160737657
2380458252615213706,2021-09,0.04471569048450488
5055200744384119654,2021-09,0.008230662663807831
4858887739802767402,2021-09,0.04197683894155221
2772135008486239291,2021-09,0.1419540491312917
6617479989097680138,2021-09,0.2709687866078356
6617479989097680138,2021-09,0.0823219900967669
1668564607105585557,2021-09,0.35567963701373406
345033315379741874,2021-09,0.0072725616735537894
1423952977138155129,2021-09,0.0052135481023656985
1423952977138155129,2021-09,0.0052135481023656985
1637960623843047520,2021-09,0.5776840648434713
1637960623843047520,2021-09,0.07396817120056526
1637960623843047520,2021-09,0.07992884069775202
7444686668183702737,2021-09,0.006675271176822281
7444686668183702737,2021-09,0.005155259261640278
7444686668183702737,2021-09,0.003888440226867339
510795635145114083,2021-09,0.014221712738995959
510795635145114083,2021-09,0.009725714695529254
510795635145114083,2021-09,0.00997450424616591
510795635145114083,2021-09,0.00997450424616591
904857901361577913,2021-09,0.018489334767918406
7692335720341018458,2021-09,0.004816772717189623
1507697130807703164,2021-09,0.0018212317679880384
1507697130807703164,2021-09,0.0016361578265956399
1507697130807703164,2021-09,0.0015261412576019673
8706851346184249504,2021-09,0.003585334157027384
9099218788416728596,2021-09,0.8867050358920456
3605652314611460806,2021-09,0.006822173854640232
5058298901476893676,2021-09,0.00776684501948502
3555655653190753786,2021-09,0.5083744476242016
4392369075438855735,2021-09,0.0215208393083817
4392369075438855735,2021-09,0.05029731196500664
8255085612985072878,2021-09,0.014718035749837927
8255085612985072878,2021-09,0.015414128325957357
8255085612985072878,2021-09,0.012392819229639286
8255085612985072878,2021-09,0.012392819229639286
8255085612985072878,2021-09,0.010044798754495345
1741049493106216406,2021-09,0.025462536092817813
5562543665139612149,2021-09,0.09864418194217799
5562543665139612149,2021-09,0.1731384379139421
7200509200540839533,2021-09,0.004545197055121727
5503391736465275980,2021-09,0.008261758304765955
4662079815415471798,2021-09,0.08236016955814177
5931905128207886847,2021-09,0.16691993602242444
5795100045494475994,2021-09,0.006691729899832999
5503073374822479037,2021-09,0.02155431522160834
5503073374822479037,2021-09,0.8616526225717973
5503073374822479037,2021-09,0.017007618816910795
7750874287225529604,2021-09,0.01497010292631407
93982185886107798,2021-09,0.007254143756099573
93982185886107798,2021-09,0.003669693488371085
968400235888951633,2021-09,0.004759571869168613
7816319470107777265,2021-09,0.07891812779698627
7816319470107777265,2021-09,0.05549088796901189
3283662016127058429,2021-09,0.005313766674321891
7815839878620843192,2021-09,0.31247160002603425
8385636129786687263,2021-09,0.006219009287633086
9016049685460415544,2021-09,0.48314623129428097
1334091158016312155,2021-09,0.013513008428900736
4165983075385227812,2021-09,0.004645772364168075
4165983075385227812,2021-09,0.005102203843507611
4817816966382229074,2021-09,0.0070103736744544926
4817816966382229074,2021-09,0.00773892807249291
4817816966382229074,2021-09,0.0070103736744544926
7120090169052575663,2021-09,0.0029661160508084577
7120090169052575663,2021-09,0.004574677897961838
7120090169052575663,2021-09,0.004574677897961838
5162621729453966204,2021-09,0.010180689794104782
1059336566956767188,2021-09,0.004708192408040744
4284129442855564250,2021-09,0.014793043506023763
5376084855227654309,2021-09,0.04319685696417548
5376084855227654309,2021-09,0.04346725844318225
7171835894416689226,2021-09,0.013668446831734212
234898976850399181,2021-09,0.009406956924091032
5448628641564935127,2021-09,0.013710859623578101
4043546053926060305,2021-09,0.4225915457949514
4541506527938763361,2021-09,0.1113705185003874
4541506527938763361,2021-09,0.1083252123783948
1874387298050692165,2021-09,0.003995789374823149
2119292203323657032,2021-09,0.006066190766580424
2119292203323657032,2021-09,0.004497483008290216
8724731934863284019,2021-09,0.006615393954051663
8724731934863284019,2021-09,0.00998358943650112
7246466789138290692,2021-09,0.003948216953658504
3812760626052898456,2021-09,0.003146149078525252
5198904647759787695,2021-09,0.041204464227428864
8511588642284189303,2021-09,0.03398909383279375
7462607259426026440,2021-09,0.005488373566021517
3022528659032597047,2021-09,0.008469327370087066
3022528659032597047,2021-09,0.005320707952069626
4228701400180066884,2021-09,0.7769469927177732
3915426102465954493,2021-09,0.004993090606833108
1040994770557588198,2021-09,0.36021957609867417
8313765100460016738,2021-09,0.2361027709239315
6134696632487351445,2021-09,0.0021499949854427657
6134696632487351445,2021-09,0.003460253002943668
7215053254854713098,2021-09,0.0031577433836776367
4614484019183480654,2021-09,0.004078138162661578
3183208564139585182,2021-09,0.46853675309204795
6532139198609901627,2021-09,0.004082050780155357
5706551050445880395,2021-09,0.6485556079372756
493667100055938118,2021-09,0.6110339417198182
4351694415353093046,2021-09,0.4301277057981071
5993765508162121762,2021-09,0.015562535784384863
3698481516392183789,2021-09,0.005892797501294528
665505091521986356,2021-09,0.003993539411327182
4559400286159883576,2021-09,0.10245387604531234
7236776406341522879,2021-09,0.004495160392412942
1414132620714431952,2021-09,0.10307377725876453
5255460548789019114,2021-09,0.006658501563941962
4095739077267179172,2021-09,0.8937750406744216
2988042199057874759,2021-09,0.011997883512482897
1462395707491634845,2021-09,0.7389187181568506
6721448955097663572,2021-09,0.00395942677677351
6721448955097663572,2021-09,0.00395942677677351
4052557282157719526,2021-09,0.004969169398605325
8684964138237894839,2021-09,0.02267422307340485
4189705495607963592,2021-09,0.07363091827884334
3592461881055047578,2021-09,0.10398859362266583
2307201111381758912,2021-09,0.004513990212100027
5547032541615425352,2021-09,0.02175696078686397
7779268298304613772,2021-09,0.006853514352594346
5574997762710520717,2021-09,0.004466213906723987
7754936094607992857,2021-09,0.006164172854481984
8829286411654484379,2021-09,0.06483539752944797
6012031176108922616,2021-09,0.013372890285458697
8245393384938410770,2021-09,0.0029478947856066444
4660230701075746534,2021-09,0.13348209501886338
6352592240901579272,2021-09,0.005260923122430564
7060969657673447359,2021-09,0.012859998223578145
4512887927067894301,2021-09,0.069871366702718
1467843186411742274,2021-09,0.017804537214055876
4937566934664053767,2021-09,0.24349301252220465
3386019519917828299,2021-09,0.0029973768318946473
4187591029730357479,2021-09,0.01131909863599032
6999154286942764669,2021-09,0.37898413084820876
6999154286942764669,2021-09,0.37898413084820876
7662578945735335954,2021-09,0.7512910566106781
2493305884832539159,2021-09,0.09796717866919513
3592639146446725280,2021-09,0.08031937055629018
5758033363847724111,2021-09,0.0023651954585678205
5558533999208199371,2021-09,0.41713646150005296
4950871361132426979,2021-09,0.09390251547894607
1717812527056208209,2021-09,0.14630564133352117
1396078312562623766,2021-09,0.12945589146883132
1951407691087813358,2021-09,0.0023399042084440436
8536031856585966123,2021-09,0.022454177924632286
2444743522510084109,2021-09,0.049296777641781434
4641659186059167709,2021-09,0.06439534793785294
4850722092974676955,2021-09,0.044133024995618456
4850722092974676955,2021-09,0.0668722382405043
4850722092974676955,2021-09,0.06934016423123324
4850722092974676955,2021-10,0.03186479533381631
4850722092974676955,2021-10,0.026651914946320618
8409181491723988567,2021-09,0.0019689996564328485
8409181491723988567,2021-09,0.0034822368236889566
8409181491723988567,2021-10,0.036685273856393044
8409181491723988567,2021-10,0.002485113440496813
1329553496073467331,2021-09,0.00943297651029259
1329553496073467331,2021-10,0.007346837186179277
6615694774618628402,2021-09,0.029898855311912415
6615694774618628402,2021-09,0.029781295395554214
6615694774618628402,2021-09,0.02407062495529112
6615694774618628402,2021-09,0.027570790476143237
8829286411654484379,2021-09,0.06464601159001326
6964108750473070287,2021-09,0.0029407337595580628
6964108750473070287,2021-09,0.002929581359246966
6964108750473070287,2021-09,0.003432526037098824
6964108750473070287,2021-09,0.009412046032756066
6964108750473070287,2021-09,0.004297457918946888
6964108750473070287,2021-09,0.005087159172486249
6964108750473070287,2021-09,0.0046466224085472555
6964108750473070287,2021-09,0.0046466224085472555
6964108750473070287,2021-09,0.004888405795260742
6964108750473070287,2021-09,0.0045217007056005225
6964108750473070287,2021-09,0.004972662591595829
6964108750473070287,2021-09,0.002754962828555774
6964108750473070287,2021-09,0.006903245307021716
6964108750473070287,2021-09,0.004010960255645738
6964108750473070287,2021-09,0.003778945237608052
6964108750473070287,2021-09,0.004299518759345285
6964108750473070287,2021-09,0.00398137441911672
6964108750473070287,2021-09,0.004299518759345285
6964108750473070287,2021-09,0.00428886674226889
6964108750473070287,2021-10,0.004879858999993625
6964108750473070287,2021-10,0.00496633370380284
6964108750473070287,2021-10,0.004879858999993625
6964108750473070287,2021-10,0.005060547029332466
6964108750473070287,2021-10,0.003954637065906926
6964108750473070287,2021-10,0.003954637065906926
6964108750473070287,2021-10,0.004903269151337561
6964108750473070287,2021-10,0.005303575149489445
6964108750473070287,2021-10,0.004315485231586193
6964108750473070287,2021-10,0.0042778290771368485
6964108750473070287,2021-10,0.0036322622210059725
6964108750473070287,2021-10,0.0036322622210059725
6964108750473070287,2021-10,0.004755331638815364
6964108750473070287,2021-10,0.0036322622210059725
6964108750473070287,2021-10,0.006198544323057656
6964108750473070287,2021-10,0.006308238969958925
6964108750473070287,2021-10,0.004210449991230968
6964108750473070287,2021-10,0.004110539547643975
6964108750473070287,2021-10,0.004211111436102739
6964108750473070287,2021-10,0.0027250014795945497
6964108750473070287,2021-10,0.0027250014795945497
6964108750473070287,2021-10,0.0027986435413056812
6964108750473070287,2021-10,0.0028233158896143
6964108750473070287,2021-10,0.0037210840117029758
6964108750473070287,2021-10,0.005656560597717172
6964108750473070287,2021-10,0.005656560597717172
6964108750473070287,2021-10,0.005656560597717172
3960251564708868781,2021-09,0.0047634265187600396
3960251564708868781,2021-09,0.007814055457647765
3960251564708868781,2021-09,0.010125202413486535
3960251564708868781,2021-10,0.005255350300318041
1000372849175668062,2021-09,0.004053641386822873
1000372849175668062,2021-10,0.007977248311082496
1000372849175668062,2021-10,0.004229713733526078
1308019675417057675,2021-09,0.013689164986150517
1308019675417057675,2021-09,0.011459123058019617
1308019675417057675,2021-10,0.008121749668327969
1308019675417057675,2021-10,0.0061739476302152445
1308019675417057675,2021-10,0.006457244178768896
4714214581184951490,2021-09,0.004229208650631212
4714214581184951490,2021-09,0.0031858399714199737
4714214581184951490,2021-09,0.0052307952431444125
4714214581184951490,2021-10,0.009515954788138173
2634859679238614382,2021-09,0.00232491393840514
2634859679238614382,2021-09,0.002304586951317057
2634859679238614382,2021-09,0.002310321644028834
2634859679238614382,2021-09,0.002310321644028834
2634859679238614382,2021-09,0.003986440042358063
2634859679238614382,2021-10,0.004704073874587302
2634859679238614382,2021-10,0.004325829576005489
459290606780222306,2021-09,0.007607852039134988
459290606780222306,2021-09,0.007607852039134988
459290606780222306,2021-09,0.007503371222129384
459290606780222306,2021-09,0.009770498597921177
459290606780222306,2021-09,0.00963660593832073
459290606780222306,2021-09,0.006730711592844944
459290606780222306,2021-09,0.007266510639412313
459290606780222306,2021-09,0.007167624463909018
459290606780222306,2021-09,0.007227725235960603
459290606780222306,2021-10,0.008227034709500243
459290606780222306,2021-10,0.003296487728772088
459290606780222306,2021-10,0.002742075245533093
459290606780222306,2021-10,0.002742075245533093
459290606780222306,2021-10,0.0037630588907232787
459290606780222306,2021-10,0.003201379160493994
7708030042671632236,2021-09,0.004523570160763293
7708030042671632236,2021-09,0.008178366395668723
6145308913889808258,2021-09,0.19863055007783628
6145308913889808258,2021-09,0.2223775339216968
3137879241768961145,2021-09,0.003348809670889652
3137879241768961145,2021-09,0.006467875328165749
3137879241768961145,2021-10,0.00880652629902516
8919892162361650175,2021-09,0.05648964525713843
8919892162361650175,2021-09,0.05166124565258205
8919892162361650175,2021-10,0.06611600521742553
8919892162361650175,2021-10,0.06810030522761835
8919892162361650175,2021-10,0.0842469867932186
8919892162361650175,2021-10,0.045021170580905184
7141263195360679278,2021-09,0.05218201915076058
7141263195360679278,2021-09,0.05232856021783588
7141263195360679278,2021-09,0.0762361158887707
7141263195360679278,2021-09,0.07415022997650957
7141263195360679278,2021-10,0.047535345366279055
7141263195360679278,2021-10,0.041971189007153215
3285246914299291124,2021-09,0.010285091272064556
3285246914299291124,2021-09,0.009152040921415673
3285246914299291124,2021-09,0.011090156893764955
3285246914299291124,2021-09,0.010890791482189119
3285246914299291124,2021-09,0.010268303103068276
3285246914299291124,2021-10,0.007836633129277203
3285246914299291124,2021-10,0.0059175739967442225
7910340581026492945,2021-09,0.0029655809601820695
7910340581026492945,2021-10,0.004653982116840477
7910340581026492945,2021-10,0.0026712995734495936
7910340581026492945,2021-10,0.0024907130827698243
7268895973869107930,2021-09,0.004897263638933998
7268895973869107930,2021-09,0.004944736386899655
7268895973869107930,2021-09,0.003987445807341914
7268895973869107930,2021-09,0.004572242177940228
7268895973869107930,2021-09,0.006500599869008651
7268895973869107930,2021-10,0.007730215074985746
7268895973869107930,2021-10,0.007616063006963793
7268895973869107930,2021-10,0.004112344237844107
274692171162531764,2021-09,0.015215267294828094
274692171162531764,2021-09,0.047101963268850966
274692171162531764,2021-09,0.027663204256931043
274692171162531764,2021-09,0.01708727805057742
274692171162531764,2021-09,0.013801459823663561
274692171162531764,2021-10,0.01458515539303363
274692171162531764,2021-10,0.01701625431771996
274692171162531764,2021-10,0.014710393298532992
274692171162531764,2021-10,0.01337475874959072
274692171162531764,2021-10,0.01215028526028231
7686361238195690925,2021-09,0.0029678709919471183
7686361238195690925,2021-10,0.01167915372147157
7686361238195690925,2021-10,0.055326099592291726
7686361238195690925,2021-10,0.011006930433762134
7686361238195690925,2021-10,0.006820792667309661
5888474320320735000,2021-09,0.7101250498998776
5888474320320735000,2021-09,0.755523934325937
5888474320320735000,2021-09,0.7229912174171619
5888474320320735000,2021-09,0.7924355510940119
5888474320320735000,2021-10,0.7611913120999391
5888474320320735000,2021-10,0.7436051736294241
5888474320320735000,2021-10,0.7838177558588862
4045739494965095560,2021-09,0.00253991242860555
4045739494965095560,2021-09,0.002919379313436392
4045739494965095560,2021-09,0.0025552845932007772
4045739494965095560,2021-09,0.002919379313436392
4045739494965095560,2021-09,0.0027792371405456063
4045739494965095560,2021-09,0.00279535117716777
4045739494965095560,2021-09,0.002902245039252424
4045739494965095560,2021-09,0.0023131527091746853
4045739494965095560,2021-09,0.0023131527091746853
4045739494965095560,2021-09,0.0023131527091746853
4045739494965095560,2021-09,0.004590458250441866
4045739494965095560,2021-09,0.0044109026466941465
4045739494965095560,2021-09,0.004403162143927859
4045739494965095560,2021-09,0.0051988721833019355
4045739494965095560,2021-10,0.005186559273670533
4045739494965095560,2021-10,0.006353715972766924
4045739494965095560,2021-10,0.006572487187190132
4045739494965095560,2021-10,0.0036207567395971467
4045739494965095560,2021-10,0.00368141852641783
4045739494965095560,2021-10,0.0031454609403073035
4045739494965095560,2021-10,0.0025503836832277238
4045739494965095560,2021-10,0.0026580629656671262
8926565682509268383,2021-09,0.00532422859104436
8926565682509268383,2021-09,0.0046156373581359034
8926565682509268383,2021-09,0.008620084650273552
8926565682509268383,2021-09,0.007598483590000466
8926565682509268383,2021-09,0.0077995381185679115
8926565682509268383,2021-10,0.011321743704490732
8926565682509268383,2021-10,0.008679156923965384
8926565682509268383,2021-10,0.009029296858058002
8926565682509268383,2021-10,0.009211970575339587
8926565682509268383,2021-10,0.011841171548323558
8926565682509268383,2021-10,0.011702764002478293
8926565682509268383,2021-10,0.004457032911385872
8926565682509268383,2021-10,0.004416129611739618
6858769421191999702,2021-09,0.0026274404248314612
6858769421191999702,2021-09,0.002525498847165534
6858769421191999702,2021-09,0.0023344041402520517
6858769421191999702,2021-09,0.003628920387120483
6858769421191999702,2021-09,0.004381991910119315
3382624494518753363,2021-09,0.34064022119698306
3382624494518753363,2021-09,0.572725887317511
3382624494518753363,2021-09,0.3414229962049626
3382624494518753363,2021-09,0.37867280589496
3382624494518753363,2021-09,0.3732788046534409
8213533889694327948,2021-09,0.0030268887033098268
8213533889694327948,2021-09,0.0027044211888687278
8213533889694327948,2021-09,0.004612836481018447
8213533889694327948,2021-09,0.003930078907077743
8213533889694327948,2021-10,0.024781048763627588
8213533889694327948,2021-10,0.0017075674146437422
1551531256789550891,2021-09,0.006301986314526197
1551531256789550891,2021-09,0.012136371983567651
1551531256789550891,2021-09,0.012136371983567651
1551531256789550891,2021-09,0.018135147761391548
1551531256789550891,2021-10,0.007683783363324956
8939476669690489534,2021-09,0.019323998328291965
8939476669690489534,2021-09,0.01948582129988447
8939476669690489534,2021-09,0.01653262138622321
8939476669690489534,2021-10,0.023780052025024884
5611787644735474299,2021-09,0.0024903478099385272
5611787644735474299,2021-09,0.001964029876947268
5611787644735474299,2021-09,0.0022240382008356183
5611787644735474299,2021-09,0.0035820078094143176
5611787644735474299,2021-10,0.004546709738509425
5611787644735474299,2021-10,0.0018486039035109938
1956406515279457110,2021-09,0.048112743325950336
1956406515279457110,2021-09,0.03795671246998384
1956406515279457110,2021-10,0.039051095362027825
1956406515279457110,2021-10,0.03998407516933352
984915269987074754,2021-09,0.005035088211705085
984915269987074754,2021-09,0.004233794696438483
984915269987074754,2021-09,0.00605720280905808
984915269987074754,2021-10,0.007878100530409231
984915269987074754,2021-10,0.006732936395189904
984915269987074754,2021-10,0.009030505132661433
984915269987074754,2021-10,0.006323031003885534
968199235777440720,2021-09,0.008292041647722863
968199235777440720,2021-09,0.008292041647722863
968199235777440720,2021-09,0.008292041647722863
968199235777440720,2021-09,0.010820698555233894
968199235777440720,2021-09,0.010742397908153217
968199235777440720,2021-09,0.021555652996553848
968199235777440720,2021-09,0.011701914999124001
968199235777440720,2021-10,0.010639813346163096
968199235777440720,2021-10,0.010997222735667484
968199235777440720,2021-10,0.00996816507854749
968199235777440720,2021-10,0.009096814755213083
8173830874846355280,2021-09,0.006239120678918622
8173830874846355280,2021-09,0.006318037321032393
8173830874846355280,2021-09,0.007287751811657995
8173830874846355280,2021-09,0.008187256093278337
8173830874846355280,2021-09,0.007310616563411414
8173830874846355280,2021-09,0.0075760754715206505
8173830874846355280,2021-09,0.00740143010550955
8173830874846355280,2021-09,0.00833259522358287
8173830874846355280,2021-09,0.008371438452817109
8173830874846355280,2021-09,0.008228883430136903
8173830874846355280,2021-10,0.01371593847662495
8173830874846355280,2021-10,0.013245493191432034
8173830874846355280,2021-10,0.013173499384275257
8173830874846355280,2021-10,0.009991402683337298
8173830874846355280,2021-10,0.008545593255876805
8173830874846355280,2021-10,0.0087838650094688
8173830874846355280,2021-10,0.008545593255876805
8173830874846355280,2021-10,0.008263847407717694
8173830874846355280,2021-10,0.30968303972506206
8173830874846355280,2021-10,0.011814639707326576
8173830874846355280,2021-10,0.011840156434935592
8173830874846355280,2021-10,0.009749045415694112
8173830874846355280,2021-10,0.010390868154238798
8173830874846355280,2021-10,0.0115089650451254
3634047863995720708,2021-09,0.004123210561324629
3634047863995720708,2021-09,0.010745584025978654
3634047863995720708,2021-09,0.005796725003144785
3634047863995720708,2021-10,0.0068913789144578
3634047863995720708,2021-10,0.006322588627086431
3634047863995720708,2021-10,0.008226194645449079
3634047863995720708,2021-10,0.006677106139841287
1253437108265925705,2021-09,0.0031317501203705573
1253437108265925705,2021-09,0.00312556064936989
1253437108265925705,2021-09,0.0026796840712769968
1253437108265925705,2021-09,0.0026796840712769968
5373371196946859811,2021-09,0.012599254197165382
5373371196946859811,2021-09,0.012032876872029407
5373371196946859811,2021-10,0.02055917133884756
5373371196946859811,2021-10,0.02055917133884756
5373371196946859811,2021-10,0.020730869722354838
5373371196946859811,2021-10,0.026717228705262865
2493688222671282470,2021-09,0.006642854732242604
2493688222671282470,2021-09,0.005124571278941242
2493688222671282470,2021-10,0.007290700951452243
5481711897502154955,2021-09,0.012327703881355961
5481711897502154955,2021-09,0.011705796264293843
5481711897502154955,2021-09,0.014748805150869976
5481711897502154955,2021-09,0.012901754289436384
5481711897502154955,2021-10,0.013796893696223087
3095686599956852697,2021-09,0.0036221688299161482
3095686599956852697,2021-09,0.0027286402673459644
3095686599956852697,2021-09,0.0027286402673459644
3095686599956852697,2021-09,0.005381952714103002
3095686599956852697,2021-09,0.01172024992533197
3095686599956852697,2021-09,0.0045918431040908435
3095686599956852697,2021-10,0.004595358897252586
3095686599956852697,2021-10,0.0027072599337335536
3095686599956852697,2021-10,0.002629819709816226
6471448246085839373,2021-09,0.007832188776222554
6471448246085839373,2021-09,0.01143573189081439
6471448246085839373,2021-09,0.012773395291286528
6471448246085839373,2021-10,0.006372554902261187
4018182555897034052,2021-09,0.003163068166061538
4018182555897034052,2021-09,0.002932031211646742
4018182555897034052,2021-09,0.0051826298565931725
4018182555897034052,2021-09,0.004418657852933143
4018182555897034052,2021-10,0.005582176704663084
4018182555897034052,2021-10,0.005582176704663084
4018182555897034052,2021-10,0.006433177675242293
4018182555897034052,2021-10,0.003573216248901624
4018182555897034052,2021-10,0.0034625862774356605
4863405965754103821,2021-09,0.021681383331242542
4863405965754103821,2021-09,0.018536054801937325
4863405965754103821,2021-09,0.021382374057935933
4863405965754103821,2021-10,0.022837123283447253
4863405965754103821,2021-10,0.030514398301467696
4863405965754103821,2021-10,0.028998093119358446
6617479989097680138,2021-09,0.07465721550904382
6617479989097680138,2021-09,0.10206182616477708
6617479989097680138,2021-10,0.16605845545887413
3140918607946425426,2021-09,0.004887365524915244
3140918607946425426,2021-09,0.007537859489247437
3140918607946425426,2021-09,0.006796177411388768
3140918607946425426,2021-09,0.007499455252836137
5880041582322293710,2021-09,0.019194240835310992
5880041582322293710,2021-09,0.02678315391107093
5880041582322293710,2021-09,0.016974951678452678
5880041582322293710,2021-09,0.02724207098077497
5880041582322293710,2021-09,0.02768099726219471
5880041582322293710,2021-09,0.025970292619118374
5880041582322293710,2021-10,0.01892455382537072
5880041582322293710,2021-10,0.0336774613712936
9184785003280841216,2021-09,0.015088663896953196
9184785003280841216,2021-09,0.015131830364209151
9184785003280841216,2021-09,0.01648435922281955
9184785003280841216,2021-09,0.015469166903880094
9184785003280841216,2021-09,0.01803967746009349
9184785003280841216,2021-09,0.01732324227858633
9184785003280841216,2021-10,0.01822908086940987
9184785003280841216,2021-10,0.018387656500076496
3281617395243454427,2021-09,0.03395991801810127
3281617395243454427,2021-09,0.06420544030867407
6053752047545474051,2021-09,0.003673116142409421
6053752047545474051,2021-09,0.003673116142409421
6053752047545474051,2021-09,0.00595646278197585
6053752047545474051,2021-09,0.006241551751629668
6053752047545474051,2021-09,0.005159957181207633
6053752047545474051,2021-10,0.007485203236001502
6053752047545474051,2021-10,0.005420318223951449
6053752047545474051,2021-10,0.006923189146489962
6053752047545474051,2021-10,0.007215863634987651
6053752047545474051,2021-10,0.005563323922627541
6053752047545474051,2021-10,0.005420318223951449
6053752047545474051,2021-10,0.005013393576529144
6053752047545474051,2021-10,0.003412373226787704
6053752047545474051,2021-10,0.003981692063965651
6053752047545474051,2021-10,0.003981692063965651
6053752047545474051,2021-10,0.003412373226787704
5714540197488862003,2021-09,0.17875713273401822
5714540197488862003,2021-09,0.16784048100702315
5714540197488862003,2021-10,0.18878687313878362
7751080728852739823,2021-09,0.002374749995653568
7751080728852739823,2021-09,0.004513337599990066
7751080728852739823,2021-10,0.007055488218599375
7751080728852739823,2021-10,0.007405940737083421
7751080728852739823,2021-10,0.004330513991701419
7751080728852739823,2021-10,0.0038936897040789593
7751080728852739823,2021-10,0.003269317248385472
7751080728852739823,2021-10,0.003269317248385472
7751080728852739823,2021-10,0.003493053500793047
7751080728852739823,2021-10,0.0036062684938865243
1788369195969129749,2021-09,0.003549264493515392
1788369195969129749,2021-09,0.004680851759268584
1788369195969129749,2021-10,0.006251511093740006
1708019696828098378,2021-09,0.36801765403694714
1708019696828098378,2021-09,0.3633421660989784
1708019696828098378,2021-09,0.38727927306889576
1708019696828098378,2021-09,0.41264775817820004
1708019696828098378,2021-09,0.3885382649357307
1708019696828098378,2021-10,0.7968027284363398
1708019696828098378,2021-10,0.6871995104508034
1708019696828098378,2021-10,0.4554558472892664
819552547620904652,2021-09,0.8248481737109659
819552547620904652,2021-09,0.15391023583706676
819552547620904652,2021-10,0.1353833264304753
819552547620904652,2021-10,0.1361667857036886
819552547620904652,2021-10,0.1376275737700738
819552547620904652,2021-10,0.1573232745609901
1192810733461560329,2021-09,0.0049028401399532785
1192810733461560329,2021-09,0.007378974850719591
5430917218683822543,2021-09,0.022809951296644284
5430917218683822543,2021-09,0.023634966977579476
5430917218683822543,2021-10,0.019535337980534636
2451708306555441014,2021-09,0.007238833839381175
2451708306555441014,2021-09,0.0065636109163133135
2451708306555441014,2021-09,0.00456312932131039
2451708306555441014,2021-09,0.005083714638133275
2451708306555441014,2021-10,0.007942747097522858
5487870288449327165,2021-09,0.046862285080581836
8529899700094903171,2021-09,0.004277116335240179
8529899700094903171,2021-09,0.0051933698675372736
8529899700094903171,2021-09,0.005180514864619482
8529899700094903171,2021-09,0.004999288008367752
8529899700094903171,2021-09,0.0050841289200314254
8529899700094903171,2021-09,0.004999288008367752
8529899700094903171,2021-09,0.004865770106136391
8529899700094903171,2021-09,0.004865770106136391
8529899700094903171,2021-09,0.004839099610089384
8529899700094903171,2021-09,0.004839099610089384
8529899700094903171,2021-09,0.004839099610089384
8529899700094903171,2021-09,0.004839099610089384
8529899700094903171,2021-09,0.004839099610089384
8529899700094903171,2021-09,0.004894219948567419
8529899700094903171,2021-09,0.00481670790196094
8529899700094903171,2021-10,0.00488746076162512
8529899700094903171,2021-10,0.004938887973912814
8529899700094903171,2021-10,0.005056227030796974
8529899700094903171,2021-10,0.004572598437025623
8529899700094903171,2021-10,0.004572598437025623
8529899700094903171,2021-10,0.0044205592428782185
8529899700094903171,2021-10,0.004172141600732203
8529899700094903171,2021-10,0.004300559344743617
8529899700094903171,2021-10,0.0043040766135902
8529899700094903171,2021-10,0.008188662252183076
660382477567765256,2021-09,0.008897163472499164
660382477567765256,2021-09,0.00904531509653485
660382477567765256,2021-09,0.009944244295518214
660382477567765256,2021-10,0.012067714730231853
660382477567765256,2021-10,0.006505103833069399
7325545718770538459,2021-09,0.0032463503938047304
7325545718770538459,2021-09,0.0031005295950043907
7325545718770538459,2021-09,0.0032463503938047304
7325545718770538459,2021-09,0.003314195777090274
7325545718770538459,2021-09,0.0024615229123293356
7325545718770538459,2021-09,0.0024378322522946986
7325545718770538459,2021-09,0.005728878364282429
7325545718770538459,2021-09,0.006130336371343457
7325545718770538459,2021-09,0.005799564701577607
7325545718770538459,2021-10,0.008106472990634076
7325545718770538459,2021-10,0.008106472990634076
7325545718770538459,2021-10,0.011506927537788834
7325545718770538459,2021-10,0.006833859586062871
7325545718770538459,2021-10,0.005251448108849816
7325545718770538459,2021-10,0.005600950497830772
7325545718770538459,2021-10,0.005600950497830772
7992317448197179816,2021-09,0.007868311532331517
7992317448197179816,2021-10,0.01796706393604758
7992317448197179816,2021-10,0.014086265848763038
7992317448197179816,2021-10,0.007354493285559425
1533755281771668509,2021-09,0.0071177312950588805
1533755281771668509,2021-09,0.007552937094154758
1533755281771668509,2021-10,0.005482748015301355
4495596792165551705,2021-09,0.016676479947024803
4495596792165551705,2021-10,0.022943992094571784
2407532237672094312,2021-09,0.005246217554565606
2407532237672094312,2021-09,0.0057884968140259
2407532237672094312,2021-09,0.009141312838442307
2407532237672094312,2021-09,0.008520745794087979
2407532237672094312,2021-10,0.009169889469905414
2407532237672094312,2021-10,0.010590429941409888
2407532237672094312,2021-10,0.3508193268907738
2407532237672094312,2021-10,0.008410084611890231
4850936440093751199,2021-09,0.002634830814022604
4850936440093751199,2021-09,0.0027191622336876424
4850936440093751199,2021-09,0.005195579068203087
4850936440093751199,2021-09,0.00428655336865203
4850936440093751199,2021-09,0.004352414803829707
4850936440093751199,2021-09,0.005735062672107051
4850936440093751199,2021-10,0.03263874463832316
4850936440093751199,2021-10,0.005732407366994364
4850936440093751199,2021-10,0.003779875073210089
4850936440093751199,2021-10,0.0030458128606389834
7770458886439606839,2021-09,0.08011050566496512
7770458886439606839,2021-09,0.08011050566496512
7770458886439606839,2021-09,0.08011050566496512
7770458886439606839,2021-09,0.07342743062189502
7770458886439606839,2021-09,0.06768499489029578
7770458886439606839,2021-09,0.07608252043636067
7770458886439606839,2021-10,0.06197797098318206
7770458886439606839,2021-10,0.05171158957675747
2346482557594782345,2021-09,0.012160205172526516
2346482557594782345,2021-09,0.01301533393887547
2346482557594782345,2021-09,0.017276110447247636
2346482557594782345,2021-09,0.016379055572794936
2346482557594782345,2021-09,0.014724255008539189
2346482557594782345,2021-09,0.01721326398569495
2346482557594782345,2021-10,0.013773510476819687
2346482557594782345,2021-10,0.01542486322465118
2346482557594782345,2021-10,0.013773510476819687
2346482557594782345,2021-10,0.013773510476819687
2346482557594782345,2021-10,0.012496483101330034
2346482557594782345,2021-10,0.02653413010901866
2346482557594782345,2021-10,0.014221676148455408
3454481508285917519,2021-09,0.06310798448701782
3454481508285917519,2021-09,0.0724057594843148
3454481508285917519,2021-09,0.06062224834680605
5162636608292907782,2021-09,0.14375942979825107
5162636608292907782,2021-09,0.13927840899605856
5162636608292907782,2021-09,0.1472674386859471
5162636608292907782,2021-09,0.6499896334637929
5162636608292907782,2021-10,0.13135025554056953
5162636608292907782,2021-10,0.15710205191708387
6916556752218696485,2021-09,0.00566601203068534
6916556752218696485,2021-09,0.0050668146695422795
6916556752218696485,2021-09,0.004752917814915654
6916556752218696485,2021-09,0.008245306202991283
6916556752218696485,2021-09,0.011730738956211805
6916556752218696485,2021-10,0.0063378088347257
6916556752218696485,2021-10,0.006739225929920194
6916556752218696485,2021-10,0.006005042175124558
6916556752218696485,2021-10,0.007643486389558354
6916556752218696485,2021-10,0.00315435605651045
6916556752218696485,2021-10,0.004394197075619377
8552039412779393821,2021-09,0.06005864329310186
8350724667410677464,2021-09,0.014363786056044256
8350724667410677464,2021-09,0.012022441976186645
8350724667410677464,2021-09,0.019851534445855194
8350724667410677464,2021-09,0.019503343619520167
8350724667410677464,2021-10,0.17606233812032224
5613825020130267729,2021-09,0.002778695350670166
5613825020130267729,2021-09,0.004389477090950785
5613825020130267729,2021-10,0.00711137179221288
5613825020130267729,2021-10,0.00711137179221288
5613825020130267729,2021-10,0.004889098942959679
1477629972594346481,2021-09,0.009093969154950912
1477629972594346481,2021-09,0.012776874716434931
1477629972594346481,2021-10,0.010490075757236301
1543875954928694094,2021-09,0.0037288440353609722
1543875954928694094,2021-09,0.003948885834738692
1543875954928694094,2021-09,0.0048430832235867435
1543875954928694094,2021-10,0.004972786366501137
1543875954928694094,2021-10,0.005159935924261998
4392369075438855735,2021-09,0.03828280241070972
4392369075438855735,2021-10,0.020838909320391986
4392369075438855735,2021-10,0.040604367400771245
8784237149961904,2021-09,0.0046408231115141665
8784237149961904,2021-10,0.007838191192582389
8784237149961904,2021-10,0.004177372248477704
5761480994209806499,2021-09,0.001217173557584228
5761480994209806499,2021-09,0.0009473300243425669
5761480994209806499,2021-09,0.0009707194560592215
5761480994209806499,2021-09,0.0009767118455426584
5761480994209806499,2021-09,0.0009450756226483049
5761480994209806499,2021-09,0.0019694467863453826
5761480994209806499,2021-09,0.0015151520283599115
5761480994209806499,2021-09,0.001556965240718492
5761480994209806499,2021-09,0.0017031592550793484
5761480994209806499,2021-09,0.0018793427095744675
5761480994209806499,2021-09,0.0014831019463638897
5761480994209806499,2021-09,0.0014831019463638897
5761480994209806499,2021-09,0.0014831019463638897
5761480994209806499,2021-09,0.0014439418904201547
5761480994209806499,2021-09,0.001521677106788631
5761480994209806499,2021-09,0.0015077713471387552
5761480994209806499,2021-09,0.001815398096089219
5761480994209806499,2021-09,0.0018646133236062778
5761480994209806499,2021-10,0.002315951121086168
5761480994209806499,2021-10,0.0023271644315608826
5761480994209806499,2021-10,0.002016150790084169
5761480994209806499,2021-10,0.002129340646606529
5761480994209806499,2021-10,0.0019587949421668587
5761480994209806499,2021-10,0.0020458785268971697
5761480994209806499,2021-10,0.002382577055090956
5761480994209806499,2021-10,0.002382577055090956
5761480994209806499,2021-10,0.0023621418081261527
5761480994209806499,2021-10,0.0023607406840153392
5761480994209806499,2021-10,0.002322911151491116
5761480994209806499,2021-10,0.001312284421780267
5761480994209806499,2021-10,0.0010903642832656606
5761480994209806499,2021-10,0.0010751004301604728
5761480994209806499,2021-10,0.00100712408608365
5761480994209806499,2021-10,0.0015674866317807962
5761480994209806499,2021-10,0.0008989943247652559
5761480994209806499,2021-10,0.0009218837728569875
5761480994209806499,2021-10,0.0009218837728569875
5761480994209806499,2021-10,0.0009605969086678906
6582676833651678345,2021-09,0.003824047944517356
6582676833651678345,2021-09,0.0030513027044371897
6582676833651678345,2021-09,0.006686141625274527
6582676833651678345,2021-09,0.007162850040805041
6582676833651678345,2021-09,0.0068491647738108665
6582676833651678345,2021-09,0.007070384473779967
6582676833651678345,2021-10,0.006696067167000597
6582676833651678345,2021-10,0.03342761539747339
6582676833651678345,2021-10,0.005557797327034471
6582676833651678345,2021-10,0.0027800052845960693
6582676833651678345,2021-10,0.002399414470041783
7403979270048469991,2021-09,0.002774644886257549
7403979270048469991,2021-09,0.004686144805607841
696014079855281037,2021-09,0.03390042941297062
696014079855281037,2021-09,0.037108667507394125
696014079855281037,2021-09,0.04153323612627212
696014079855281037,2021-10,0.04455210358892455
696014079855281037,2021-10,0.03980933326737082
696014079855281037,2021-10,0.04432839373196305
696014079855281037,2021-10,0.029779421307374505
696014079855281037,2021-10,0.03420448224657501
1156053485989336481,2021-09,0.046170187210916286
1156053485989336481,2021-09,0.04718557702376427
1156053485989336481,2021-09,0.04772892222430124
1156053485989336481,2021-09,0.048329362596505956
1156053485989336481,2021-09,0.048329362596505956
1156053485989336481,2021-09,0.048329362596505956
1156053485989336481,2021-09,0.04944405912754897
1156053485989336481,2021-09,0.04772892222430124
1156053485989336481,2021-09,0.04719603764223923
1156053485989336481,2021-09,0.048329362596505956
1156053485989336481,2021-09,0.048329362596505956
1156053485989336481,2021-09,0.04944405912754897
1156053485989336481,2021-09,0.048329362596505956
1156053485989336481,2021-09,0.04944405912754897
1156053485989336481,2021-09,0.04766147470119579
1156053485989336481,2021-09,0.04658499629999679
1156053485989336481,2021-09,0.04658499629999679
1156053485989336481,2021-09,0.04756290501858339
1156053485989336481,2021-09,0.04658499629999679
1156053485989336481,2021-09,0.04756290501858339
1156053485989336481,2021-09,0.04658499629999679
1156053485989336481,2021-09,0.04658499629999679
1156053485989336481,2021-09,0.04875561257362658
1156053485989336481,2021-09,0.04775441093734346
1156053485989336481,2021-09,0.04663390793813841
1156053485989336481,2021-09,0.04885652723836526
1156053485989336481,2021-09,0.04885652723836526
1156053485989336481,2021-09,0.05403061913521782
1156053485989336481,2021-09,0.05281826605287972
1156053485989336481,2021-09,0.054106567790651136
1156053485989336481,2021-09,0.053337891974194945
1156053485989336481,2021-09,0.052407751110744374
1156053485989336481,2021-09,0.05281826605287972
1156053485989336481,2021-09,0.05281826605287972
1156053485989336481,2021-09,0.05281826605287972
1156053485989336481,2021-09,0.05403061913521782
1156053485989336481,2021-09,0.052407751110744374
1156053485989336481,2021-09,0.05281826605287972
1156053485989336481,2021-09,0.05379291007857368
1156053485989336481,2021-10,0.0517596938507566
1156053485989336481,2021-10,0.05385411734447143
1156053485989336481,2021-10,0.05332974559096513
1156053485989336481,2021-10,0.0517596938507566
1156053485989336481,2021-10,0.04402853886668466
1156053485989336481,2021-10,0.14931020836969278
1156053485989336481,2021-10,0.03822188935458415
1156053485989336481,2021-10,0.039398354355481405
1156053485989336481,2021-10,0.03822188935458415
1156053485989336481,2021-10,0.6066806447949306
1156053485989336481,2021-10,0.4321378178526466
1156053485989336481,2021-10,0.039398354355481405
1156053485989336481,2021-10,0.039398354355481405
1156053485989336481,2021-10,0.039426360151733356
1156053485989336481,2021-10,0.04327597294993355
1156053485989336481,2021-10,0.043384672693546296
1156053485989336481,2021-10,0.043660255750543574
1156053485989336481,2021-10,0.04234023663128292
1156053485989336481,2021-10,0.04327597294993355
1156053485989336481,2021-10,0.04234023663128292
1156053485989336481,2021-10,0.04259999135327886
1156053485989336481,2021-10,0.042609480849803635
1156053485989336481,2021-10,0.044612746475473246
1156053485989336481,2021-10,0.04544902058776755
1156053485989336481,2021-10,0.046220646639093796
1156053485989336481,2021-10,0.047049549664125064
1156053485989336481,2021-10,0.04493087608826009
1156053485989336481,2021-10,0.04493087608826009
1156053485989336481,2021-10,0.04727620161559383
7613717984547031729,2021-09,0.002496177180365722
7613717984547031729,2021-09,0.004638148688609328
7613717984547031729,2021-10,0.0056508918208407226
7613717984547031729,2021-10,0.003339232215426637
5082813456193598086,2021-09,0.00516176555234294
5082813456193598086,2021-10,0.009063471825957726
5082813456193598086,2021-10,0.005177741647182983
4235078665660987689,2021-09,0.1508884644161075
4235078665660987689,2021-09,0.13840191497545448
4235078665660987689,2021-09,0.11302107437559354
4235078665660987689,2021-09,0.11078257532185154
4235078665660987689,2021-10,0.037904029870042495
4235078665660987689,2021-10,0.042161734249089595
4235078665660987689,2021-10,0.03541166505688955
5462970244186515758,2021-09,0.004477086662789953
5462970244186515758,2021-09,0.004073996773810416
5462970244186515758,2021-09,0.0038139553532991733
5462970244186515758,2021-09,0.008582249417388556
5462970244186515758,2021-09,0.007078269703670785
5462970244186515758,2021-10,0.006691396985670586
5462970244186515758,2021-10,0.006691396985670586
5462970244186515758,2021-10,0.030208965723779194
5462970244186515758,2021-10,0.008471791142309592
5462970244186515758,2021-10,0.00837649598789167
5462970244186515758,2021-10,0.00388980438795201
5462970244186515758,2021-10,0.003727468951728208
1343530446996409207,2021-09,0.005868989304139556
1343530446996409207,2021-09,0.00425214924984087
1343530446996409207,2021-09,0.012294548755797987
1343530446996409207,2021-10,0.008257773219385426
1044568737046072781,2021-09,0.05052690019362469
1044568737046072781,2021-09,0.05311069163899773
1044568737046072781,2021-09,0.05134545136402279
1044568737046072781,2021-10,0.019244711521429182
7707459425750676368,2021-09,0.17946913796316907
7707459425750676368,2021-09,0.8438393006975354
7707459425750676368,2021-09,0.20408476664365843
7707459425750676368,2021-10,0.032858539130091145
7707459425750676368,2021-10,0.03233796619955997
761746217261797478,2021-09,0.003660987274782821
761746217261797478,2021-09,0.004560032948662843
761746217261797478,2021-10,0.0047426133516372685
761746217261797478,2021-10,0.0029332696135515542
1366416810235233769,2021-09,0.0046983539375606296
1366416810235233769,2021-09,0.004157372384883249
1366416810235233769,2021-10,0.0029224647886167466
4980232475645447238,2021-09,0.006849067956313457
4980232475645447238,2021-10,0.008493359183468165
2870813069335519467,2021-09,0.008993001211304315
7269781193318890653,2021-09,0.002995297995515999
7269781193318890653,2021-10,0.010828701585341393
7269781193318890653,2021-10,0.003713594406572635
7269781193318890653,2021-10,0.004025812043324826
9099218788416728596,2021-09,0.8664710710898151
9099218788416728596,2021-10,0.8509289330809026
2532435113844289043,2021-09,0.0031576727554202743
2532435113844289043,2021-09,0.002868206548751451
2532435113844289043,2021-09,0.004693271502357036
2532435113844289043,2021-09,0.004694165256132878
2532435113844289043,2021-09,0.002868206548751451
2532435113844289043,2021-09,0.004526420683934036
2532435113844289043,2021-09,0.0042377194539886184
2532435113844289043,2021-09,0.0042377194539886184
2532435113844289043,2021-10,0.004831123005016366
2532435113844289043,2021-10,0.004310924250269545
2532435113844289043,2021-10,0.004047887401740834
2532435113844289043,2021-10,0.004047887401740834
2532435113844289043,2021-10,0.004891672414496741
2532435113844289043,2021-10,0.003965390082342088
2532435113844289043,2021-10,0.003768625668219905
7815839878620843192,2021-09,0.32387930067453213
7815839878620843192,2021-10,0.3329304732067249
3592461881055047578,2021-09,0.10393076025804092
3592461881055047578,2021-10,0.08640101773972816
107343823625119033,2021-09,0.004739261189003131
107343823625119033,2021-09,0.005468184723981288
107343823625119033,2021-09,0.004850304436272371
107343823625119033,2021-09,0.004850304436272371
107343823625119033,2021-10,0.006622806452391505
4762256864594914240,2021-09,0.005552971769046675
4762256864594914240,2021-09,0.009351603903771624
4762256864594914240,2021-10,0.07810100375642173
2083323809219952960,2021-09,0.024736135925453574
2083323809219952960,2021-09,0.009519749831373292
2083323809219952960,2021-09,0.009519749831373292
2083323809219952960,2021-09,0.009519749831373292
2083323809219952960,2021-09,0.02500649205648988
2083323809219952960,2021-09,0.027367693993643787
2083323809219952960,2021-09,0.02443857789608005
2083323809219952960,2021-09,0.02443857789608005
2083323809219952960,2021-09,0.008905596596717255
2083323809219952960,2021-09,0.01564937564236639
2083323809219952960,2021-09,0.01564937564236639
2083323809219952960,2021-10,0.00436396154920023
2083323809219952960,2021-10,0.004251257034176706
2083323809219952960,2021-10,0.004398289832310992
2083323809219952960,2021-10,0.004385179728337798
2083323809219952960,2021-10,0.0053083470875173976
2083323809219952960,2021-10,0.004385179728337798
2083323809219952960,2021-10,0.004385179728337798
2083323809219952960,2021-10,0.0045759335234070025
2083323809219952960,2021-10,0.0056848076219940735
8901696535927078963,2021-09,0.005494702422069728
8901696535927078963,2021-09,0.004895660283608206
8901696535927078963,2021-09,0.006859217489802309
8901696535927078963,2021-10,0.012179839731502612
8901696535927078963,2021-10,0.013413420047447567
8901696535927078963,2021-10,0.013351885161233111
8901696535927078963,2021-10,0.00710054118230118
8901696535927078963,2021-10,0.00710054118230118
5176940320835464459,2021-09,0.003307121865488935
5176940320835464459,2021-09,0.003312804330273163
5176940320835464459,2021-09,0.003230185462203426
5176940320835464459,2021-09,0.002854119482141822
5176940320835464459,2021-09,0.002859025807988231
5176940320835464459,2021-09,0.003477036771591108
5176940320835464459,2021-09,0.003248905582120073
5176940320835464459,2021-09,0.002903439913435196
5176940320835464459,2021-09,0.005648329580321756
5176940320835464459,2021-09,0.0046072523680961985
5176940320835464459,2021-09,0.006080337097544405
5176940320835464459,2021-10,0.007736973100784768
5176940320835464459,2021-10,0.006456261225835129
5176940320835464459,2021-10,0.007858278787750748
5176940320835464459,2021-10,0.00620313937742653
5176940320835464459,2021-10,0.00777997256714779
5176940320835464459,2021-10,0.0054371092019788216
5176940320835464459,2021-10,0.005126500604105594
5176940320835464459,2021-10,0.009027114165136131
5176940320835464459,2021-10,0.004472824804488803
5176940320835464459,2021-10,0.006214878452908389
5176940320835464459,2021-10,0.004147433813288916
3977861004707764824,2021-09,0.011634873119373623
3977861004707764824,2021-09,0.010944241272028128
3977861004707764824,2021-09,0.0148655251443096
3977861004707764824,2021-09,0.014694062530850387
3977861004707764824,2021-09,0.01610218260442972
3977861004707764824,2021-09,0.017381487944068984
3977861004707764824,2021-09,0.015016217472784655
3977861004707764824,2021-09,0.012305787940068712
3977861004707764824,2021-09,0.011881733773698853
3977861004707764824,2021-10,0.01302174345039905
3977861004707764824,2021-10,0.012265830231453544
3977861004707764824,2021-10,0.010502357123739122
3977861004707764824,2021-10,0.009204876414165494
3977861004707764824,2021-10,0.009204876414165494
3977861004707764824,2021-10,0.014311132716714744
3977861004707764824,2021-10,0.015142410520049518
4995679129936981612,2021-09,0.09731682443315136
4995679129936981612,2021-09,0.10115017600676009
4995679129936981612,2021-09,0.288943860034422
5057726374207815794,2021-09,0.03083395298928099
6842075380768862290,2021-09,0.15770239297926988
6842075380768862290,2021-10,0.0390547476717844
6842075380768862290,2021-10,0.0390547476717844
2508429106201166689,2021-09,0.004338367195818521
2508429106201166689,2021-09,0.006229220631667574
2508429106201166689,2021-10,0.007647887039041602
2508429106201166689,2021-10,0.003480442703686742
5136739522477907100,2021-09,0.003947962134848854
5136739522477907100,2021-09,0.006831171429087667
2530707686830644666,2021-09,0.004786500816326181
2530707686830644666,2021-09,0.011566005347819562
2530707686830644666,2021-10,0.02348183255745542
1553628056929342565,2021-09,0.013809257526527535
7930925883736021864,2021-09,0.0032895886140955283
7930925883736021864,2021-09,0.0037066601895781297
7930925883736021864,2021-09,0.0037066601895781297
7930925883736021864,2021-09,0.0030821367525919055
7930925883736021864,2021-09,0.007470587793212375
7930925883736021864,2021-09,0.007470587793212375
7930925883736021864,2021-09,0.007396368381072608
7930925883736021864,2021-09,0.005490385063353905
7930925883736021864,2021-09,0.00547697346838023
7930925883736021864,2021-09,0.005499137280925892
7930925883736021864,2021-09,0.005499137280925892
7930925883736021864,2021-09,0.008775245120903347
7930925883736021864,2021-10,0.007324707585516679
7930925883736021864,2021-10,0.007395536437271281
7930925883736021864,2021-10,0.006005252857725478
7930925883736021864,2021-10,0.0042928006167912095
7930925883736021864,2021-10,0.0038320990216567322
7930925883736021864,2021-10,0.00281076622619992
7930925883736021864,2021-10,0.0027938614318276937
7458891296671174680,2021-09,0.05199287895662267
7458891296671174680,2021-10,0.06226625297830254
4327694790333781288,2021-09,0.002992645821622118
4327694790333781288,2021-10,0.006741347233614309
4327694790333781288,2021-10,0.004257791243954283
4327694790333781288,2021-10,0.0033359390311205835
5108407319813072955,2021-09,0.004733573813387655
5108407319813072955,2021-09,0.003428032093372875
5108407319813072955,2021-10,0.003754547265721388
180672270337706285,2021-09,0.5681890324404679
180672270337706285,2021-09,0.31226038183274907
180672270337706285,2021-10,0.5159334808220036
180672270337706285,2021-10,0.3119190320093512
180672270337706285,2021-10,0.5115933633628892
8576047157867370630,2021-09,0.11510380916712011
8576047157867370630,2021-09,0.12589843435627537
8576047157867370630,2021-10,0.0898422638503674
8576047157867370630,2021-10,0.11588101021878551
8576047157867370630,2021-10,0.11909346904419006
6941381638534728190,2021-09,0.005622971924982879
6941381638534728190,2021-09,0.007882113576165943
6941381638534728190,2021-10,0.0041132313152627805
314309872114206760,2021-09,0.03718424921372891
314309872114206760,2021-09,0.03665382351454103
314309872114206760,2021-09,0.039107407379445534
314309872114206760,2021-09,0.03865863283537665
314309872114206760,2021-09,0.0379111820010105
314309872114206760,2021-09,0.04176901216026189
314309872114206760,2021-09,0.04176901216026189
314309872114206760,2021-09,0.03194334637267767
2771214050521171719,2021-09,0.005456696089227732
2771214050521171719,2021-09,0.48822558695725665
2771214050521171719,2021-09,0.009494619609998324
2771214050521171719,2021-09,0.45878233747338537
2771214050521171719,2021-10,0.006654404287560479
2814790209436551216,2021-09,0.0059282495429039475
2814790209436551216,2021-09,0.013248085005979042
2814790209436551216,2021-10,0.007152206794057211
7776069961364493674,2021-09,0.014315513726292948
7776069961364493674,2021-09,0.03438873140722075
7776069961364493674,2021-10,0.05416334499185613
7776069961364493674,2021-10,0.018095323394725082
7776069961364493674,2021-10,0.014631469799860505
7776069961364493674,2021-10,0.020845174592626168
3355881107559250653,2021-09,0.004012374673107964
3355881107559250653,2021-09,0.0040339257990044935
3355881107559250653,2021-09,0.007745723333682327
3355881107559250653,2021-10,0.007900820538608161
3355881107559250653,2021-10,0.008462504972153716
3355881107559250653,2021-10,0.006304358763781444
3355881107559250653,2021-10,0.006304358763781444
3355881107559250653,2021-10,0.007101759820235617
3355881107559250653,2021-10,0.007955280459104909
3355881107559250653,2021-10,0.005592660576129082
3355881107559250653,2021-10,0.006331242587556437
3355881107559250653,2021-10,0.00493855858336921
3355881107559250653,2021-10,0.005906099020765688
3355881107559250653,2021-10,0.004433154112317362
3355881107559250653,2021-10,0.003745887063027288
3355881107559250653,2021-10,0.00445169916012711
3931892303497206092,2021-09,0.016712714461225048
3931892303497206092,2021-09,0.019807939806198858
3931892303497206092,2021-10,0.021225416709594797
2943087245123311166,2021-09,0.013040566385197743
2943087245123311166,2021-09,0.01119851379981168
2943087245123311166,2021-09,0.01119851379981168
2943087245123311166,2021-09,0.030642180240609163
2943087245123311166,2021-10,0.015436410283966289
7720458526816091748,2021-09,0.10121727669567165
7720458526816091748,2021-09,0.10134629356398098
7720458526816091748,2021-09,0.1111200804349013
7720458526816091748,2021-10,0.07661795202520194
324916756972236008,2021-09,0.008267409866842363
324916756972236008,2021-09,0.012567925281156118
324916756972236008,2021-09,0.011773488451048057
324916756972236008,2021-09,0.00942953781527257
4679462479444735708,2021-09,0.0029942701970655573
4679462479444735708,2021-09,0.0026568220856133294
4679462479444735708,2021-09,0.005786311766632504
4679462479444735708,2021-10,0.004891406577131591
4679462479444735708,2021-10,0.005140987886175109
4679462479444735708,2021-10,0.002663336836112793
4679462479444735708,2021-10,0.0028128869024753433
7347715771145302549,2021-09,0.0038926581260633085
7347715771145302549,2021-09,0.008436098647200466
7347715771145302549,2021-09,0.007017276489018282
7347715771145302549,2021-09,0.006678318139401516
7347715771145302549,2021-10,0.01136064482243146
7347715771145302549,2021-10,0.10543057542527716
7347715771145302549,2021-10,0.002362325265059996
7347715771145302549,2021-10,0.007497501301104788
7347715771145302549,2021-10,0.004550333552793291
8603678028264007695,2021-09,0.012923541148812943
8603678028264007695,2021-09,0.011545895521340268
8603678028264007695,2021-10,0.012718374253026835
8603678028264007695,2021-10,0.008447548335102988
8603678028264007695,2021-10,0.00822031255143975
4817816966382229074,2021-09,0.005595353050907486
4817816966382229074,2021-10,0.008116261638256687
5067621068959932809,2021-09,0.03259982271848229
5067621068959932809,2021-09,0.09486110269997354
5067621068959932809,2021-10,0.050920540165342414
4530631557358349711,2021-09,0.010471910551908934
4530631557358349711,2021-09,0.008264255409099272
4530631557358349711,2021-10,0.009499583220568035
4530631557358349711,2021-10,0.008742054566726038
8503092146854371576,2021-09,0.0025692990226800264
8503092146854371576,2021-10,0.012886942230691584
6545052034269841737,2021-09,0.004148823082339099
6545052034269841737,2021-09,0.0036935457870098513
6545052034269841737,2021-09,0.006223667198462479
6545052034269841737,2021-09,0.005859393135324042
6545052034269841737,2021-10,0.006301698382651259
6545052034269841737,2021-10,0.01814361461432788
6545052034269841737,2021-10,0.004714960085989345
6545052034269841737,2021-10,0.0037249551510831745
6546850858912852316,2021-09,0.11855013974983686
6546850858912852316,2021-09,0.1311061994429132
6546850858912852316,2021-09,0.40831805680607586
6546850858912852316,2021-09,0.40831805680607586
2929243640075785940,2021-09,0.0031295153274174614
2929243640075785940,2021-09,0.00297383057800485
2929243640075785940,2021-09,0.00441638744512784
2929243640075785940,2021-09,0.005560427479141781
2929243640075785940,2021-09,0.005333112525046032
2929243640075785940,2021-10,0.0016479747393950495
2929243640075785940,2021-10,0.003077208817713106
903093877129717133,2021-09,0.0021550768995521486
903093877129717133,2021-09,0.0021669017205562927
903093877129717133,2021-09,0.004340091076651769
903093877129717133,2021-09,0.004090680935033072
903093877129717133,2021-09,0.004090680935033072
903093877129717133,2021-10,0.004462191916372129
903093877129717133,2021-10,0.004238143428730176
903093877129717133,2021-10,0.004441536469252685
903093877129717133,2021-10,0.004260905379966242
903093877129717133,2021-10,0.004050830423548186
903093877129717133,2021-10,0.0023620241067072215
8826489829259520138,2021-09,0.0036557500925140708
8826489829259520138,2021-09,0.005929464324859267
511305041047444825,2021-09,0.016942594656143235
511305041047444825,2021-10,0.025142212716860797
511305041047444825,2021-10,0.02084408404857
511305041047444825,2021-10,0.015780004618055673
3118152790263512426,2021-09,0.0021279954178780973
3118152790263512426,2021-09,0.003596695850262598
3118152790263512426,2021-10,0.0033889456189428006
4740535838297269949,2021-09,0.002702636470851213
4740535838297269949,2021-09,0.004581011157464118
4740535838297269949,2021-09,0.0035293650745992673
4740535838297269949,2021-10,0.004824306522018881
4740535838297269949,2021-10,0.0036383758333792
4740535838297269949,2021-10,0.0027974130982021264
340285351737204923,2021-09,0.08633871188459803
340285351737204923,2021-09,0.08461750596891363
340285351737204923,2021-09,0.08461750596891363
340285351737204923,2021-10,0.06142052723243201
5166128847048245697,2021-09,0.012641461550058903
5166128847048245697,2021-10,0.01822945693685871
792560389712312178,2021-09,0.0022344162819244126
792560389712312178,2021-09,0.0020404988093660273
792560389712312178,2021-09,0.0037034872189339414
792560389712312178,2021-09,0.0038532843884936546
792560389712312178,2021-10,0.00364230059884411
792560389712312178,2021-10,0.005633145600011551
4465150716052427320,2021-09,0.012430022627827527
4465150716052427320,2021-09,0.011958303195562119
4465150716052427320,2021-09,0.02046109878039139
4465150716052427320,2021-10,0.00992281175394286
4465150716052427320,2021-10,0.021948678131057223
5432443358006556295,2021-09,0.013652552925499578
5432443358006556295,2021-10,0.010697094656626674
5432443358006556295,2021-10,0.007990907249391799
5883155883105348987,2021-09,0.02106659553949783
5883155883105348987,2021-09,0.021102988878215004
5883155883105348987,2021-09,0.028744848870037348
5883155883105348987,2021-09,0.030917557632266852
5883155883105348987,2021-09,0.024026357404180403
5883155883105348987,2021-10,0.02186284348176542
5883155883105348987,2021-10,0.032791857432882474
5883155883105348987,2021-10,0.0443499859802964
5883155883105348987,2021-10,0.021763401415646675
5883155883105348987,2021-10,0.03273060513342808
5883155883105348987,2021-10,0.017830977123178396
5883155883105348987,2021-10,0.023345184133375597
5883155883105348987,2021-10,0.01668368266143311
5883155883105348987,2021-10,0.030071231313022143
5883155883105348987,2021-10,0.022023626854559948
4995217181024687397,2021-09,0.0034685536805422463
4995217181024687397,2021-09,0.003831707471964652
4995217181024687397,2021-09,0.00626686775391425
4995217181024687397,2021-10,0.00671780584132746
4995217181024687397,2021-10,0.006430653536250612
4995217181024687397,2021-10,0.0052122651603742805
8874257794774679816,2021-09,0.004175060480825834
8874257794774679816,2021-09,0.006358776342785745
8874257794774679816,2021-09,0.006358776342785745
8874257794774679816,2021-09,0.011084709062035368
8874257794774679816,2021-09,0.01497828161305355
8874257794774679816,2021-09,0.013552233110666695
8874257794774679816,2021-10,0.013217359082743848
8874257794774679816,2021-10,0.013567684876637632
8874257794774679816,2021-10,0.008458117659969015
8874257794774679816,2021-10,0.006936500752960054
8195468623809753777,2021-09,0.010781483184651847
8195468623809753777,2021-09,0.007982817012404856
8195468623809753777,2021-09,0.010979039847436109
8195468623809753777,2021-10,0.00889460147138233
8195468623809753777,2021-10,0.009215663578420588
8195468623809753777,2021-10,0.006212890808686022
7535160686416710323,2021-09,0.009620434287115504
7535160686416710323,2021-09,0.009051195574161926
7535160686416710323,2021-09,0.010414843167108294
7535160686416710323,2021-10,0.01140341859577276
7535160686416710323,2021-10,0.011136376432119212
652740132671309295,2021-09,0.0401799385872919
652740132671309295,2021-10,0.01785547044502413
8305404138704642088,2021-09,0.10949922507079939
2006188298374001315,2021-09,0.0031805998539947075
2006188298374001315,2021-09,0.0031805998539947075
2006188298374001315,2021-10,0.013169163884688126
2006188298374001315,2021-10,0.010889041982537493
6020593949794792044,2021-09,0.15284894595096862
6020593949794792044,2021-09,0.15284894595096862
6020593949794792044,2021-09,0.167181596091708
6020593949794792044,2021-09,0.16661824587116647
6020593949794792044,2021-09,0.06906333897794491
6020593949794792044,2021-10,0.13703009308295414
6020593949794792044,2021-10,0.12187239485420548
6020593949794792044,2021-10,0.12939136877446872
2678966409665050034,2021-09,0.0138383859684487
2678966409665050034,2021-10,0.40449910278526807
2678966409665050034,2021-10,0.1271742732110765
2678966409665050034,2021-10,0.008876383907767087
2678966409665050034,2021-10,0.010158983357012968
1276604410881911401,2021-09,0.014949818204790697
1276604410881911401,2021-09,0.016571828054900213
1276604410881911401,2021-09,0.01644730899452444
1276604410881911401,2021-09,0.016571828054900213
1276604410881911401,2021-09,0.01644730899452444
1276604410881911401,2021-09,0.01644730899452444
1276604410881911401,2021-10,0.01605299661950952
1276604410881911401,2021-10,0.015758986908892225
1276604410881911401,2021-10,0.015568431098648031
1276604410881911401,2021-10,0.015758986908892225
5409960473983330744,2021-09,0.018717267376789897
5409960473983330744,2021-09,0.01897698319128982
5409960473983330744,2021-10,0.021938135744311173
5409960473983330744,2021-10,0.021374651155435603
5409960473983330744,2021-10,0.021840901705641957
5409960473983330744,2021-10,0.01868355457065085
8889055492416898333,2021-09,0.014247731988485127
8889055492416898333,2021-09,0.0355253947600301
8889055492416898333,2021-10,0.013772433030511226
8889055492416898333,2021-10,0.013446601108972847
8889055492416898333,2021-10,0.01396741658087645
8724731934863284019,2021-09,0.007433210617770472
8724731934863284019,2021-09,0.007433210617770472
8724731934863284019,2021-10,0.008409384740547513
3022528659032597047,2021-09,0.003709410914761804
3022528659032597047,2021-10,0.006031634761688249
3022528659032597047,2021-10,0.1677136510745964
3022528659032597047,2021-10,0.0071684657645717095
3022528659032597047,2021-10,0.005883872544483549
7120090169052575663,2021-09,0.0029746406878881524
7120090169052575663,2021-09,0.003144209389580029
7120090169052575663,2021-10,0.00442844442477677
7120090169052575663,2021-10,0.003520756557169868
963687627963462983,2021-09,0.0018636452122262578
963687627963462983,2021-09,0.001903198609768139
963687627963462983,2021-09,0.0018955003034266114
963687627963462983,2021-09,0.003932307810336647
963687627963462983,2021-10,0.0024157660952676355
963687627963462983,2021-10,0.0028928822434880716
963687627963462983,2021-10,0.0012133561796762828
4003696935579172837,2021-09,0.47993640209934657
472772897496154354,2021-09,0.0023215757033727804
472772897496154354,2021-09,0.004337511677883888
472772897496154354,2021-10,0.0025805741429200603
5304536516981778801,2021-09,0.00392006716849739
5304536516981778801,2021-09,0.004820444969386054
5304536516981778801,2021-09,0.0061684105546411265
5304536516981778801,2021-10,0.009279281943212012
5304536516981778801,2021-10,0.006267889311890687
5304536516981778801,2021-10,0.006404593432091569
4972567100282306577,2021-09,0.016073209194175035
4972567100282306577,2021-09,0.01577238340841647
4972567100282306577,2021-09,0.017458723566083415
4972567100282306577,2021-10,0.015123882693105602
4972567100282306577,2021-10,0.0178736971236098
4972567100282306577,2021-10,0.017403242245942325
4972567100282306577,2021-10,0.019237175445909464
5301988619224057921,2021-09,0.5672715883786015
5301988619224057921,2021-09,0.5893208271147198
5301988619224057921,2021-09,0.6085207783170286
5301988619224057921,2021-09,0.5787481293655595
5301988619224057921,2021-09,0.5820085103076208
5301988619224057921,2021-09,0.5787481293655595
5301988619224057921,2021-09,0.5787481293655595
5301988619224057921,2021-09,0.605337237277627
5301988619224057921,2021-10,0.8181537072822479
5301988619224057921,2021-10,0.48945860170455047
5301988619224057921,2021-10,0.45030843882657706
5301988619224057921,2021-10,0.48945860170455047
5301988619224057921,2021-10,0.45030843882657706
6927178425683104769,2021-09,0.009002939542569493
6927178425683104769,2021-09,0.007629227505238929
6927178425683104769,2021-09,0.030993398803630192
6927178425683104769,2021-10,0.025414692031033945
6927178425683104769,2021-10,0.026137206497459892
6927178425683104769,2021-10,0.031589592013035316
3997247264680905799,2021-09,0.0027849445843215422
3997247264680905799,2021-09,0.005416728084091737
3997247264680905799,2021-09,0.0044294262105526935
3997247264680905799,2021-09,0.013232750158498875
3997247264680905799,2021-10,0.004819038971702042
3997247264680905799,2021-10,0.004844574969465134
3997247264680905799,2021-10,0.004923268149641094
3997247264680905799,2021-10,0.0027598098115275867
3997247264680905799,2021-10,0.002497295169317747
5274777191770957761,2021-09,0.19078412647232165
5274777191770957761,2021-09,0.23589164332186394
5274777191770957761,2021-09,0.13116738100711012
5274777191770957761,2021-09,0.08304882088612503
5274777191770957761,2021-09,0.09356391646479215
5274777191770957761,2021-09,0.1638917296152815
5274777191770957761,2021-09,0.08913476905577872
5274777191770957761,2021-10,0.0796523648916659
5460280878923715699,2021-09,0.005106254275823091
5460280878923715699,2021-09,0.005181351918182701
5460280878923715699,2021-10,0.3670267493338206
7970976988071755401,2021-09,0.03658832798689445
7970976988071755401,2021-09,0.04124833599294641
7970976988071755401,2021-10,0.0854337986998481
7970976988071755401,2021-10,0.06030535158229381
2983174282784691273,2021-09,0.004023061596893077
2983174282784691273,2021-09,0.0045610617609997085
2983174282784691273,2021-10,0.007610497688177135
2983174282784691273,2021-10,0.007011549048312071
2983174282784691273,2021-10,0.006544917260473013
2983174282784691273,2021-10,0.007568206187074227
2983174282784691273,2021-10,0.008219611321910049
2983174282784691273,2021-10,0.004237372503984945
2983174282784691273,2021-10,0.003629615598977059
2983174282784691273,2021-10,0.003629615598977059
2983174282784691273,2021-10,0.004491140347463848
5726178124659661019,2021-09,0.002558970617599281
5726178124659661019,2021-09,0.002558970617599281
5726178124659661019,2021-09,0.002608639735005288
5726178124659661019,2021-09,0.002558970617599281
5726178124659661019,2021-09,0.0037964550888548664
5726178124659661019,2021-09,0.0034089317223983655
5726178124659661019,2021-09,0.0033440759457743345
5726178124659661019,2021-10,0.002231156802607367
5726178124659661019,2021-10,0.003426275757838634
5726178124659661019,2021-10,0.0019592352507320663
5726178124659661019,2021-10,0.0022098107612734137
7908414709866823255,2021-09,0.00692235370738328
7908414709866823255,2021-09,0.007780101589411712
7908414709866823255,2021-09,0.010400123973170286
7908414709866823255,2021-10,0.024511564052069064
7908414709866823255,2021-10,0.019654771080109656
7908414709866823255,2021-10,0.01907925492619889
7908414709866823255,2021-10,0.019654771080109656
7908414709866823255,2021-10,0.020630747396157202
7908414709866823255,2021-10,0.013545992644613146
7908414709866823255,2021-10,0.016075148472998936
8271604276097280304,2021-09,0.003973475114924391
8271604276097280304,2021-09,0.0075478498311002664
9206030810342980458,2021-09,0.003869749916982296
9206030810342980458,2021-09,0.0038506841193459386
2302464746243069589,2021-09,0.004631382269035174
2302464746243069589,2021-10,0.003163583557227003
2022367282554149730,2021-09,0.002891861005971477
2022367282554149730,2021-09,0.00783841819417452
2022367282554149730,2021-09,0.004206498648821989
2022367282554149730,2021-09,0.005486206298483954
2022367282554149730,2021-09,0.005486206298483954
2022367282554149730,2021-10,0.005926919333716477
2022367282554149730,2021-10,0.005926919333716477
2022367282554149730,2021-10,0.0031689274550553916
2022367282554149730,2021-10,0.002387297539876732
2022367282554149730,2021-10,0.0028819102189933574
2022367282554149730,2021-10,0.0031309334740349417
2333404192508932057,2021-09,0.0038336707221065993
2333404192508932057,2021-09,0.0038357495358485377
2333404192508932057,2021-09,0.004181399484510332
2333404192508932057,2021-09,0.004212203393676141
2333404192508932057,2021-10,0.011767795891614337
2333404192508932057,2021-10,0.17430258761822084
2333404192508932057,2021-10,0.009107449002598656
2333404192508932057,2021-10,0.015857017014705745
2333404192508932057,2021-10,0.007779876445465157
2333404192508932057,2021-10,0.008394134521915063
2333404192508932057,2021-10,0.00624555047259465
2333404192508932057,2021-10,0.006747527682186449
2333404192508932057,2021-10,0.010265412317902761
1234611356650812259,2021-09,0.056235142085640864
326257359176916767,2021-09,0.005964837718508376
326257359176916767,2021-09,0.005964837718508376
326257359176916767,2021-09,0.01032469630808544
6164364689409425900,2021-09,0.0032370410492168137
6164364689409425900,2021-09,0.0058105545514713355
5263285038415073073,2021-09,0.15973243547835222
5263285038415073073,2021-09,0.37754363579951716
2380458252615213706,2021-09,0.060044562639090554
2380458252615213706,2021-10,0.01745532806779378
2380458252615213706,2021-10,0.03017910483268501
5854364934896993687,2021-09,0.009935374320189917
5854364934896993687,2021-09,0.015540707538117362
6284433051333854194,2021-09,0.002437746368504153
6284433051333854194,2021-09,0.002410837826893043
6284433051333854194,2021-09,0.003894257604802014
6284433051333854194,2021-10,0.004191865126159354
6284433051333854194,2021-10,0.0028730654939755976
7590999900861381526,2021-09,0.003989078162217848
7590999900861381526,2021-09,0.004861662358036149
7590999900861381526,2021-10,0.004265558165657218
9127318190908282126,2021-09,0.0027630224095811584
9127318190908282126,2021-10,0.008460323272213332
9127318190908282126,2021-10,0.008509474325568957
6055278873962623670,2021-09,0.015639311559229027
8511588642284189303,2021-09,0.0287059676666731
8511588642284189303,2021-09,0.02439375828783052
8511588642284189303,2021-10,0.030075869271239807
7742008298942700792,2021-09,0.3891967617468073
7742008298942700792,2021-10,0.29135616315243257
3095408468798675621,2021-09,0.0043677186507013336
3095408468798675621,2021-09,0.004944126887685708
3095408468798675621,2021-09,0.007931669039624204
3095408468798675621,2021-09,0.008095114027687688
3095408468798675621,2021-10,0.0033209095728777963
3095408468798675621,2021-10,0.0037748910006090374
7231408738455755015,2021-09,0.596892202637823
7231408738455755015,2021-10,0.6151359717018655
7231408738455755015,2021-10,0.8409225352634341
8909740532547211288,2021-09,0.0037309927221350356
8909740532547211288,2021-09,0.0037309927221350356
8909740532547211288,2021-09,0.0035172459946451284
8909740532547211288,2021-09,0.005887478242917363
8909740532547211288,2021-09,0.006119407032602532
8909740532547211288,2021-09,0.006396337456018204
8909740532547211288,2021-09,0.006783858460747876
8909740532547211288,2021-10,0.0065393181294464515
8909740532547211288,2021-10,0.0029681322862650404
8909740532547211288,2021-10,0.0029805671110143587
8909740532547211288,2021-10,0.0027386795057153615
2573553293518763494,2021-09,0.004360843206726472
2573553293518763494,2021-10,0.003800256731219995
2573553293518763494,2021-10,0.004463121624099944
6969348581033924947,2021-09,0.009192864554563472
6969348581033924947,2021-09,0.008198174685073735
6969348581033924947,2021-09,0.007929889455720842
6969348581033924947,2021-09,0.007788018692018871
6969348581033924947,2021-09,0.008098568734713221
6969348581033924947,2021-09,0.007788018692018871
6969348581033924947,2021-09,0.00908726652737565
6969348581033924947,2021-10,0.009668368618244012
6969348581033924947,2021-10,0.00878716291123221
6969348581033924947,2021-10,0.008718026790574901
6969348581033924947,2021-10,0.008718026790574901
6969348581033924947,2021-10,0.0059725197524137215
6969348581033924947,2021-10,0.005605068642334389
6969348581033924947,2021-10,0.005605068642334389
7963861799566207637,2021-09,0.003075500784258371
7963861799566207637,2021-09,0.006994148399856226
7963861799566207637,2021-10,0.005313030247175861
3263212305228307743,2021-09,0.00281852930092986
3263212305228307743,2021-10,0.00484381215369945
6662531979151878793,2021-09,0.004317641460738855
6662531979151878793,2021-09,0.0070481869802193845
6662531979151878793,2021-09,0.0055286142394570205
6754039979151386401,2021-09,0.004352938122660417
6754039979151386401,2021-09,0.007097681944453383
6754039979151386401,2021-10,0.009216605036413732
5689766561863956319,2021-09,0.009325625336859988
5689766561863956319,2021-09,0.008070339349545205
6061850657256270336,2021-09,0.021465538681941922
6061850657256270336,2021-09,0.021948583639044252
6061850657256270336,2021-10,0.0073117128245615325
6061850657256270336,2021-10,0.007294595401554605
6061850657256270336,2021-10,0.00840578016667428
6061850657256270336,2021-10,0.007214167130980956
8374461419511631785,2021-09,0.0069641588467077645
8374461419511631785,2021-09,0.013983267009269941
2119292203323657032,2021-09,0.009095750899162718
2119292203323657032,2021-09,0.008701827046710527
2119292203323657032,2021-09,0.007686950892534105
2119292203323657032,2021-10,0.006441036410153898
2119292203323657032,2021-10,0.004841253779389636
7787306805605072964,2021-09,0.18071800731916243
7787306805605072964,2021-09,0.21796078560006552
7787306805605072964,2021-10,0.18974914871973228
5864443060004179363,2021-09,0.001605528623595297
5864443060004179363,2021-09,0.0016015402062369056
5864443060004179363,2021-09,0.0033899434332457234
5864443060004179363,2021-09,0.0028263790149099547
5864443060004179363,2021-09,0.002837847204222717
5864443060004179363,2021-10,0.002564670042131307
5864443060004179363,2021-10,0.020523667494236755
5864443060004179363,2021-10,0.001927660913733265
5864443060004179363,2021-10,0.001771342514850473
5864443060004179363,2021-10,0.002340143797006624
3480297543931395935,2021-09,0.08597864588869185
3480297543931395935,2021-09,0.07824972082951152
3480297543931395935,2021-09,0.09477504944879193
3480297543931395935,2021-10,0.11208397980025249
3480297543931395935,2021-10,0.12403516729073767
3480297543931395935,2021-10,0.08861631702380429
8623308321032624474,2021-09,0.10562031122560177
8623308321032624474,2021-10,0.09329534458416641
4432551314797496562,2021-09,0.5791238152011289
2658946240987854807,2021-09,0.004465444945498384
2658946240987854807,2021-10,0.06177541004643805
312543480920432545,2021-09,0.006743529237496284
312543480920432545,2021-09,0.006189585370066869
312543480920432545,2021-09,0.010158858249125798
312543480920432545,2021-10,0.010842917968477484
312543480920432545,2021-10,0.0071499058330506925
312543480920432545,2021-10,0.005819268827787397
7182085930008391174,2021-09,0.009159655660570093
7182085930008391174,2021-10,0.009481523396189516
7870373680211625064,2021-09,0.009849040012462496
7870373680211625064,2021-09,0.008654294451419676
7870373680211625064,2021-10,0.011117464364146084
7870373680211625064,2021-10,0.01034013363116421
7870373680211625064,2021-10,0.006434113837620439
7870373680211625064,2021-10,0.007653387575187365
8785648114090695180,2021-09,0.0072738513077716645
8785648114090695180,2021-09,0.012280884352658217
6448580780254847411,2021-09,0.0071769348331293245
6448580780254847411,2021-09,0.010990582821627582
2951563549197799278,2021-09,0.0020943607770672963
2951563549197799278,2021-09,0.002586330518714927
2951563549197799278,2021-10,0.004323537964323236
2951563549197799278,2021-10,0.0032608990866325625
2951563549197799278,2021-10,0.00211774538878678
4061297388883391410,2021-09,0.005921682258871452
4061297388883391410,2021-09,0.00625581276048173
4061297388883391410,2021-10,0.05568688370845026
4061297388883391410,2021-10,0.004433400287669409
4061297388883391410,2021-10,0.004493458556738749
968400235888951633,2021-09,0.007013633026187704
968400235888951633,2021-09,0.005110888199694989
968400235888951633,2021-10,0.00836759863941615
968400235888951633,2021-10,0.00836338703269028
968400235888951633,2021-10,0.008411604908886268
968400235888951633,2021-10,0.01199458243401123
968400235888951633,2021-10,0.012000600496886352
6865071386683133124,2021-09,0.008580499491009693
6865071386683133124,2021-09,0.010292714581247985
9101617110967101591,2021-09,0.007537002143641494
8041261093764417881,2021-09,0.005057477323981765
8041261093764417881,2021-09,0.010150278612222379
8041261093764417881,2021-10,0.00971785267193909
8041261093764417881,2021-10,0.010924137626894091
8041261093764417881,2021-10,0.005608005654301493
8041261093764417881,2021-10,0.005441157309109095
5694881483989656694,2021-09,0.001827603791218074
6759864637454708017,2021-09,0.01886848734565626
6759864637454708017,2021-09,0.018929686785909054
6759864637454708017,2021-09,0.017863926276362994
6759864637454708017,2021-09,0.0203536739609553
6759864637454708017,2021-09,0.020450385024370347
6759864637454708017,2021-10,0.011319832657990215
6759864637454708017,2021-10,0.008239992245399539
6759864637454708017,2021-10,0.010390938425225597
6759864637454708017,2021-10,0.009797201298908919
6759864637454708017,2021-10,0.00898531582889326
417157680860985231,2021-09,0.0018724704648487083
417157680860985231,2021-09,0.13188361457543013
417157680860985231,2021-09,0.0034472609596131703
417157680860985231,2021-09,0.003917445044248222
417157680860985231,2021-10,0.003994937337216873
417157680860985231,2021-10,0.004220786577665909
4661684997487171886,2021-09,0.005847789662563428
4661684997487171886,2021-09,0.008735614113122936
4661684997487171886,2021-10,0.010113225761678755
4661684997487171886,2021-10,0.00777208647257481
3415156360538677905,2021-09,0.007309942929764071
1097345589386012260,2021-09,0.0075326481603555494
1097345589386012260,2021-10,0.020825048473227255
1613152204777372951,2021-09,0.012256059230636957
5048392903148444335,2021-09,0.02607098906580887
5048392903148444335,2021-10,0.026890045950913787
5558533999208199371,2021-09,0.4114709602320999
7215093571368368138,2021-09,0.08758248690335649
7215093571368368138,2021-09,0.07728887903360933
7215093571368368138,2021-10,0.08947599039536488
7215093571368368138,2021-10,0.10267877580682087
7215093571368368138,2021-10,0.07361651899164337
7215093571368368138,2021-10,0.054160546035356055
1415340753324392369,2021-09,0.0160940273442202
1299146298565441811,2021-09,0.008489502652507181
1299146298565441811,2021-10,0.09016610618183916
3605652314611460806,2021-09,0.004121818037841585
3605652314611460806,2021-10,0.004521469435528994
3605652314611460806,2021-10,0.004816438489010427
2233850024349336054,2021-09,0.029353577684628034
835441927760881602,2021-09,0.12458214560840433
835441927760881602,2021-09,0.12604309700959412
835441927760881602,2021-10,0.13636208838769381
835441927760881602,2021-10,0.13636208838769381
4296149971687628223,2021-09,0.005545449569758425
4296149971687628223,2021-09,0.005653047009589654
4296149971687628223,2021-10,0.004346658279215614
8609211777002937758,2021-09,0.004815053725667813
8609211777002937758,2021-09,0.007812396398214628
8609211777002937758,2021-09,0.0072918110558921525
8609211777002937758,2021-09,0.006254961667731731
8609211777002937758,2021-10,0.0033093743652313724
4593070249039532001,2021-09,0.004708464727205986
4593070249039532001,2021-10,0.00435483642660074
4593070249039532001,2021-10,0.0035739614422712084
4593070249039532001,2021-10,0.003751465615364015
4724876423989598202,2021-09,0.011832046297483592
4724876423989598202,2021-09,0.012952447837480306
4724876423989598202,2021-10,0.07366975493875884
4724876423989598202,2021-10,0.010025900672287012
4724876423989598202,2021-10,0.008560179267388978
4724876423989598202,2021-10,0.009949200776452324
4724876423989598202,2021-10,0.011761068096697708
4724876423989598202,2021-10,0.005672422403198692
5999145415800242177,2021-09,0.012162686624876698
5999145415800242177,2021-10,0.008280428674170432
5999145415800242177,2021-10,0.14278237671671587
5999145415800242177,2021-10,0.009037254436832195
1292049196559782171,2021-09,0.002596359595624314
1292049196559782171,2021-09,0.004445644383234684
1292049196559782171,2021-09,0.004148546839128574
1292049196559782171,2021-10,0.004745631620473048
1292049196559782171,2021-10,0.0029512494117267456
1192891347324061812,2021-09,0.005190161306616876
1192891347324061812,2021-09,0.008122190731291582
1192891347324061812,2021-09,0.00750038928918514
1192891347324061812,2021-10,0.0077565072164143415
1192891347324061812,2021-10,0.0047031360884983
4165983075385227812,2021-09,0.004146682307897674
6056959220685085102,2021-09,0.1157970971626507
6056959220685085102,2021-10,0.8076338093381044
6056959220685085102,2021-10,0.13349970907390327
6056959220685085102,2021-10,0.09750821193887076
6056959220685085102,2021-10,0.10114815672834684
8348574220426911086,2021-09,0.009431871541388123
8348574220426911086,2021-09,0.008963864173753664
8348574220426911086,2021-09,0.0162729257943877
8348574220426911086,2021-10,0.007812381239031218
8348574220426911086,2021-10,0.011227196936779992
4347826483121154490,2021-09,0.001945381025018713
4347826483121154490,2021-09,0.0032930279365134133
4347826483121154490,2021-09,0.0033700378674365807
4347826483121154490,2021-09,0.0035815225921752027
4347826483121154490,2021-10,0.004541270211238903
4347826483121154490,2021-10,0.004215190136861641
4347826483121154490,2021-10,0.004378277646360583
4347826483121154490,2021-10,0.002193763944597781
3382609338395832683,2021-09,0.016323309052226176
3382609338395832683,2021-09,0.019246965519626104
2397171153213063761,2021-09,0.0034452942904017064
2397171153213063761,2021-09,0.003450797742705162
2397171153213063761,2021-09,0.006816668708566754
2397171153213063761,2021-09,0.006344583014069475
2397171153213063761,2021-09,0.006405995366322945
2397171153213063761,2021-09,0.005903724569885842
2397171153213063761,2021-09,0.00702735667975949
2397171153213063761,2021-09,0.007250738840153757
2397171153213063761,2021-10,0.0072809920659221905
2397171153213063761,2021-10,0.005695357496039352
2397171153213063761,2021-10,0.006201833982153968
2397171153213063761,2021-10,0.00642345831938807
2397171153213063761,2021-10,0.00577797610564835
2397171153213063761,2021-10,0.005512235254373582
2397171153213063761,2021-10,0.004370827021897193
2397171153213063761,2021-10,0.007066340478989858
2397171153213063761,2021-10,0.006652530863675525
2408009918678280470,2021-09,0.0053645476765167965
2408009918678280470,2021-09,0.0047201621962147545
2408009918678280470,2021-09,0.005582741126698866
2408009918678280470,2021-09,0.0053645476765167965
2408009918678280470,2021-09,0.0068863560671039966
2408009918678280470,2021-09,0.008240234813695511
2408009918678280470,2021-10,0.006688444493261901
2408009918678280470,2021-10,0.005779872882227404
2408009918678280470,2021-10,0.00605176599251003
2408009918678280470,2021-10,0.00717756503042912
2408009918678280470,2021-10,0.0050837111682797914
2408009918678280470,2021-10,0.00460229798017168
2408009918678280470,2021-10,0.004868665200762211
2408009918678280470,2021-10,0.004868665200762211
1958660709350677213,2021-09,0.11317733971731705
1958660709350677213,2021-10,0.09712665278507332
5860276371789140450,2021-09,0.021889191733900058
5860276371789140450,2021-10,0.009882480562673032
2201150681962815877,2021-09,0.025376339569677612
2201150681962815877,2021-09,0.027502748410068313
7142043104834932013,2021-09,0.030592654769325756
7142043104834932013,2021-09,0.07848118250608482
7142043104834932013,2021-10,0.03248442220194124
7142043104834932013,2021-10,0.0674715420970806
6134696632487351445,2021-09,0.0027507164311516546
6134696632487351445,2021-09,0.004129570868280309
4660230701075746534,2021-09,0.13352060815629777
8536031856585966123,2021-09,0.023163679176462452
8536031856585966123,2021-09,0.025240607339240165
2214132103234633622,2021-09,0.00597525883142981
2214132103234633622,2021-09,0.00597525883142981
2214132103234633622,2021-09,0.0050582200161801835
2214132103234633622,2021-10,0.015319638923969276
2214132103234633622,2021-10,0.05057402162010114
2214132103234633622,2021-10,0.045578084449907505
2214132103234633622,2021-10,0.021354991716462598
2214132103234633622,2021-10,0.048147241445481805
1118514612547157551,2021-09,0.02644192041671512
1118514612547157551,2021-09,0.025753893088106553
1118514612547157551,2021-09,0.02572256737934496
1118514612547157551,2021-09,0.026028232934552
1118514612547157551,2021-09,0.04015005771708676
1118514612547157551,2021-10,0.16336912919569174
1118514612547157551,2021-10,0.023366432161563942
4524147234488547993,2021-09,0.0026021450372818293
4524147234488547993,2021-09,0.005064395948204533
4524147234488547993,2021-10,0.006983674857667541
4524147234488547993,2021-10,0.006643185600954977
8961924617442201922,2021-09,0.003669346563055584
8961924617442201922,2021-10,0.0070785140298997365
8961924617442201922,2021-10,0.0034990964528511842
8961924617442201922,2021-10,0.0052090011458728585
3093415403379897112,2021-09,0.006624714688839305
3093415403379897112,2021-09,0.007556264775199174
3093415403379897112,2021-10,0.013972939203365639
3093415403379897112,2021-10,0.0052946204667295525
170089315547146305,2021-09,0.02796444186041224
170089315547146305,2021-09,0.03070190904757018
170089315547146305,2021-09,0.02739466853329047
170089315547146305,2021-09,0.025999949218495202
170089315547146305,2021-10,0.02179822262566709
170089315547146305,2021-10,0.025811045494435365
170089315547146305,2021-10,0.01973453833669176
170089315547146305,2021-10,0.019691935300189357
7177785309735471560,2021-09,0.0029000091750181617
7177785309735471560,2021-09,0.005371077755311569
7177785309735471560,2021-09,0.004523925080718073
7177785309735471560,2021-09,0.0049169699347096545
7177785309735471560,2021-10,0.007624090283282513
7177785309735471560,2021-10,0.006185310868411115
7177785309735471560,2021-10,0.0036053614274070677
7177785309735471560,2021-10,0.003151205738187858
7177785309735471560,2021-10,0.0033508103348932165
6238903426443761049,2021-09,0.0059431545594599
6238903426443761049,2021-09,0.006476019057294271
6238903426443761049,2021-09,0.00995498093642515
6238903426443761049,2021-09,0.008665356074237792
6238903426443761049,2021-10,0.005474128547254208
6238903426443761049,2021-10,0.005914775328900673
5503073374822479037,2021-09,0.018922508052378884
5503073374822479037,2021-09,0.018830681073412833
8287608084245946173,2021-09,0.0107408650659874
8287608084245946173,2021-09,0.00649552133292133
8287608084245946173,2021-10,0.011917072940395021
8287608084245946173,2021-10,0.01123579409451211
8287608084245946173,2021-10,0.01191204470061668
8287608084245946173,2021-10,0.009294810308614829
8287608084245946173,2021-10,0.0053930001993435055
8287608084245946173,2021-10,0.0053930001993435055
2128970218770090704,2021-09,0.0026458641707049345
2128970218770090704,2021-09,0.004973273780253811
2128970218770090704,2021-09,0.005078808878708195
2128970218770090704,2021-09,0.004825679845416232
2128970218770090704,2021-09,0.004197924248741788
2128970218770090704,2021-09,0.004258646606169569
2128970218770090704,2021-10,0.0076748578192562915
2128970218770090704,2021-10,0.005645088827480194
2128970218770090704,2021-10,0.006415942134344645
2128970218770090704,2021-10,0.0032044888894598067
3281818438120834833,2021-09,0.01677436928542974
6926309382371178621,2021-09,0.009231681418847174
6091519986999196884,2021-09,0.0036303117083801516
864510931144626280,2021-09,0.009223048917086646
864510931144626280,2021-09,0.007435423872546246
864510931144626280,2021-09,0.007269354240945487
864510931144626280,2021-09,0.006506401159858183
864510931144626280,2021-09,0.0071391918220943705
7436628409157313756,2021-09,0.016384420229646812
7949169060790541229,2021-09,0.002850440077451062
7949169060790541229,2021-10,0.004306340730889057
7949169060790541229,2021-10,0.004453340610945617
7949169060790541229,2021-10,0.019279688429461525
3258345688897172820,2021-09,0.061600079811672835
3258345688897172820,2021-09,0.06368383990385898
3258345688897172820,2021-10,0.06349377594720113
3258345688897172820,2021-10,0.06588281801185175
8464769152264029983,2021-09,0.01632129145344057
8716163053080758848,2021-09,0.003978594665516313
8716163053080758848,2021-09,0.0030765579376362223
8716163053080758848,2021-09,0.007522004379930172
8716163053080758848,2021-09,0.006892518940744697
8716163053080758848,2021-09,0.006125482178375394
8716163053080758848,2021-09,0.006125482178375394
8716163053080758848,2021-10,0.010287123015501299
8716163053080758848,2021-10,0.00855159187609346
8716163053080758848,2021-10,0.010064013506544019
8716163053080758848,2021-10,0.01013772045336055
8716163053080758848,2021-10,0.004147174584895159
8716163053080758848,2021-10,0.004360764291051283
8716163053080758848,2021-10,0.005299844781706067
187117706370645370,2021-09,0.056404702375396104
187117706370645370,2021-10,0.0393031587010407
187117706370645370,2021-10,0.05797458329691773
187117706370645370,2021-10,0.05748191332961197
3888528635045328222,2021-09,0.06449712702557923
3888528635045328222,2021-10,0.44107257941996925
3888528635045328222,2021-10,0.05459994639733849
5371387005775513675,2021-09,0.03500777315236376
5371387005775513675,2021-10,0.027638115096522076
5371387005775513675,2021-10,0.02710120100162183
257162352336759783,2021-09,0.0052497157696774505
257162352336759783,2021-09,0.008076916397503447
257162352336759783,2021-09,0.007969259702048126
257162352336759783,2021-10,0.007528857975348043
234898976850399181,2021-09,0.010069475883166019
234898976850399181,2021-10,0.19720316051813183
234898976850399181,2021-10,0.00989004931938406
4993499380140734678,2021-09,0.0074343430090278865
4993499380140734678,2021-10,0.14582444346916087
5042877476420217533,2021-09,0.005623097475801019
5042877476420217533,2021-09,0.004858187811840371
5042877476420217533,2021-09,0.00550397079377628
5042877476420217533,2021-10,0.005586857717558107
5042877476420217533,2021-10,0.005716901368927828
5042877476420217533,2021-10,0.004221355654507144
4956614249204803652,2021-09,0.05407654788087897
4956614249204803652,2021-10,0.016662799555088623
7750874287225529604,2021-09,0.01191079924323417
7750874287225529604,2021-09,0.012617670915757145
7750874287225529604,2021-10,0.016720418361295487
3807130563335796378,2021-09,0.07003839565780676
3807130563335796378,2021-10,0.053956812819091454
2123312420728961012,2021-09,0.01930290331028354
2123312420728961012,2021-10,0.01283866263026812
1182975716201409626,2021-09,0.005869083460187906
1182975716201409626,2021-09,0.008691083578978942
1182975716201409626,2021-10,0.006935451246003171
1182975716201409626,2021-10,0.005498598507219511
7664272163315705419,2021-09,0.006495424604770007
7664272163315705419,2021-10,0.010018236084821544
4614484019183480654,2021-09,0.0035763867910175466
3228830386980584958,2021-09,0.002347596623852247
3228830386980584958,2021-09,0.004698992243351706
3228830386980584958,2021-10,0.006057339203342535
3228830386980584958,2021-10,0.0019577557269538567
2735662700719640627,2021-09,0.05731800972258104
2250817603281429928,2021-09,0.002196222114659234
2250817603281429928,2021-10,0.003922092059859726
2250817603281429928,2021-10,0.004417697253760673
2250817603281429928,2021-10,0.0020292486474851046
2250817603281429928,2021-10,0.0020759534435835208
6276792736652545216,2021-09,0.0033216965573056915
6276792736652545216,2021-10,0.007116351356197607
6276792736652545216,2021-10,0.007116351356197607
6276792736652545216,2021-10,0.013001626950071357
6276792736652545216,2021-10,0.0038644040931666247
4588313530969303734,2021-09,0.08703460519202814
4588313530969303734,2021-10,0.07165266110439639
4588313530969303734,2021-10,0.07750321319310698
4571290108043699959,2021-09,0.0038586254923583196
4571290108043699959,2021-09,0.0038352373861422558
6098833389547425063,2021-09,0.01787974471448229
6098833389547425063,2021-10,0.3173923656293308
6098833389547425063,2021-10,0.014897372949592605
2687720147676132707,2021-09,0.005678229842782101
2687720147676132707,2021-09,0.010455491501861395
2687720147676132707,2021-10,0.00621814980165614
622073912578471754,2021-09,0.16424383581662808
622073912578471754,2021-09,0.1532226735425511
622073912578471754,2021-10,0.16638655658044052
2278650548373578523,2021-09,0.0980171761250363
2278650548373578523,2021-09,0.08796855400079914
2278650548373578523,2021-10,0.1059469120342339
1117184216453911295,2021-09,0.009301733076814827
1117184216453911295,2021-10,0.3288549140396534
1117184216453911295,2021-10,0.2502194156918699
5993765508162121762,2021-09,0.017633848562634762
5993765508162121762,2021-09,0.023442958785674872
5993765508162121762,2021-10,0.02107992308511126
8252215766413781202,2021-09,0.06023117851028308
8252215766413781202,2021-10,0.04975026965475037
5255460548789019114,2021-09,0.01038858532201167
5635781225931111684,2021-09,0.0099331504982448
5635781225931111684,2021-09,0.008811922043944345
5635781225931111684,2021-10,0.008034561933189483
1088521227159442264,2021-09,0.016372818857645008
1088521227159442264,2021-09,0.016017848732538285
1088521227159442264,2021-09,0.016017848732538285
1088521227159442264,2021-10,0.012963462352003316
1088521227159442264,2021-10,0.012735217155818998
524026009392362402,2021-09,0.1458137253996805
524026009392362402,2021-09,0.004653316055811845
524026009392362402,2021-10,0.004418283570671368
8646472172649019955,2021-09,0.29486140760758506
8646472172649019955,2021-09,0.29486140760758506
8646472172649019955,2021-10,0.5793505137953123
8646472172649019955,2021-10,0.31391242622280163
8646472172649019955,2021-10,0.3223143935374153
8646472172649019955,2021-10,0.32428824208951856
5271591321704178730,2021-09,0.007863095220630351
5271591321704178730,2021-10,0.013418396838630739
5511113649464808344,2021-09,0.02309708991574616
5511113649464808344,2021-10,0.31407203772247716
5511113649464808344,2021-10,0.04107960057254068
5511113649464808344,2021-10,0.0444310993887338
1536087798470875922,2021-09,0.07585164826301612
1536087798470875922,2021-09,0.071984030129146
1536087798470875922,2021-09,0.0773977766311546
1536087798470875922,2021-10,0.07955469222275956
1536087798470875922,2021-10,0.07627728152902889
7911162482760986289,2021-09,0.24790053282781868
7911162482760986289,2021-10,0.21138958283218426
2808145376905474927,2021-09,0.08788293219008493
2808145376905474927,2021-09,0.0930848406571178
2808145376905474927,2021-10,0.11243347100159178
2808145376905474927,2021-10,0.06941943660061503
4335865859049992260,2021-09,0.0025815876762271166
4335865859049992260,2021-09,0.006380109293369981
4334472256949955221,2021-09,0.006122416056876769
4334472256949955221,2021-09,0.005509835923320088
86110062990790869,2021-09,0.10531284972353104
86110062990790869,2021-10,0.037356143836828164
86110062990790869,2021-10,0.037356143836828164
8828303152301461681,2021-09,0.010755601371049372
8828303152301461681,2021-09,0.01750506945537352
8828303152301461681,2021-09,0.015169214119799056
8828303152301461681,2021-10,0.015057659534631767
8609938720215175911,2021-09,0.02130573948224309
8609938720215175911,2021-09,0.013965808292118366
8609938720215175911,2021-10,0.019300654811549536
8609938720215175911,2021-10,0.019307607854099334
2780030912070252968,2021-09,0.12385765102021838
2780030912070252968,2021-10,0.09610786395824153
683445437387317282,2021-09,0.00947143714587084
683445437387317282,2021-09,0.008679825317784495
683445437387317282,2021-10,0.0106503401954988
683445437387317282,2021-10,0.011189703564909014
683445437387317282,2021-10,0.010542609837604099
683445437387317282,2021-10,0.006969775089870575
683445437387317282,2021-10,0.006543980887875908
683445437387317282,2021-10,0.00601187215894652
2033394215069562776,2021-09,0.016797203170788113
2033394215069562776,2021-10,0.012302676240594194
2033394215069562776,2021-10,0.012009178900250949
2033394215069562776,2021-10,0.012108792560417912
1052398277967427422,2021-09,0.008215909629919704
1052398277967427422,2021-10,0.010052572106505208
1052398277967427422,2021-10,0.18570301419139273
7895753719321668294,2021-09,0.005330225845362068
7895753719321668294,2021-09,0.005266756605706386
7895753719321668294,2021-09,0.0049435700241807655
7895753719321668294,2021-10,0.0074927019450074335
7895753719321668294,2021-10,0.00564733360514944
7895753719321668294,2021-10,0.0029061643723907364
1454789421854453615,2021-09,0.032211090921357696
1454789421854453615,2021-09,0.01995299456238817
1454789421854453615,2021-09,0.0329717070131476
1454789421854453615,2021-09,0.03568787420191746
1454789421854453615,2021-09,0.021486084997072347
1454789421854453615,2021-09,0.03548937900843476
1454789421854453615,2021-09,0.03632450136903502
1454789421854453615,2021-10,0.028763980976014545
8505870778358741102,2021-09,0.012407497248593398
8505870778358741102,2021-10,0.010315876677383604
8505870778358741102,2021-10,0.1923994659499963
8505870778358741102,2021-10,0.00992690350253523
8505870778358741102,2021-10,0.016351419155941644
1033361676287635885,2021-09,0.03213537894061473
1033361676287635885,2021-09,0.02651496802067901
1033361676287635885,2021-10,0.02911044912718597
1033361676287635885,2021-10,0.041736099494861685
8083157716178259762,2021-09,0.0028715631747039854
8083157716178259762,2021-10,0.0032807937130330442
3543162424793477785,2021-09,0.006287484231343053
3543162424793477785,2021-09,0.006206901977957046
3543162424793477785,2021-10,0.00449261782064023
3279078057358159966,2021-09,0.06396847593985407
3279078057358159966,2021-09,0.062252331966009045
3279078057358159966,2021-10,0.04985041780646405
3279078057358159966,2021-10,0.04995223328407374
1683619849073499603,2021-09,0.002213840767875816
1683619849073499603,2021-10,0.004029349406598257
1683619849073499603,2021-10,0.0036448108147648472
1683619849073499603,2021-10,0.0029535520273286054
1696462947583294958,2021-09,0.0019990189052382814
1696462947583294958,2021-10,0.0015799225813148358
1272921915900711149,2021-09,0.005156903144951571
1272921915900711149,2021-09,0.005217212605917015
1272921915900711149,2021-10,0.011020554607167173
1272921915900711149,2021-10,0.0035023192001016196
4052557282157719526,2021-09,0.007887754647889829
4052557282157719526,2021-09,0.006728440324755458
4052557282157719526,2021-10,0.007701952855741961
4052557282157719526,2021-10,0.007368480240905489
4052557282157719526,2021-10,0.004639571724973276
4052557282157719526,2021-10,0.00415122387755147
2773493808492482979,2021-09,0.007957382049338046
5574997762710520717,2021-09,0.010318364483838499
6724017568171288443,2021-09,0.0159305362265695
6724017568171288443,2021-09,0.01861024604880874
6724017568171288443,2021-10,0.01073209410639383
837142477962609471,2021-09,0.005123323688934563
837142477962609471,2021-09,0.005328701894942556
837142477962609471,2021-09,0.00510328566218767
837142477962609471,2021-09,0.0037227747712186105
837142477962609471,2021-09,0.005319600031974108
837142477962609471,2021-09,0.005319600031974108
837142477962609471,2021-10,0.003844350301712352
837142477962609471,2021-10,0.007221536803377434
4769364850030443969,2021-09,0.01957672089405438
4769364850030443969,2021-10,0.15148849405558498
4769364850030443969,2021-10,0.025390754102877784
6987942592445950913,2021-09,0.0035317421590139986
6987942592445950913,2021-09,0.0028872704445288555
6987942592445950913,2021-09,0.002892233592683516
6987942592445950913,2021-10,0.0037608676028282402
6987942592445950913,2021-10,0.017856913704443297
6987942592445950913,2021-10,0.003894495078230523
6987942592445950913,2021-10,0.0026390823967602397
4919908458022265747,2021-09,0.009109083554544053
4919908458022265747,2021-10,0.00666281979874664
4919908458022265747,2021-10,0.057649731662564034
4919908458022265747,2021-10,0.005470611518485248
8123515208041701633,2021-09,0.3498466279369437
8123515208041701633,2021-10,0.027210948916458047
8123515208041701633,2021-10,0.44865994458049036
6817075905797098547,2021-09,0.026019353672334954
6817075905797098547,2021-10,0.024451122691800248
6817075905797098547,2021-10,0.03158788052884579
6817075905797098547,2021-10,0.030957709582371134
3408536439470975134,2021-09,0.004763470841704653
3408536439470975134,2021-09,0.004083332619650314
3408536439470975134,2021-09,0.0034083896365163955
3408536439470975134,2021-10,0.006050912732596905
3408536439470975134,2021-10,0.005076678357380051
3408536439470975134,2021-10,0.005085585068607462
3408536439470975134,2021-10,0.005076678357380051
7085295800541340563,2021-09,0.003932973044117952
7085295800541340563,2021-10,0.0023283901046395996
3668905663669864663,2021-09,0.004489838455967189
3668905663669864663,2021-10,0.006444867458339813
4130617254899676131,2021-09,0.00996394355588163
4130617254899676131,2021-10,0.009578240172429994
4130617254899676131,2021-10,0.007079566571538563
175003104385133396,2021-09,0.011044803000932737
175003104385133396,2021-10,0.10824628919742912
175003104385133396,2021-10,0.0039008959340820727
7076661330300123587,2021-09,0.005521228280152906
4342146186255136598,2021-09,0.008184632741164408
4342146186255136598,2021-09,0.006337478876684658
4342146186255136598,2021-10,0.004798897131643898
4342146186255136598,2021-10,0.004798897131643898
4342146186255136598,2021-10,0.00552883095833282
4342146186255136598,2021-10,0.003936650211899164
4342146186255136598,2021-10,0.003936650211899164
4342146186255136598,2021-10,0.007720464183536026
2012477868296377155,2021-09,0.012225350421295397
2012477868296377155,2021-10,0.01531715730241364
2012477868296377155,2021-10,0.022048674788965737
2012477868296377155,2021-10,0.020117280211786225
2092588065958607289,2021-09,0.008436665457074536
2092588065958607289,2021-09,0.007505083460167584
2092588065958607289,2021-10,0.008196371368795818
2092588065958607289,2021-10,0.008158572094813578
2092588065958607289,2021-10,0.007186309023082468
2092588065958607289,2021-10,0.00347041938932709
7810985951121711480,2021-09,0.009906968782281969
7810985951121711480,2021-10,0.01253437082599396
7810985951121711480,2021-10,0.004773314286762333
7810985951121711480,2021-10,0.007842441237371723
3591324331706630867,2021-09,0.02817557976716927
3591324331706630867,2021-09,0.025184540497157418
3591324331706630867,2021-10,0.030589474677643076
3591324331706630867,2021-10,0.029358768939576996
3591324331706630867,2021-10,0.04242833466182802
3591324331706630867,2021-10,0.022132892254543308
5687511145009775604,2021-09,0.2151463896861356
5687511145009775604,2021-10,0.23822031947337052
5687511145009775604,2021-10,0.2150072111401943
1637960623843047520,2021-09,0.06845648491824123
1637960623843047520,2021-10,0.0940090671835586
1637960623843047520,2021-10,0.0705320696736275
4008627434689715639,2021-09,0.17115222508379302
4008627434689715639,2021-09,0.1879010502324419
4008627434689715639,2021-10,0.21968971175948387
4008627434689715639,2021-10,0.19470373230848045
4008627434689715639,2021-10,0.18226159599315542
4008627434689715639,2021-10,0.20884583011026467
4008627434689715639,2021-10,0.16739814759316954
924957821424248698,2021-09,0.007684094186412931
1945147145527703963,2021-09,0.007044224784193001
2903869860445366876,2021-09,0.005774642454206731
2903869860445366876,2021-09,0.009260864403167724
2903869860445366876,2021-10,0.0049375711451600515
2903869860445366876,2021-10,0.003980564864122773
4532469127306079736,2021-09,0.0071105615394627
4532469127306079736,2021-09,0.008738984740643484
4532469127306079736,2021-10,0.00907190562037749
8748106677402909629,2021-09,0.02536981649272071
6367769402148499693,2021-09,0.0044522909517023855
6367769402148499693,2021-09,0.0044522909517023855
6367769402148499693,2021-10,0.0034907845129956015
6367769402148499693,2021-10,0.0035875861889962117
7692335720341018458,2021-09,0.004738908497221007
7692335720341018458,2021-09,0.00631498356246842
7692335720341018458,2021-10,0.006442757099629565
5753677550753111444,2021-09,0.005150694518903519
5753677550753111444,2021-09,0.003971364001786939
5753677550753111444,2021-10,0.0045790612850795925
4095739077267179172,2021-09,0.04716148985212137
4095739077267179172,2021-10,0.03648772072112753
4095739077267179172,2021-10,0.031921053919469866
1741049493106216406,2021-09,0.025056318834452373
6633838062940819075,2021-09,0.0077892788874172215
6633838062940819075,2021-09,0.0077892788874172215
6633838062940819075,2021-10,0.00659765229618465
6633838062940819075,2021-10,0.00670597648719671
6633838062940819075,2021-10,0.006826885253434106
6633838062940819075,2021-10,0.006983825582713841
6633838062940819075,2021-10,0.006983825582713841
6633838062940819075,2021-10,0.007109708111172887
7444686668183702737,2021-09,0.010270893154203403
7444686668183702737,2021-09,0.006991503194667515
7444686668183702737,2021-10,0.004777998025511761
39547025441582855,2021-09,0.017470251615470517
39547025441582855,2021-09,0.017939142724852704
39547025441582855,2021-10,0.006983001125238252
39547025441582855,2021-10,0.0060139431487827265
1078687383992817574,2021-09,0.2132156553230428
1078687383992817574,2021-09,0.23311799690848767
1078687383992817574,2021-10,0.29997195128538234
1078687383992817574,2021-10,0.30193108929595586
1078687383992817574,2021-10,0.29719677965250546
1078687383992817574,2021-10,0.2195247669320956
1078687383992817574,2021-10,0.05707900604904887
1078687383992817574,2021-10,0.052344308699528205
1078687383992817574,2021-10,0.0764380227532561
3822753345985951756,2021-09,0.009583526025410889
3822753345985951756,2021-10,0.01078602974520853
3822753345985951756,2021-10,0.010498215598102652
3822753345985951756,2021-10,0.00603632575358006
6950439982480713649,2021-09,0.16151668990937926
7246466789138290692,2021-09,0.005520223331989809
5757271354816214865,2021-09,0.8053229891007267
5757271354816214865,2021-09,0.8089392952978242
5757271354816214865,2021-09,0.8127372126088269
8045116560666679751,2021-09,0.029680707561005933
8045116560666679751,2021-09,0.026646099618226973
4489904752023469353,2021-09,0.030857533830837926
4489904752023469353,2021-09,0.08795288500396937
4489904752023469353,2021-10,0.033383166093765654
5440313607363845188,2021-09,0.0043552574065062084
5440313607363845188,2021-10,0.00403045032859419
5440313607363845188,2021-10,0.004651626284469182
8596605705893456305,2021-09,0.3769445156629376
8596605705893456305,2021-09,0.3769445156629376
8596605705893456305,2021-09,0.3650305003406533
8596605705893456305,2021-09,0.345293375234465
8596605705893456305,2021-09,0.4394461079273777
8596605705893456305,2021-10,0.4949806632757123
8596605705893456305,2021-10,0.5427626572766779
8596605705893456305,2021-10,0.40941643056749516
4795152981525833467,2021-09,0.013965604460152844
4795152981525833467,2021-09,0.008875456744374363
4795152981525833467,2021-10,0.008740754612187766
4795152981525833467,2021-10,0.019500294558369078
4795152981525833467,2021-10,0.012165403141024577
4795152981525833467,2021-10,0.017858121122187286
7468724002190465812,2021-09,0.02015687304724029
3915426102465954493,2021-09,0.008849589560963603
3915426102465954493,2021-10,0.009126248821242583
7398738404146260251,2021-09,0.03049274623348775
7398738404146260251,2021-09,0.026104104864238264
7398738404146260251,2021-10,0.05657827258819155
7398738404146260251,2021-10,0.018909823713016416
5897410907783139228,2021-09,0.007753764448073668
5897410907783139228,2021-09,0.008909538387272523
5897410907783139228,2021-09,0.008909538387272523
5897410907783139228,2021-10,0.011289272841371975
5897410907783139228,2021-10,0.005291612294688594
7457803471605010846,2021-09,0.005199049043115863
7457803471605010846,2021-10,0.005718596589571122
7457803471605010846,2021-10,0.0032047691252464028
7457803471605010846,2021-10,0.0030896408427491073
3045840317107313913,2021-09,0.004037535253164089
3045840317107313913,2021-10,0.004892722482849384
3045840317107313913,2021-10,0.003615830099261783
3045840317107313913,2021-10,0.004476128727844137
3045840317107313913,2021-10,0.002367696143946718
3045840317107313913,2021-10,0.0028194659500224784
3045840317107313913,2021-10,0.0022363962576181858
6722781660631652440,2021-09,0.0069786290112408686
531805620371082364,2021-09,0.028302171680639684
531805620371082364,2021-09,0.007658102629545716
531805620371082364,2021-10,0.009422928640009475
531805620371082364,2021-10,0.007513184266629876
531805620371082364,2021-10,0.009361062948131348
2619109825960703851,2021-09,0.018743657665088287
2619109825960703851,2021-09,0.015056418180328372
2619109825960703851,2021-10,0.016031393015861237
2382123267535341265,2021-09,0.011884757363563613
2382123267535341265,2021-09,0.012762207889335674
2382123267535341265,2021-10,0.008392131827513876
4043546053926060305,2021-09,0.29226080158758283
4043546053926060305,2021-10,0.33262087945644825
4043546053926060305,2021-10,0.31982310255134455
5786895437851445408,2021-09,0.01300784284656447
5786895437851445408,2021-09,0.028900377918110388
5786895437851445408,2021-09,0.028838289743942685
5786895437851445408,2021-10,0.028977024052771968
5786895437851445408,2021-10,0.020843069166461933
5786895437851445408,2021-10,0.023984288086591806
4365965554261111250,2021-09,0.09459092603339328
4365965554261111250,2021-09,0.09003650155065708
4365965554261111250,2021-10,0.07803216858943386
5577659616907513811,2021-09,0.6851209335130499
5577659616907513811,2021-09,0.7148802870795166
5577659616907513811,2021-09,0.6452972575162772
5577659616907513811,2021-09,0.7076992557076898
5577659616907513811,2021-10,0.6537302904907152
5577659616907513811,2021-10,0.24129148696255662
5577659616907513811,2021-10,0.24129148696255662
4635578010631860111,2021-09,0.00690464325656486
4635578010631860111,2021-10,0.008171080480627887
4635578010631860111,2021-10,0.007708471465210301
7289435138601868544,2021-09,0.00651224763554056
7289435138601868544,2021-09,0.005488445773456497
7289435138601868544,2021-10,0.005768582881977447
7289435138601868544,2021-10,0.00484212354250546
7289435138601868544,2021-10,0.004543742505409887
7289435138601868544,2021-10,0.004184057707499465
7289435138601868544,2021-10,0.002819403864377056
5794903898038236832,2021-09,0.030781928313901377
5794903898038236832,2021-10,0.026988011019960106
5794903898038236832,2021-10,0.02706073386772116
5794903898038236832,2021-10,0.03036496765941771
3829967475074118757,2021-09,0.6091262338173679
3829967475074118757,2021-09,0.7917094204607538
3829967475074118757,2021-09,0.6022925826421457
3829967475074118757,2021-10,0.3019379619913485
3829967475074118757,2021-10,0.42395221047517234
3829967475074118757,2021-10,0.4231650386401953
3829967475074118757,2021-10,0.41275326285407343
710593997981520423,2021-09,0.006131656895032582
710593997981520423,2021-10,0.00536117600242102
710593997981520423,2021-10,0.0038615094559110476
2371917341091102894,2021-09,0.1158247789499172
2371917341091102894,2021-09,0.10365349619017054
2645324649046215594,2021-09,0.006547044141994926
2645324649046215594,2021-09,0.007210555165286878
2645324649046215594,2021-10,0.0047449258444024036
8729164666041467296,2021-09,0.029549835341570574
8729164666041467296,2021-09,0.024575686697226408
8729164666041467296,2021-10,0.024234084420491925
8729164666041467296,2021-10,0.023882085460587153
8729164666041467296,2021-10,0.015904992293464697
1616952665234409442,2021-09,0.022839041672812158
1616952665234409442,2021-09,0.022883717684070094
1616952665234409442,2021-10,0.03632173763863861
1616952665234409442,2021-10,0.04519661326915902
1616952665234409442,2021-10,0.034680794013488656
1616952665234409442,2021-10,0.13289738385422376
1616952665234409442,2021-10,0.19068647568743188
1616952665234409442,2021-10,0.1913096886851306
1616952665234409442,2021-10,0.03031911107619821
1616952665234409442,2021-10,0.030014492485241254
1616952665234409442,2021-10,0.03071932909597965
1616952665234409442,2021-10,0.030014492485241254
1616952665234409442,2021-10,0.02427587804382382
1616952665234409442,2021-10,0.024081658899840992
1616952665234409442,2021-10,0.02527158679336441
1616952665234409442,2021-10,0.020560581908048062
1616952665234409442,2021-10,0.02048154338095848
1616952665234409442,2021-10,0.02403315883446085
1616952665234409442,2021-10,0.02172000651546044
6198047969028248384,2021-09,0.007544971007315841
6198047969028248384,2021-09,0.006445240030918025
8994944800097997361,2021-09,0.11833096443173272
8994944800097997361,2021-09,0.1299806745663837
8994944800097997361,2021-10,0.12996305713285933
8994944800097997361,2021-10,0.07071974370628836
2772135008486239291,2021-09,0.02664467342698811
2772135008486239291,2021-10,0.01145655539071276
2772135008486239291,2021-10,0.027955096294078306
2772135008486239291,2021-10,0.021329955466386177
4785355632922927313,2021-09,0.12062184335734838
4785355632922927313,2021-09,0.11099727305024415
4785355632922927313,2021-10,0.12560725578582582
1104269683367198574,2021-09,0.007241070768143633
1104269683367198574,2021-10,0.0041269772621185
1104269683367198574,2021-10,0.011614460752186929
1104269683367198574,2021-10,0.0024320020397410797
8859064595603380512,2021-09,0.007417827546040565
9156666134024889730,2021-09,0.01639152983338417
9156666134024889730,2021-09,0.016153506832497878
9156666134024889730,2021-10,0.008354820276967012
8049805689946244047,2021-09,0.03032886604757336
8049805689946244047,2021-09,0.03065875512971019
8049805689946244047,2021-09,0.029584796318241954
8049805689946244047,2021-10,0.016759190046378606
8049805689946244047,2021-10,0.013320151461190224
8049805689946244047,2021-10,0.023284552527219914
4414438591613884911,2021-09,0.014654487876319205
4414438591613884911,2021-09,0.013869635722955777
4414438591613884911,2021-10,0.014242102739957125
4414438591613884911,2021-10,0.008599104927902609
4414438591613884911,2021-10,0.008696232731609056
8385636129786687263,2021-09,0.006904607071146979
8385636129786687263,2021-10,0.004208944336576495
8385636129786687263,2021-10,0.0040706048369941565
8385636129786687263,2021-10,0.00397625657479463
4717717003637613480,2021-09,0.006182111517530625
4717717003637613480,2021-09,0.006861173800152392
4717717003637613480,2021-10,0.005642771576357722
4717717003637613480,2021-10,0.00577684780765389
4874157215501489741,2021-09,0.012566013116600779
4874157215501489741,2021-09,0.010880369744323066
4874157215501489741,2021-09,0.010940326909284289
4874157215501489741,2021-10,0.005873676113878235
4874157215501489741,2021-10,0.007409949485519782
4874157215501489741,2021-10,0.00773600871280602
3357976326879346012,2021-09,0.06103835156418051
3357976326879346012,2021-09,0.05085579004551242
3357976326879346012,2021-10,0.11357576511695457
3357976326879346012,2021-10,0.11693965073546865
6217788509719675691,2021-09,0.006218734959094462
6217788509719675691,2021-09,0.007043726706274373
6217788509719675691,2021-10,0.004129754807799537
621182491555347581,2021-09,0.019977384298381248
621182491555347581,2021-09,0.6171317835857169
621182491555347581,2021-10,0.02259589392698351
621182491555347581,2021-10,0.0223295166172523
621182491555347581,2021-10,0.018510804386256872
621182491555347581,2021-10,0.020667248310235378
5465001651966355821,2021-09,0.02069430376903604
5465001651966355821,2021-09,0.032724839008935865
5465001651966355821,2021-10,0.013685898969974878
5465001651966355821,2021-10,0.11039792386616303
5465001651966355821,2021-10,0.02064079651806829
3025708129948185495,2021-09,0.005419910002336207
3025708129948185495,2021-10,0.006455420554990486
3812760626052898456,2021-09,0.004577522251509317
3812760626052898456,2021-10,0.004662227183100818
3812760626052898456,2021-10,0.002542093087146172
8463871205935856285,2021-09,0.015722716019477348
8463871205935856285,2021-10,0.015385463205699173
682352428813668634,2021-09,0.006509456991641914
682352428813668634,2021-09,0.006509456991641914
682352428813668634,2021-09,0.006590086389391376
682352428813668634,2021-10,0.0072540960942170775
682352428813668634,2021-10,0.005154599437631332
682352428813668634,2021-10,0.0049840916936620076
3838562409581494430,2021-09,0.0067098084218780345
5856610998569876318,2021-09,0.0074974735345970725
5856610998569876318,2021-09,0.008952383137309184
2308217045093677129,2021-09,0.006761603528424482
3036967290595689189,2021-09,0.0019407214175814972
3036967290595689189,2021-10,0.002583642494263868
7722287846688771887,2021-09,0.008300810139932334
7722287846688771887,2021-10,0.006406830334293168
7722287846688771887,2021-10,0.4827130306966661
4717593620120611957,2021-09,0.004419295611293122
4717593620120611957,2021-10,0.003428979875712288
9052787288251876909,2021-09,0.007293903202667891
9052787288251876909,2021-10,0.005602603776054362
9052787288251876909,2021-10,0.0033688547579641755
3386019519917828299,2021-09,0.005210987482345819
3386019519917828299,2021-10,0.0034888536319607724
510795635145114083,2021-09,0.013879235755602024
510795635145114083,2021-09,0.01363410173300475
510795635145114083,2021-10,0.007547742661651534
510795635145114083,2021-10,0.004961437630024705
510795635145114083,2021-10,0.0048680242544310555
5974858472822751652,2021-09,0.004441399673882802
5974858472822751652,2021-10,0.0038663845351064588
5974858472822751652,2021-10,0.003807578349692474
5974858472822751652,2021-10,0.0031099315198548734
5974858472822751652,2021-10,0.0025845131861728567
5958664040344043635,2021-09,0.008568469808746884
5958664040344043635,2021-10,0.008883805262207814
3391123212703223634,2021-09,0.0112194716581525
6528158819463595826,2021-09,0.00490675067939458
8548612698724688238,2021-09,0.007046061622209518
8548612698724688238,2021-10,0.0055005105687514705
5522764880180045081,2021-09,0.005859548925894707
5522764880180045081,2021-10,0.006117027699366147
5522764880180045081,2021-10,0.007209737083327053
5522764880180045081,2021-10,0.09293317848850285
5522764880180045081,2021-10,0.003669788999255563
5522764880180045081,2021-10,0.0036621195915665936
8004409125524742779,2021-09,0.0032022141978167704
8004409125524742779,2021-09,0.0055166378796000035
8004409125524742779,2021-10,0.002993488884590968
8004409125524742779,2021-10,0.003001473693308977
8343941262792249232,2021-09,0.03198020497977958
8343941262792249232,2021-09,0.0346558777355335
8343941262792249232,2021-09,0.04274791899492446
8343941262792249232,2021-10,0.03751270053361231
7031913170099381454,2021-09,0.14273988887372696
7031913170099381454,2021-10,0.1618782190323419
6030285068945261052,2021-09,0.00515737558475188
6030285068945261052,2021-09,0.005408934680862634
6030285068945261052,2021-10,0.0035970266655901946
665505091521986356,2021-09,0.004910219552496407
665505091521986356,2021-10,0.008243495541765011
665505091521986356,2021-10,0.0071352971554990196
665505091521986356,2021-10,0.004305976642781551
6828316696355015040,2021-09,0.0033835955541307284
4202876623878743806,2021-09,0.03710457721835144
4202876623878743806,2021-10,0.12925495532932285
4202876623878743806,2021-10,0.010001615494374267
4202876623878743806,2021-10,0.017854069885564296
4202876623878743806,2021-10,0.020298933702667308
6352592240901579272,2021-09,0.007535438255560875
2819054834565698513,2021-09,0.011740017282321533
2819054834565698513,2021-10,0.016815646592687594
2819054834565698513,2021-10,0.01651774441323855
988707525807573448,2021-09,0.004395827734327443
988707525807573448,2021-10,0.003361366519544347
988707525807573448,2021-10,0.003063506538968498
988707525807573448,2021-10,0.0031476841076422198
4512887927067894301,2021-09,0.07279634155116071
3204108603682323936,2021-09,0.00631606541279019
3204108603682323936,2021-09,0.0062270639596407945
3204108603682323936,2021-10,0.00661083671234915
3204108603682323936,2021-10,0.005792726881611105
2493305884832539159,2021-09,0.09855755824772422
7920896580423665241,2021-09,0.005560532942879353
7920896580423665241,2021-09,0.008054248624762877
7920896580423665241,2021-10,0.006799082405668334
7920896580423665241,2021-10,0.0045383428735688725
5078307295214858596,2021-09,0.01021822247125113
5078307295214858596,2021-10,0.006702313328662747
5078307295214858596,2021-10,0.006702313328662747
5078307295214858596,2021-10,0.006916486128447339
295375823203017296,2021-09,0.006343728648746077
295375823203017296,2021-10,0.007747389374383828
295375823203017296,2021-10,0.0037198067785550928
6968106554514688300,2021-09,0.20409928075150438
6968106554514688300,2021-10,0.08045140454683221
6968106554514688300,2021-10,0.006237054168587059
6968106554514688300,2021-10,0.006237054168587059
51762959302415533,2021-09,0.18519130112100263
1611146298923153842,2021-09,0.008149374440736348
1611146298923153842,2021-09,0.008871813983434992
1611146298923153842,2021-10,0.007025020324415165
1611146298923153842,2021-10,0.004407775961929121
8185063234515056194,2021-09,0.003695417318502554
8185063234515056194,2021-09,0.003695417318502554
8185063234515056194,2021-10,0.004529201539444999
8185063234515056194,2021-10,0.0029049777299981023
1414132620714431952,2021-09,0.15064460642730734
465309249432033993,2021-09,0.007785323493016531
465309249432033993,2021-09,0.00989158426116706
465309249432033993,2021-10,0.007964125011066027
2423599281313969582,2021-09,0.018521579875288144
2762573180349093009,2021-09,0.005507225320740667
7637066986811047950,2021-09,0.01148062083986023
7637066986811047950,2021-10,0.007420400279624596
7637066986811047950,2021-10,0.009384202249541833
7637066986811047950,2021-10,0.008593655429941807
7637066986811047950,2021-10,0.012677848062067103
4444330375740387073,2021-09,0.03208914978647922
4444330375740387073,2021-10,0.06304649548546351
4444330375740387073,2021-10,0.06304649548546351
2763141362035716801,2021-09,0.01421951522762349
2763141362035716801,2021-09,0.018314885678139957
4569866309119931805,2021-09,0.22203395191135314
4569866309119931805,2021-10,0.09763236385177458
4569866309119931805,2021-10,0.008122699997860567
4569866309119931805,2021-10,0.006591628822170842
1507697130807703164,2021-09,0.004860120604904018
665854826624598350,2021-09,0.010752617991755439
665854826624598350,2021-10,0.00831452563199582
665854826624598350,2021-10,0.008994078986553336
7692330898726665144,2021-09,0.03814885610881005
7692330898726665144,2021-09,0.050593599045510605
7692330898726665144,2021-10,0.007022177337311085
7692330898726665144,2021-10,0.012014689896188866
7692330898726665144,2021-10,0.006465646346376541
1717812527056208209,2021-09,0.15941357096423292
1717812527056208209,2021-10,0.18817084528153413
2535803443850893368,2021-09,0.6097769727550797
2535803443850893368,2021-10,0.02516717000959505
2535803443850893368,2021-10,0.012713189849051674
2535803443850893368,2021-10,0.020126179550459065
6681781879793693802,2021-09,0.007010706074008873
6681781879793693802,2021-10,0.006158420754181505
4210463673385510745,2021-09,0.13057640025314945
4210463673385510745,2021-10,0.03129584705165426
4210463673385510745,2021-10,0.03341255829954052
1951407691087813358,2021-09,0.0036496139008808776
1951407691087813358,2021-09,0.004754419463836535
1951407691087813358,2021-10,0.02934593776896845
7451017400765373278,2021-09,0.0024110338362337974
7451017400765373278,2021-10,0.0026211733515471396
6795467882769787169,2021-09,0.006421946065362776
6795467882769787169,2021-10,0.005923002214868952
6795467882769787169,2021-10,0.00517832055241019
2347028805684088098,2021-09,0.004526265341510339
2347028805684088098,2021-09,0.004963867859462362
2347028805684088098,2021-10,0.005012464712695149
2347028805684088098,2021-10,0.0030878126095671833
2900002014851776114,2021-09,0.3838456478805619
2900002014851776114,2021-10,0.2666575943995741
2900002014851776114,2021-10,0.2666575943995741
2900002014851776114,2021-10,0.4799753569805924
1698828605814171242,2021-09,0.0049362279144080316
1698828605814171242,2021-10,0.008350228093185244
1698828605814171242,2021-10,0.00523454357920571
1698828605814171242,2021-10,0.007412573711297135
5893903674205161232,2021-09,0.005347385611749098
4862285428951244424,2021-09,0.005123797832807234
4862285428951244424,2021-09,0.006234627095814189
4862285428951244424,2021-09,0.007890083701120633
4862285428951244424,2021-10,0.006707932521250735
4862285428951244424,2021-10,0.008531871982925682
4862285428951244424,2021-10,0.006707932521250735
4862285428951244424,2021-10,0.007574385661971529
5606267905834401873,2021-09,0.007378072307254898
5606267905834401873,2021-09,0.007112086562285423
5606267905834401873,2021-10,0.02311694987683416
4982042089827666585,2021-09,0.07501182504833351
8854680481766219396,2021-09,0.16188463547908
8854680481766219396,2021-10,0.2243890395573885
8854680481766219396,2021-10,0.2032339752389411
6204723742351094322,2021-09,0.002716837638564198
6204723742351094322,2021-10,0.002729211188200837
6204723742351094322,2021-10,0.0029437989593611665
3713742318997880410,2021-09,0.0035305671205779045
3713742318997880410,2021-10,0.004665383392499159
3713742318997880410,2021-10,0.003286364079690277
1106971614386004604,2021-09,0.07066616872440791
1368430815953333691,2021-09,0.13604179874014988
1368430815953333691,2021-10,0.16173861423497876
1368430815953333691,2021-10,0.173007371189479
662944582644865942,2021-09,0.0205381926829771
662944582644865942,2021-10,0.02426997633601258
940214356651040716,2021-09,0.05117472873999877
3192341047315717823,2021-09,0.03665639842661943
5198904647759787695,2021-09,0.05144426819661459
5198904647759787695,2021-09,0.04432321406706227
1420529738304793615,2021-09,0.01002939591311942
1420529738304793615,2021-10,0.010124961496932434
1420529738304793615,2021-10,0.011336179013843008
4898797487317475277,2021-09,0.013854849932528727
7200509200540839533,2021-09,0.007101211738015577
7200509200540839533,2021-10,0.005905607226318449
7200509200540839533,2021-10,0.004839197596412583
7200509200540839533,2021-10,0.004810560789364024
7492389223353246125,2021-09,0.0668162136528545
287529573188507001,2021-09,0.006354012224460515
7395696797140470088,2021-09,0.004809967511363926
7395696797140470088,2021-10,0.0038010830807520394
6532139198609901627,2021-09,0.008419078308440226
6532139198609901627,2021-10,0.004767362455114451
8255085612985072878,2021-09,0.015006163982955345
8255085612985072878,2021-10,0.012382798248944102
8255085612985072878,2021-10,0.012172787902300876
4675067298171588603,2021-09,0.0734391182662749
4675067298171588603,2021-10,0.12559840074726622
4675067298171588603,2021-10,0.1368113689635912
4675067298171588603,2021-10,0.13033245296390253
1210783884008131648,2021-09,0.00533840164874599
7968118679747232249,2021-09,0.11552120808214214
7968118679747232249,2021-10,0.1482765914039607
7968118679747232249,2021-10,0.1663739581872936
3472934456083131714,2021-09,0.008061125336111986
3156852928909455203,2021-09,0.012872720510428976
3156852928909455203,2021-10,0.014042814639979096
3156852928909455203,2021-10,0.029788048713855316
3156852928909455203,2021-10,0.010488211625742209
6486277549325701534,2021-09,0.008159792387831507
6486277549325701534,2021-09,0.008159792387831507
6486277549325701534,2021-10,0.009003818871828056
6486277549325701534,2021-10,0.004362866427369373
6486277549325701534,2021-10,0.004362866427369373
1003144834589372198,2021-09,0.0077013425696056985
1003144834589372198,2021-09,0.006177388519514346
1003144834589372198,2021-10,0.005669920461680823
1003144834589372198,2021-10,0.009333048475570755
1003144834589372198,2021-10,0.003196095205380823
1003144834589372198,2021-10,0.005523294602609636
1003144834589372198,2021-10,0.004311169592956602
410843023337872279,2021-09,0.010889478482195491
410843023337872279,2021-10,0.14054998877169672
410843023337872279,2021-10,0.006586288078492782
410843023337872279,2021-10,0.00728213258225421
1430896989654626045,2021-09,0.012409113565623056
4986060939759481610,2021-09,0.07980109588179828
6394935036014530592,2021-09,0.005662756896727898
6394935036014530592,2021-10,0.005204985411425444
6394935036014530592,2021-10,0.006313200158532808
6394935036014530592,2021-10,0.00450187999993837
6394935036014530592,2021-10,0.00470533961160724
6394935036014530592,2021-10,0.008312814077534278
7848910047105468475,2021-09,0.3928568622013681
5795100045494475994,2021-09,0.007061023470065132
7818340804682162328,2021-09,0.01166090520208928
7818340804682162328,2021-10,0.18264285653145648
5271966906483787417,2021-09,0.00921852404083311
5383359512938607117,2021-09,0.012788077124093569
2106875407768047316,2021-09,0.010583625265741192
2106875407768047316,2021-10,0.08463898083408172
2106875407768047316,2021-10,0.004122277042146349
798425422240919854,2021-09,0.005749838878766531
798425422240919854,2021-10,0.003610490626825974
798425422240919854,2021-10,0.0024060261367082744
3685376304786338340,2021-09,0.02116288903748434
3965955331400146488,2021-09,0.081332550877659
7442192566700924647,2021-09,0.00473363283172887
7442192566700924647,2021-10,0.0036662224356115063
7442192566700924647,2021-10,0.0036662224356115063
7442192566700924647,2021-10,0.0037258466292453087
7442192566700924647,2021-10,0.0036662224356115063
7442192566700924647,2021-10,0.002272797625357274
7442192566700924647,2021-10,0.0022691274207680434
2988042199057874759,2021-09,0.010981365346003795
2988042199057874759,2021-09,0.01225836284765879
2988042199057874759,2021-10,0.0073387175652055
2988042199057874759,2021-10,0.006637965304976351
521351744568531135,2021-09,0.009778877425917711
521351744568531135,2021-10,0.007120214870433503
6462952350255736003,2021-09,0.00783515833106284
6462952350255736003,2021-10,0.004847360739509255
8245393384938410770,2021-09,0.005649312957142886
8245393384938410770,2021-10,0.004812797717442316
8245393384938410770,2021-10,0.004620075556514435
8245393384938410770,2021-10,0.0053279719465226
8245393384938410770,2021-10,0.004668036578329187
7889351655716537527,2021-10,0.007109994694001602
3218226066162129945,2021-10,0.03077630120647896
3218226066162129945,2021-10,0.5840787204531318
3750579377644235511,2021-10,0.06913668230713312
1617695035450525647,2021-10,0.004773908605425959
1617695035450525647,2021-10,0.009070336477456338
1617695035450525647,2021-10,0.004503599093690034
1617695035450525647,2021-10,0.00312789530439367
5448628641564935127,2021-10,0.017203870287090427
5448628641564935127,2021-10,0.016812484558678734
4935929591787890253,2021-10,0.011882229879924721
4935929591787890253,2021-10,0.044237317144987486
6337915293429442229,2021-10,0.061846600430783785
15070048310374146,2021-10,0.04103345733215741
15070048310374146,2021-10,0.04607002222842174
2088532321693492263,2021-10,0.026492340755180477
5477900120643078645,2021-10,0.032914499696349034
5477900120643078645,2021-10,0.032914499696349034
2209806355660046187,2021-10,0.012909939078499064
2209806355660046187,2021-10,0.011853648258025498
5791518044186095039,2021-10,0.004868942388838189
1661240395903230676,2021-10,0.03373669868791327
1661240395903230676,2021-10,0.03506017555625411
843896882208504179,2021-10,0.25099050183459753
3682570285558758138,2021-10,0.016243760865599033
1667173444642500307,2021-10,0.0513585098167628
1998941557906036376,2021-10,0.013969949052402975
1998941557906036376,2021-10,0.011598784551172083
1998941557906036376,2021-10,0.008474593653695735
2290083177086946553,2021-10,0.009616738882327232
2290083177086946553,2021-10,0.004777432349985353
2290083177086946553,2021-10,0.005052156422100794
3632378524835692731,2021-10,0.00622360275269005
3632378524835692731,2021-10,0.023090429862092303
6330043096034525408,2021-10,0.13375672492240268
6330043096034525408,2021-10,0.1273729258995273
6330043096034525408,2021-10,0.12534813476745404
6330043096034525408,2021-10,0.6826444476673946
6330043096034525408,2021-10,0.11922660992667217
6330043096034525408,2021-10,0.5006447888182579
6330043096034525408,2021-10,0.11244272350781703
6330043096034525408,2021-10,0.11105135388787983
1235244772550233980,2021-10,0.004889453812407696
7176848230239877915,2021-10,0.005216106402779878
7176848230239877915,2021-10,0.00532271681970256
7176848230239877915,2021-10,0.0029043431768675117
4183921942053157552,2021-10,0.05242814573778127
4183921942053157552,2021-10,0.03461555689009113
4183921942053157552,2021-10,0.03461555689009113
4110562609148185966,2021-10,0.11145964067483212
8733525963966339207,2021-10,0.2612147383220555
5029701292539093910,2021-10,0.0070757463584196325
5029701292539093910,2021-10,0.007915775162023459
2025898153078562640,2021-10,0.010692694474020062
1115703227712697214,2021-10,0.010298913632448909
1115703227712697214,2021-10,0.015136422480186398
1115703227712697214,2021-10,0.015461907858691611
1115703227712697214,2021-10,0.01045257310553985
3724562776372632620,2021-10,0.029525495540168135
4537982850248578883,2021-10,0.007379623649110633
8843432852270832388,2021-10,0.008723494658126182
8843432852270832388,2021-10,0.0311153383944708
8464809590757561185,2021-10,0.007274794685264281
8464809590757561185,2021-10,0.00952606931655017
3421433989501830226,2021-10,0.025331914659876983
6810366761249506182,2021-10,0.009162255683831187
851897122328714307,2021-10,0.012843951425634832
6784879562354696650,2021-10,0.02757795765083031
6784879562354696650,2021-10,0.025607044977368303
93982185886107798,2021-10,0.006754410948014699
93982185886107798,2021-10,0.007638048276024638
121658372387044248,2021-10,0.01298858160783566
121658372387044248,2021-10,0.007916711435992551
121658372387044248,2021-10,0.018117306160508707
5931905128207886847,2021-10,0.12056302858272644
1953058402621337677,2021-10,0.008285771467271998
1953058402621337677,2021-10,0.007057172512637251
1953058402621337677,2021-10,0.006945792094885187
8090492548102964782,2021-10,0.03996335311848982
5735794880899687600,2021-10,0.0239084908131552
5735794880899687600,2021-10,0.0075889641152378125
5735794880899687600,2021-10,0.007640935665689379
7828430488099134389,2021-10,0.09838834496228345
7828430488099134389,2021-10,0.09636517848325349
7485107528960607346,2021-10,0.04119040543672478
7485107528960607346,2021-10,0.031235888855590747
7485107528960607346,2021-10,0.13263411576120937
7485107528960607346,2021-10,0.022995860717126285
3156580765759568020,2021-10,0.04416570510886599
6643358471662528195,2021-10,0.005608522048552445
5489089370448387505,2021-10,0.8119662069161913
7719877724419004325,2021-10,0.007682667791923585
4858887739802767402,2021-10,0.005208507600005861
1069093308328204542,2021-10,0.009651503244477567
1069093308328204542,2021-10,0.009986453978267302
8292458529987016717,2021-10,0.006764377685175378
3423512048884192208,2021-10,0.03033595946029949
3423512048884192208,2021-10,0.03506469386817274
8918635099296971351,2021-10,0.09497411338835458
4187591029730357479,2021-10,0.011023461565775721
4187591029730357479,2021-10,0.012550175489509643
1129657311668961746,2021-10,0.013929697118399089
6122719618012473549,2021-10,0.37240180866321276
7236776406341522879,2021-10,0.0064518793377487775
6547707428090179960,2021-10,0.010921239205978865
6547707428090179960,2021-10,0.011637800223939055
6547707428090179960,2021-10,0.006871923269601745
8248484932270772248,2021-10,0.25616581147725836
8248484932270772248,2021-10,0.08526220776687342
5752688018135006198,2021-10,0.3241663412615086
5752688018135006198,2021-10,0.014398494357157954
2191990606593345695,2021-10,0.015015160582791847
2191990606593345695,2021-10,0.01625480961284136
2191990606593345695,2021-10,0.018208430956224486
4641659186059167709,2021-10,0.2341068718839581
8400764778654490278,2021-10,0.05321083385224375
8400764778654490278,2021-10,0.017110955277108666
2759416556905651870,2021-10,0.2727233581278598
7206599058451025691,2021-10,0.009792032802221967
1036256411320325774,2021-10,0.018345714584549554
1036256411320325774,2021-10,0.012509675665272155
5162621729453966204,2021-10,0.037578159521268056
5162621729453966204,2021-10,0.051894011729190045
3660744270380078352,2021-10,0.5068942427083651
3660744270380078352,2021-10,0.029018279888635957
1273229638516517354,2021-10,0.008965787448126422
1467843186411742274,2021-10,0.03217869231090531
1467843186411742274,2021-10,0.02770656212790541
3571198145319411787,2021-10,0.006391665855272423
2310272650667756227,2021-10,0.4505313502872533
3161361581909316305,2021-10,0.22484636419792944
3161361581909316305,2021-10,0.00578715120704733
5855956854975734380,2021-10,0.07705353629861014
5855956854975734380,2021-10,0.016141460001060877
4556737702757145073,2021-10,0.03964941688010124
5799279645678609726,2021-10,0.06197707860934919
5732713959930509093,2021-10,0.02780020458912486
1002362614649347438,2021-10,0.03333259247120557
1002362614649347438,2021-10,0.03323305412444292
8163895533020293251,2021-10,0.7645965031109263
8163895533020293251,2021-10,0.6227650769189111
8163895533020293251,2021-10,0.6419796223207187
2768068015169423097,2021-10,0.01292391206961915
2768068015169423097,2021-10,0.012619342364890585
3195023578711095555,2021-10,0.028983215240881
5369576709077493659,2021-10,0.016840411996978225
5369576709077493659,2021-10,0.03108823793731983
1997130697107291654,2021-10,0.037805298493615365
7665801401860589626,2021-10,0.008383827101304477
1028630885537616736,2021-10,0.006648524938519867
1028630885537616736,2021-10,0.005022737801710733
1269153452773908541,2021-10,0.010149883536959146
6100972975033180377,2021-10,0.008220169346840568
8080988579391900405,2021-10,0.003751138410771783
8080988579391900405,2021-10,0.005997025203455884
8080988579391900405,2021-10,0.006044071216686774
7719481195372677540,2021-10,0.006914818647557536
2032592272238235730,2021-10,0.020063055853337133
2032592272238235730,2021-10,0.017088719745553427
89342157110910412,2021-10,0.024406749643010272
6012031176108922616,2021-10,0.024353860733403815
6012031176108922616,2021-10,0.01700041666869766
6012031176108922616,2021-10,0.015744893132929247
7501763663852779083,2021-10,0.004355388775206937
503021894071666233,2021-10,0.04823132829512015
503021894071666233,2021-10,0.043895567045234375
503021894071666233,2021-10,0.041429720303145415
3118683330911759410,2021-10,0.13600716462368795
3118683330911759410,2021-10,0.12576370044237242
7779268298304613772,2021-10,0.007078203993158495
7779268298304613772,2021-10,0.009840614589077984
7779268298304613772,2021-10,0.01006237970752608
7779268298304613772,2021-10,0.009670284005943854
7779268298304613772,2021-10,0.007824505086547412
5303720405946805990,2021-10,0.007170730676764253
6521201759558790083,2021-10,0.0061215374845315276
6521201759558790083,2021-10,0.006229950548313505
717981637594591016,2021-10,0.009391008070989726
2973474340148068982,2021-10,0.32623092778025264
8684964138237894839,2021-10,0.07562955737392078
7041489327620930099,2021-10,0.013680887202646286
3447213159487287154,2021-10,0.007311414062289212
3447213159487287154,2021-10,0.005017744545670057
5225029212547588718,2021-10,0.007944653878190513
1735718258017802778,2021-10,0.011942071192613344
1735718258017802778,2021-10,0.010150833804368882
2550506309527280168,2021-10,0.00881810285090177
2550506309527280168,2021-10,0.009297225234479256
5376084855227654309,2021-10,0.05855886229900771
5376084855227654309,2021-10,0.05873822647889004
165658847908185334,2021-10,0.011221356362137364
4527499691197377217,2021-10,0.004682453214551155
8535586342375301953,2021-10,0.0035988903223329012
3970572142453508637,2021-10,0.11883342871222834
5200455618694210402,2021-10,0.005035484395320936
7595945751692012281,2021-10,0.006109602709304052
3283662016127058429,2021-10,0.005452414800968862
3248432590399829766,2021-10,0.0022548617028328006
9108733472015251498,2021-10,0.004603599996825283
9108733472015251498,2021-10,0.003583830377767981
7710364735942975505,2021-10,0.012313236585154584
6143250120040658989,2021-10,0.23870561375691723
8967780934636007142,2021-10,0.008864418401181993
3027683745465216663,2021-10,0.0038229795845075333
5758033363847724111,2021-10,0.0028187002848998697
5758033363847724111,2021-10,0.002635220953652543
5758033363847724111,2021-10,0.0025717217372587375
5758033363847724111,2021-10,0.002582159316241912
6985631100944640910,2021-10,0.074658761394956
8536980239903840341,2021-10,0.004602882490101536
7330131219998265639,2021-10,0.008126755060596529
7628167057144760589,2021-10,0.011020588184556462
8559143756893267192,2021-10,0.34751602164807416
5055200744384119654,2021-10,0.009629818823023743
3970610368027129821,2021-10,0.00409068674401748
66220087398241662,2021-10,0.00536365894915885
66220087398241662,2021-10,0.005431616085583561
2598475569074240783,2021-10,0.005285224449740782
4562495119288161876,2021-10,0.011408073341382177
6338963608593807081,2021-10,0.004680870837590914
644457054514416604,2021-10,0.24616352111253428
644457054514416604,2021-10,0.19550344897048189
4566920105008626302,2021-10,0.0034181506856788336
4566920105008626302,2021-10,0.0034181506856788336
8570963260597299378,2021-10,0.00998381753412665
8313765100460016738,2021-10,0.2252711135808011
8313765100460016738,2021-10,0.2603312986854174
8012945665375811304,2021-10,0.1315760333171174
8012016968380185372,2021-10,0.04550676067802896
3361278050140871809,2021-10,0.20880173579496736
5122095358293179297,2021-10,0.0035808856623276526
670573866376512619,2021-10,0.03352803461038018
670573866376512619,2021-10,0.03600493294580585
4831939798545673038,2021-10,0.029955189501602936
1219954496802643881,2021-10,0.05044468995303743
8680213253228719510,2021-10,0.010489035610271575
8680213253228719510,2021-10,0.013371641985137338
2785178201607654410,2021-10,0.03883015431730155
4997308257850209705,2021-10,0.014836035268162982
5986344948775572227,2021-10,0.3086437784587859
4723919748432185874,2021-10,0.0036416283306830812
4723919748432185874,2021-10,0.005166994411936467
4723919748432185874,2021-10,0.004861457814853661
6080407793834027692,2021-10,0.002907994311096362
922040072471333951,2021-10,0.5153865417815466
6598561842700412652,2021-10,0.547613087425145
1874387298050692165,2021-10,0.0064414105246811335
8991419601067014006,2021-10,0.012778372222163577
1748142500108801439,2021-10,0.02714704438269388
1311488706225587300,2021-10,0.09819572053416382
3275327267689584006,2021-10,0.19262052133442126
3275327267689584006,2021-10,0.1926493926295191
2208316821038817776,2021-10,0.14115742926761954
1963239178085807816,2021-10,0.0030252528771488795
2467590416042313927,2021-10,0.0022390555001668005
345033315379741874,2021-10,0.0038623928797516575
4237135112070444140,2021-10,0.023766380196130695
8222831719332844924,2021-10,0.028894875817421856
8278233100278581012,2021-10,0.03794614845480906
8480109508191086169,2021-10,0.003602979617405561
8480109508191086169,2021-10,0.003626578345825495
3536704882799524586,2021-10,0.033094485372312465
8398000036517692656,2021-10,0.13965884648191862
2003221759676247813,2021-10,0.002659670039838492
2322847438374159400,2021-10,0.003435631561159681
866011924076225884,2021-10,0.007080383969842156
4570863207041489270,2021-10,0.13333536661961704
2439954154030259398,2021-10,0.002550063704120751
2439954154030259398,2021-10,0.0020371273394881734
4104959289203999917,2021-10,0.0032143764585479627
5499433941404698208,2021-10,0.013992506118490362
271068078606473697,2021-10,0.0021745636134243265
8706851346184249504,2021-10,0.0025483554336919473
1423952977138155129,2021-10,0.003231938214931287
3906045000005838812,2021-10,0.29972156163084024
4225765667813563302,2021-10,0.05358213916439549
8737605759444448951,2021-10,0.018682367803575142
8915958534285799867,2021-10,0.1847794880562347
8013668117699219722,2021-10,0.011708802206977337
3979129042322937623,2021-10,0.07391215566055931
4900073965147412482,2021-10,0.0040931288578129185
2179772649873197365,2021-10,0.16435595909511197
6053752047545474051,2021-10,0.0039053300978087297
6053752047545474051,2021-10,0.0038557990192771693
6053752047545474051,2021-10,0.0029333611534280877
6053752047545474051,2021-10,0.0032283038171770813
6053752047545474051,2021-10,0.0035198925467171357
6053752047545474051,2021-10,0.0072236468821089694
6053752047545474051,2021-11,0.006359316026850566
6053752047545474051,2021-11,0.006359316026850566
6053752047545474051,2021-11,0.01342720423475007
6053752047545474051,2021-11,0.005038689906555409
6053752047545474051,2021-11,0.006359316026850566
6053752047545474051,2021-11,0.005527248789410628
6053752047545474051,2021-11,0.07335016453591515
6053752047545474051,2021-11,0.005527248789410628
2772135008486239291,2021-10,0.01796090482927995
2772135008486239291,2021-10,0.017893442629943867
7031913170099381454,2021-10,0.15493728005193125
7031913170099381454,2021-11,0.16174271585517733
5373371196946859811,2021-10,0.013259952741136467
5373371196946859811,2021-10,0.01930448146872192
5373371196946859811,2021-11,0.01565954453681569
5373371196946859811,2021-11,0.013241650699184858
5373371196946859811,2021-11,0.010072790443729664
2201150681962815877,2021-10,0.02755134727413806
2201150681962815877,2021-10,0.03222102194022425
2201150681962815877,2021-10,0.05588913927189561
2201150681962815877,2021-11,0.42127258852270844
2201150681962815877,2021-11,0.01895870570861431
2201150681962815877,2021-11,0.022542621726054292
4717717003637613480,2021-10,0.003653010240201888
4717717003637613480,2021-11,0.0067620175314160045
4717717003637613480,2021-11,0.006854879359857476
7692330898726665144,2021-10,0.009602364588126557
7692330898726665144,2021-10,0.00959437210221949
7692330898726665144,2021-10,0.008428174734931057
7692330898726665144,2021-10,0.011128036128246675
7692330898726665144,2021-11,0.007053004843354194
7692330898726665144,2021-11,0.006456571192266377
7692330898726665144,2021-11,0.011009698500683462
7692330898726665144,2021-11,0.007966204312024276
4327694790333781288,2021-10,0.0060437458393142116
4327694790333781288,2021-10,0.00560107790094356
4327694790333781288,2021-10,0.006188887267354272
4327694790333781288,2021-11,0.005594049561574257
4327694790333781288,2021-11,0.00428879453939987
7930644815080409701,2021-10,0.04284255981729897
5029701292539093910,2021-10,0.004009954752387145
5029701292539093910,2021-11,0.006569226722241946
5029701292539093910,2021-11,0.006523716231941033
5029701292539093910,2021-11,0.004141619645602005
6784879562354696650,2021-10,0.02602070678930982
6784879562354696650,2021-10,0.025810404141108946
6784879562354696650,2021-11,0.028385457084768903
6784879562354696650,2021-11,0.027751969079374616
1958660709350677213,2021-10,0.11253916356647467
1958660709350677213,2021-10,0.04312070163042
1958660709350677213,2021-11,0.03136467068590665
7613717984547031729,2021-10,0.0036121483731023237
7613717984547031729,2021-10,0.004241947177334357
7613717984547031729,2021-10,0.004241947177334357
7613717984547031729,2021-10,0.008976979120166683
7613717984547031729,2021-11,0.008135906070098984
7613717984547031729,2021-11,0.008042563080135415
7613717984547031729,2021-11,0.016592740076393997
7613717984547031729,2021-11,0.03423032925468031
7613717984547031729,2021-11,0.008007477395046583
7613717984547031729,2021-11,0.003544564057120296
5897410907783139228,2021-10,0.007836404190750493
5897410907783139228,2021-10,0.012121188369892915
5897410907783139228,2021-10,0.01189567556832032
5897410907783139228,2021-11,0.008587478798479247
5897410907783139228,2021-11,0.33654383296026685
5897410907783139228,2021-11,0.005954915800277707
5897410907783139228,2021-11,0.005005809489092094
6715993871935527857,2021-10,0.5950284319150224
5176940320835464459,2021-10,0.0045996991803018555
5176940320835464459,2021-10,0.0030186839149190584
5176940320835464459,2021-10,0.0030361393638659085
5176940320835464459,2021-10,0.00303694489801301
5176940320835464459,2021-10,0.0038292261097845706
5176940320835464459,2021-10,0.0061958810287764616
5176940320835464459,2021-10,0.010483160726590276
5176940320835464459,2021-10,0.015606247548791497
5176940320835464459,2021-10,0.015377811260117205
5176940320835464459,2021-10,0.01216914328810094
5176940320835464459,2021-10,0.008700136574960871
5176940320835464459,2021-11,0.006170191734395097
5176940320835464459,2021-11,0.005628130145852825
5176940320835464459,2021-11,0.008051406940858345
5176940320835464459,2021-11,0.006543157759363451
5176940320835464459,2021-11,0.0054530191582651405
5176940320835464459,2021-11,0.005802960013064684
5176940320835464459,2021-11,0.005504110071819672
5176940320835464459,2021-11,0.01849611118967334
5176940320835464459,2021-11,0.003370643045839593
5176940320835464459,2021-11,0.004125987363805472
5176940320835464459,2021-11,0.004176095513189569
5176940320835464459,2021-11,0.0036032075238576974
2128970218770090704,2021-10,0.0033857974531633656
2128970218770090704,2021-10,0.0036898096238508205
2128970218770090704,2021-10,0.003212322417501902
1156053485989336481,2021-10,0.04768257019998
1156053485989336481,2021-10,0.04816447746432076
1156053485989336481,2021-10,0.04797260704622754
1156053485989336481,2021-10,0.04816447746432076
1156053485989336481,2021-10,0.04797260704622754
1156053485989336481,2021-10,0.047034827972468086
1156053485989336481,2021-10,0.047767087162053
1156053485989336481,2021-10,0.04826655326983113
1156053485989336481,2021-10,0.04797260704622754
1156053485989336481,2021-10,0.04994568045785332
1156053485989336481,2021-10,0.049446877277204836
1156053485989336481,2021-10,0.0516071542678258
1156053485989336481,2021-10,0.05017498236099801
1156053485989336481,2021-10,0.05037519526790242
1156053485989336481,2021-10,0.10576444228892193
1156053485989336481,2021-10,0.05235547805714126
1156053485989336481,2021-10,0.052051505609934164
1156053485989336481,2021-10,0.05235547805714126
1156053485989336481,2021-10,0.05244782154985959
1156053485989336481,2021-10,0.05212473273392221
1156053485989336481,2021-10,0.05181059653966218
1156053485989336481,2021-10,0.05182202671763526
1156053485989336481,2021-11,0.07566879873540273
1156053485989336481,2021-11,0.07566879873540273
1156053485989336481,2021-11,0.07570933374394029
1156053485989336481,2021-11,0.06471368562066544
1156053485989336481,2021-11,0.05982912751062033
1156053485989336481,2021-11,0.05688622496981134
1156053485989336481,2021-11,0.05688622496981134
1156053485989336481,2021-11,0.05688038675541819
1156053485989336481,2021-11,0.05688038675541819
1156053485989336481,2021-11,0.05851535135722032
1156053485989336481,2021-11,0.05688038675541819
1156053485989336481,2021-11,0.060636588704935504
1156053485989336481,2021-11,0.06535081467441459
1156053485989336481,2021-11,0.06616982691163525
1156053485989336481,2021-11,0.567095684741984
1156053485989336481,2021-11,0.06535081467441459
1156053485989336481,2021-11,0.06494310743737038
1156053485989336481,2021-11,0.06535081467441459
1156053485989336481,2021-11,0.06535081467441459
1156053485989336481,2021-11,0.06929280648752993
1156053485989336481,2021-11,0.06535081467441459
1156053485989336481,2021-11,0.06891291833603987
1156053485989336481,2021-11,0.06898089519366538
1156053485989336481,2021-11,0.07075620019740132
1156053485989336481,2021-11,0.06867800294304456
3118152790263512426,2021-10,0.0028315617543690896
3118152790263512426,2021-10,0.0033879667123448524
3118152790263512426,2021-10,0.0032108917589904456
3118152790263512426,2021-10,0.004477883694217659
3118152790263512426,2021-11,0.00591519748340683
3118152790263512426,2021-11,0.003967323647285246
3118152790263512426,2021-11,0.004430196300596342
3118152790263512426,2021-11,0.0034902604697683265
2333404192508932057,2021-10,0.011162421605092418
2333404192508932057,2021-10,0.01024155222392915
2333404192508932057,2021-10,0.012852919550093935
2333404192508932057,2021-11,0.014449972503540168
5761480994209806499,2021-10,0.0009181511655386551
5761480994209806499,2021-10,0.001097874674294333
5761480994209806499,2021-10,0.0010860450613984348
5761480994209806499,2021-10,0.0010576857198281468
5761480994209806499,2021-10,0.0014069815215107028
5761480994209806499,2021-10,0.0010440525623619146
5761480994209806499,2021-10,0.0013503028987883036
5761480994209806499,2021-10,0.0036359086500756905
5761480994209806499,2021-10,0.001716719864392711
5761480994209806499,2021-10,0.0017858070715377466
5761480994209806499,2021-10,0.002696900357295135
5761480994209806499,2021-10,0.0022414750377631703
5761480994209806499,2021-10,0.002204243997485598
5761480994209806499,2021-10,0.002299944523174026
5761480994209806499,2021-10,0.002016150790084169
5761480994209806499,2021-11,0.002044601168534671
5761480994209806499,2021-11,0.0020715860753865493
5761480994209806499,2021-11,0.001957571848387036
5761480994209806499,2021-11,0.0019284987146366548
5761480994209806499,2021-11,0.0020221125695825707
5761480994209806499,2021-11,0.002014238116043854
5761480994209806499,2021-11,0.00195991770184968
5761480994209806499,2021-11,0.0012757620418054224
5761480994209806499,2021-11,0.0014273661665210125
5761480994209806499,2021-11,0.0013588685207629946
5761480994209806499,2021-11,0.0011535935312311538
5761480994209806499,2021-11,0.001183398310639232
5761480994209806499,2021-11,0.0013235864101437268
5761480994209806499,2021-11,0.0013138691588630161
5761480994209806499,2021-11,0.0009041478795241225
5761480994209806499,2021-11,0.00096451183465355
5761480994209806499,2021-11,0.0009234144368756247
984915269987074754,2021-10,0.0067965128973945365
984915269987074754,2021-10,0.006314217380929171
984915269987074754,2021-10,0.006910020535968051
984915269987074754,2021-10,0.0072889508396566365
984915269987074754,2021-11,0.03900878980361421
8698916565946744099,2021-10,0.29931212160145776
8015571584405428572,2021-10,0.03345463561027761
8015571584405428572,2021-11,0.02524279961335986
8529899700094903171,2021-10,0.003951426717104976
8529899700094903171,2021-10,0.004798246494502826
8529899700094903171,2021-10,0.004798246494502826
8529899700094903171,2021-10,0.004798246494502826
8529899700094903171,2021-10,0.005204859481875773
8529899700094903171,2021-10,0.004470808788878437
8529899700094903171,2021-10,0.004442808778001472
8529899700094903171,2021-10,0.004470808788878437
8529899700094903171,2021-10,0.004442808778001472
8529899700094903171,2021-11,0.00538128239708707
8529899700094903171,2021-11,0.006650612248800119
8529899700094903171,2021-11,0.006650612248800119
8529899700094903171,2021-11,0.006650612248800119
8529899700094903171,2021-11,0.006833545671693824
8529899700094903171,2021-11,0.006650612248800119
8529899700094903171,2021-11,0.005320915639953929
8529899700094903171,2021-11,0.005275450192954386
8529899700094903171,2021-11,0.005219170214194028
8529899700094903171,2021-11,0.005219170214194028
8529899700094903171,2021-11,0.005219170214194028
2119292203323657032,2021-10,0.004659280642631102
2119292203323657032,2021-10,0.004120834628014679
5462970244186515758,2021-10,0.003915085017563897
5462970244186515758,2021-10,0.003608309660515391
5462970244186515758,2021-10,0.0035632086414987634
5462970244186515758,2021-10,0.0058154341395940876
5462970244186515758,2021-10,0.007456137450909851
5462970244186515758,2021-10,0.016518743458260064
5462970244186515758,2021-10,0.009722253131357286
5462970244186515758,2021-11,0.007801750041552305
5462970244186515758,2021-11,0.032518891842709965
5462970244186515758,2021-11,0.008703397649394578
5462970244186515758,2021-11,0.005305270931836348
5462970244186515758,2021-11,0.004311877791608867
6964108750473070287,2021-10,0.002819691677206923
6964108750473070287,2021-10,0.0027950509113351747
6964108750473070287,2021-10,0.00273900135197019
6964108750473070287,2021-10,0.0027631493621748586
6964108750473070287,2021-10,0.0031429527819187104
6964108750473070287,2021-10,0.0031429527819187104
6964108750473070287,2021-10,0.006076761282185573
6964108750473070287,2021-10,0.006076761282185573
6964108750473070287,2021-10,0.0041137469947836675
6964108750473070287,2021-10,0.0037310918183619266
6964108750473070287,2021-10,0.004468782621507723
6964108750473070287,2021-10,0.004748686752143686
6964108750473070287,2021-11,0.0035196885351003637
6964108750473070287,2021-11,0.003471755837923264
6964108750473070287,2021-11,0.0035567545294534356
6964108750473070287,2021-11,0.003471755837923264
6964108750473070287,2021-11,0.003502341384269839
6964108750473070287,2021-11,0.0037835016626186963
6964108750473070287,2021-11,0.004092765132159835
6964108750473070287,2021-11,0.0037556332650697565
6964108750473070287,2021-11,0.004092765132159835
6964108750473070287,2021-11,0.00314818293445956
6964108750473070287,2021-11,0.003120680527667891
6964108750473070287,2021-11,0.00314818293445956
6964108750473070287,2021-11,0.003120680527667891
6964108750473070287,2021-11,0.0034266925674167007
6964108750473070287,2021-11,0.0034266925674167007
6964108750473070287,2021-11,0.0028176716173029543
6964108750473070287,2021-11,0.002793048454917479
6964108750473070287,2021-11,0.0031352571499457635
6964108750473070287,2021-11,0.0031078673102716056
6828316696355015040,2021-10,0.0068858224777621655
7206599058451025691,2021-10,0.011004709304561124
682352428813668634,2021-10,0.004810504877796054
682352428813668634,2021-10,0.004468130027692932
682352428813668634,2021-10,0.004658547256501064
682352428813668634,2021-10,0.011333246313006461
682352428813668634,2021-10,0.010831139425900133
682352428813668634,2021-11,0.007470086282329541
682352428813668634,2021-11,0.007470086282329541
682352428813668634,2021-11,0.008445331594963034
682352428813668634,2021-11,0.007513895564426376
682352428813668634,2021-11,0.006464092978583948
682352428813668634,2021-11,0.009071740249288628
682352428813668634,2021-11,0.006198685797103963
3829967475074118757,2021-10,0.4584480180904925
3829967475074118757,2021-10,0.46900441139845495
3829967475074118757,2021-10,0.4470326000002028
3829967475074118757,2021-11,0.44374699372694454
2726314736140152277,2021-10,0.6471745171329757
2726314736140152277,2021-10,0.6025253842466765
459290606780222306,2021-10,0.004095018378721314
459290606780222306,2021-10,0.003442664746909914
459290606780222306,2021-10,0.005435767642057042
459290606780222306,2021-10,0.006345158376999289
459290606780222306,2021-10,0.00605583103033603
459290606780222306,2021-10,0.006253082655961902
459290606780222306,2021-11,0.0038586642041341605
459290606780222306,2021-11,0.004839271478184391
459290606780222306,2021-11,0.002952777707612087
459290606780222306,2021-11,0.003985574436450345
459290606780222306,2021-11,0.003295586103176779
7141263195360679278,2021-10,0.04566416225021798
7141263195360679278,2021-10,0.0559520008808003
7141263195360679278,2021-10,0.0487111952380097
7141263195360679278,2021-10,0.04690377637588028
7141263195360679278,2021-10,0.051941708482519076
7141263195360679278,2021-10,0.05450323433185074
7141263195360679278,2021-11,0.05422759873554355
7141263195360679278,2021-11,0.08101481849615075
7141263195360679278,2021-11,0.055927568383674596
7141263195360679278,2021-11,0.06047089641499335
7910340581026492945,2021-10,0.003842894446427824
7910340581026492945,2021-10,0.00234223246985578
7910340581026492945,2021-10,0.0027441163228771417
7910340581026492945,2021-10,0.0044808877827317
7910340581026492945,2021-10,0.005796957784194283
7910340581026492945,2021-11,0.0031869393319229
7910340581026492945,2021-11,0.0022257230960277615
3690886209682028027,2021-10,0.008632172984596738
3690886209682028027,2021-10,0.010738699192926356
3690886209682028027,2021-11,0.011127711532322069
1579681122696922043,2021-10,0.029830509247264794
5057726374207815794,2021-10,0.05740238877271384
1661240395903230676,2021-10,0.02812893528744408
1661240395903230676,2021-11,0.032151286534611634
1661240395903230676,2021-11,0.02756703680738442
1661240395903230676,2021-11,0.02549205203492201
1661240395903230676,2021-11,0.028549853062257314
1661240395903230676,2021-11,0.0264385251301931
8079157452200263869,2021-10,0.797608903193551
1253437108265925705,2021-10,0.0031444196592327503
1253437108265925705,2021-10,0.0028520583802050968
1253437108265925705,2021-10,0.00336861675478448
1253437108265925705,2021-10,0.003832381398614457
1253437108265925705,2021-11,0.005609849445967839
1253437108265925705,2021-11,0.006642096859730375
4874157215501489741,2021-10,0.012931572435123787
4874157215501489741,2021-10,0.023485634788902178
4874157215501489741,2021-10,0.016015095716117034
4874157215501489741,2021-10,0.010421759147515409
4874157215501489741,2021-10,0.010421759147515409
4874157215501489741,2021-11,0.007121486197824222
4874157215501489741,2021-11,0.007776513289353675
3511416927745338332,2021-10,0.006891232170517357
3511416927745338332,2021-10,0.01663549239614464
3511416927745338332,2021-11,0.0045509640320140834
2773493808492482979,2021-10,0.007113403014356318
2773493808492482979,2021-10,0.009694166299695493
7451017400765373278,2021-10,0.0017202686330766222
7451017400765373278,2021-10,0.0015105159246753968
7451017400765373278,2021-10,0.0014138916549844775
7451017400765373278,2021-11,0.0016463912912455367
7451017400765373278,2021-11,0.0014171027623830915
7451017400765373278,2021-11,0.0012787236983345914
3979129042322937623,2021-10,0.0750720141587694
3979129042322937623,2021-10,0.06378975479605502
3979129042322937623,2021-10,0.07401791806151345
170089315547146305,2021-10,0.01331517933272242
170089315547146305,2021-10,0.02029834273433923
170089315547146305,2021-10,0.0372174938203928
170089315547146305,2021-11,0.02626018757412213
170089315547146305,2021-11,0.021919151528712766
170089315547146305,2021-11,0.016725862664268572
7325545718770538459,2021-10,0.0054796570561022285
7325545718770538459,2021-10,0.004619291038834232
7325545718770538459,2021-10,0.005018668928799318
7325545718770538459,2021-10,0.014539115012577533
7325545718770538459,2021-10,0.015307492351376328
7325545718770538459,2021-11,0.0052156502425376354
7325545718770538459,2021-11,0.004832660885680757
7325545718770538459,2021-11,0.004924751114557271
7325545718770538459,2021-11,0.004376702251802094
7325545718770538459,2021-11,0.0049086813122970075
7325545718770538459,2021-11,0.004816814292306944
7325545718770538459,2021-11,0.0049086813122970075
4972567100282306577,2021-10,0.020748026101029386
4972567100282306577,2021-10,0.024132569874635402
4972567100282306577,2021-10,0.01914120513261296
4972567100282306577,2021-10,0.019053901159507527
4972567100282306577,2021-11,0.013005356948398007
4972567100282306577,2021-11,0.01545506143487724
175003104385133396,2021-10,0.003718955609507454
175003104385133396,2021-11,0.005760606239650113
7398738404146260251,2021-10,0.007766511593449014
7398738404146260251,2021-11,0.037905871805847285
2658946240987854807,2021-10,0.003365277437243956
2658946240987854807,2021-11,0.0050211915004656155
2658946240987854807,2021-11,0.009674521832574386
2658946240987854807,2021-11,0.004952063236164523
2658946240987854807,2021-11,0.0044789506543171384
326257359176916767,2021-10,0.004743786249963505
8785648114090695180,2021-10,0.0059511252530065634
8785648114090695180,2021-11,0.012076575082140875
8785648114090695180,2021-11,0.007575392078647189
8784237149961904,2021-10,0.00440075310515459
8784237149961904,2021-10,0.004778185974540405
8784237149961904,2021-10,0.004543722811380596
8784237149961904,2021-10,0.004188593585138079
8784237149961904,2021-11,0.007253717067442906
8784237149961904,2021-11,0.00917073078868663
8784237149961904,2021-11,0.009039586374065725
8784237149961904,2021-11,0.00740657921224293
6759864637454708017,2021-10,0.009037086666947608
6759864637454708017,2021-10,0.01238631673582399
6759864637454708017,2021-10,0.012052719896382414
6759864637454708017,2021-10,0.012660648661158631
6759864637454708017,2021-10,0.01268442108546113
6759864637454708017,2021-11,0.008077820899927379
6759864637454708017,2021-11,0.00688003233023341
5694881483989656694,2021-10,0.002032334480587275
5694881483989656694,2021-10,0.0029611795257987934
5694881483989656694,2021-11,0.002586931450740489
5694881483989656694,2021-11,0.0027187601449013953
209314261782935157,2021-10,0.43741326368478334
2759416556905651870,2021-10,0.39781359662534205
2759416556905651870,2021-11,0.47840481601546636
2022367282554149730,2021-10,0.0031309334740349417
2022367282554149730,2021-10,0.003277236902075623
2022367282554149730,2021-10,0.0029607433140229835
2022367282554149730,2021-10,0.0022797108304863757
2022367282554149730,2021-10,0.002471341547311958
2022367282554149730,2021-11,0.004921269334178258
2022367282554149730,2021-11,0.004524168487240502
2022367282554149730,2021-11,0.004726433500968169
2022367282554149730,2021-11,0.002612919405314831
2022367282554149730,2021-11,0.002612919405314831
2022367282554149730,2021-11,0.002181341154521517
8173830874846355280,2021-10,0.010746191911190646
8173830874846355280,2021-10,0.010786340764742384
8173830874846355280,2021-10,0.010746191911190646
8173830874846355280,2021-10,0.011365979051911133
8173830874846355280,2021-10,0.011623974171261318
8173830874846355280,2021-10,0.014933116665203656
8173830874846355280,2021-10,0.013246695448297777
8173830874846355280,2021-10,0.013246695448297777
8173830874846355280,2021-10,0.01318872944425237
8173830874846355280,2021-10,0.013322267111413598
8173830874846355280,2021-11,0.00925634127272113
8173830874846355280,2021-11,0.00972802688340619
8173830874846355280,2021-11,0.009204988660242365
8173830874846355280,2021-11,0.04253479672595649
8173830874846355280,2021-11,0.007104773375817037
8173830874846355280,2021-11,0.008975061218334504
8173830874846355280,2021-11,0.007523489758501001
8173830874846355280,2021-11,0.0070659174867363506
8173830874846355280,2021-11,0.005790963013521149
8173830874846355280,2021-11,0.006121413834158547
8173830874846355280,2021-11,0.005790963013521149
8173830874846355280,2021-11,0.006877394995423595
8173830874846355280,2021-11,0.0070038119199391895
8173830874846355280,2021-11,0.006771484627863196
8173830874846355280,2021-11,0.00664923306872504
8173830874846355280,2021-11,0.00664923306872504
3382624494518753363,2021-10,0.3052885505719612
3382624494518753363,2021-10,0.39443200990024596
3382624494518753363,2021-11,0.27492993160089124
3382624494518753363,2021-11,0.19507982430425785
3382624494518753363,2021-11,0.2742238805522483
2123312420728961012,2021-10,0.015365607480896356
2123312420728961012,2021-10,0.014272351346469331
2123312420728961012,2021-10,0.015495894423409408
5082813456193598086,2021-10,0.005458617843726534
5082813456193598086,2021-10,0.005820118486139916
5082813456193598086,2021-10,0.005820118486139916
3279078057358159966,2021-10,0.07998098468279427
4334472256949955221,2021-10,0.0032011746772684564
4334472256949955221,2021-10,0.0032809199880971117
4334472256949955221,2021-10,0.006517362760935765
4334472256949955221,2021-10,0.006122009725521679
4334472256949955221,2021-11,0.05032558982004969
4334472256949955221,2021-11,0.006705177016804897
4347826483121154490,2021-10,0.001836904743203822
4347826483121154490,2021-10,0.0020286332257156087
4347826483121154490,2021-10,0.0038306151144654977
4347826483121154490,2021-10,0.003651040487980322
4347826483121154490,2021-11,0.003944709242238986
4347826483121154490,2021-11,0.0037800048564628308
4347826483121154490,2021-11,0.0037195172121332405
4347826483121154490,2021-11,0.0037800048564628308
4347826483121154490,2021-11,0.0020322198658640988
819552547620904652,2021-10,0.14975316067871208
819552547620904652,2021-10,0.15660411131168936
819552547620904652,2021-10,0.15086852625931194
819552547620904652,2021-10,0.15346269067066096
819552547620904652,2021-11,0.14653596033065616
8596605705893456305,2021-10,0.40941643056749516
8596605705893456305,2021-10,0.40124482916689413
8596605705893456305,2021-10,0.5201233795456226
8596605705893456305,2021-11,0.42091091878890774
8596605705893456305,2021-11,0.24974184074857733
8919892162361650175,2021-10,0.05264306002798526
8919892162361650175,2021-10,0.05250108973652127
8919892162361650175,2021-10,0.06255310617383769
8919892162361650175,2021-11,0.06414034998281483
8919892162361650175,2021-11,0.06417060669560996
2033394215069562776,2021-10,0.007325323621993923
2033394215069562776,2021-10,0.015370730184332953
2033394215069562776,2021-11,0.01101638552878481
2033394215069562776,2021-11,0.009693444237717971
2033394215069562776,2021-11,0.005774017685469555
1069093308328204542,2021-10,0.007046508577320009
1069093308328204542,2021-10,0.010301194512331963
3941676647656952109,2021-10,0.506743050375463
3941676647656952109,2021-10,0.48067287977527645
3941676647656952109,2021-11,0.25651285579802907
3941676647656952109,2021-11,0.2613019444199937
3941676647656952109,2021-11,0.21285255685113655
2451708306555441014,2021-10,0.0072035282801831335
2451708306555441014,2021-11,0.008789549438519855
3812760626052898456,2021-10,0.0029014631641289487
3812760626052898456,2021-11,0.004947686392083471
1366416810235233769,2021-10,0.004303482969981325
1366416810235233769,2021-10,0.003984066547601291
1366416810235233769,2021-10,0.004061538450847315
1366416810235233769,2021-11,0.047980876076417066
1366416810235233769,2021-11,0.0030363006884363765
2302464746243069589,2021-10,0.003163583557227003
2302464746243069589,2021-10,0.008372786962962082
2302464746243069589,2021-11,0.005284279110777665
4850722092974676955,2021-10,0.027581529932985176
6367769402148499693,2021-10,0.0036083700802352387
6367769402148499693,2021-10,0.00514871401308595
6367769402148499693,2021-11,0.004691960940620139
4935929591787890253,2021-10,0.010811311081474349
4935929591787890253,2021-10,0.011594038150449508
4935929591787890253,2021-11,0.020513162770254962
4935929591787890253,2021-11,0.008612180026007459
314309872114206760,2021-10,0.05676133250053147
5369576709077493659,2021-10,0.016295607864090744
5369576709077493659,2021-10,0.06311205737779908
5369576709077493659,2021-11,0.0649812726150201
5369576709077493659,2021-11,0.02081108210629364
5369576709077493659,2021-11,0.020141563696991167
5810778736737569699,2021-10,0.014005222188824329
5810778736737569699,2021-10,0.01366161190599637
5810778736737569699,2021-11,0.013777807274225284
5810778736737569699,2021-11,0.01937599211468366
1088521227159442264,2021-10,0.010157022051352776
1088521227159442264,2021-10,0.010806514329220938
1088521227159442264,2021-10,0.01246054025206952
1088521227159442264,2021-10,0.019160336332251067
1088521227159442264,2021-11,0.011832966323330835
1088521227159442264,2021-11,0.014168786840091546
1088521227159442264,2021-11,0.234225831126561
1088521227159442264,2021-11,0.013494240890016563
6518776090651183119,2021-10,0.8371811235695849
1551531256789550891,2021-10,0.00572320095109306
1551531256789550891,2021-10,0.01476676523167987
1551531256789550891,2021-11,0.006775405361412803
2083323809219952960,2021-10,0.010067223296527875
2083323809219952960,2021-10,0.004924335950473181
2083323809219952960,2021-10,0.005095635797243034
2083323809219952960,2021-10,0.004534525454552164
2083323809219952960,2021-11,0.004174691268432213
2083323809219952960,2021-11,0.003800000306461576
2083323809219952960,2021-11,0.004697605597012034
2083323809219952960,2021-11,0.004049115417530273
1292049196559782171,2021-10,0.0026768345615750862
1292049196559782171,2021-10,0.0024146513011408743
1292049196559782171,2021-10,0.002847741885766239
1292049196559782171,2021-10,0.0025574909894749767
1292049196559782171,2021-10,0.0046114107730890665
1292049196559782171,2021-10,0.006333317756292359
1292049196559782171,2021-11,0.004103912551222098
1292049196559782171,2021-11,0.004054628226183764
1292049196559782171,2021-11,0.004661507952986713
1292049196559782171,2021-11,0.004010533315184947
1292049196559782171,2021-11,0.0027118578048513065
3591324331706630867,2021-10,0.03889377478289889
3591324331706630867,2021-10,0.08150365702801936
3591324331706630867,2021-11,0.03459947867264059
2382123267535341265,2021-10,0.009648350273548146
8609938720215175911,2021-10,0.00979989859967352
8609938720215175911,2021-10,0.010341933995314466
8609938720215175911,2021-10,0.01184455550504538
8609938720215175911,2021-10,0.027587327310863195
8609938720215175911,2021-11,0.011282150086996491
8609938720215175911,2021-11,0.014292266550218945
8609938720215175911,2021-11,0.011823259663080999
8609938720215175911,2021-11,0.22530387346454356
8609938720215175911,2021-11,0.008969334918630405
2808145376905474927,2021-10,0.1117172629702564
2808145376905474927,2021-11,0.10523849455442703
2808145376905474927,2021-11,0.07415861073893013
7750874287225529604,2021-10,0.012253617462471016
7750874287225529604,2021-10,0.04034052301442723
7750874287225529604,2021-10,0.029456542932371346
7750874287225529604,2021-11,0.014774015295636015
7750874287225529604,2021-11,0.010752139696072537
6969348581033924947,2021-10,0.006093169860246885
6969348581033924947,2021-10,0.00837109766406438
6969348581033924947,2021-10,0.009590112528599662
6969348581033924947,2021-10,0.009710730154233621
6969348581033924947,2021-10,0.010502198696881045
6969348581033924947,2021-11,0.005010238245877278
6969348581033924947,2021-11,0.005868298782167329
6969348581033924947,2021-11,0.005868298782167329
6969348581033924947,2021-11,0.006389903012011497
6969348581033924947,2021-11,0.006499897005108987
5931905128207886847,2021-10,0.1410072332822539
8252215766413781202,2021-10,0.05456135319233861
2645324649046215594,2021-10,0.006431776762939525
2645324649046215594,2021-10,0.007348321672948135
2645324649046215594,2021-10,0.007976421221116555
2645324649046215594,2021-10,0.00768761470320195
2645324649046215594,2021-11,0.007362065621029516
2645324649046215594,2021-11,0.007968853214656115
2645324649046215594,2021-11,0.005459167993908205
2645324649046215594,2021-11,0.005197858770413644
2645324649046215594,2021-11,0.006312723020340574
6916556752218696485,2021-10,0.00425209348891782
6916556752218696485,2021-10,0.004445290679705904
6916556752218696485,2021-10,0.004445290679705904
6916556752218696485,2021-10,0.004589212585378435
6916556752218696485,2021-10,0.005435565265829017
6916556752218696485,2021-10,0.005061020638816783
6916556752218696485,2021-10,0.008208300111055021
6916556752218696485,2021-10,0.009201235615275452
6916556752218696485,2021-10,0.008068625485593228
6916556752218696485,2021-10,0.006476313429572239
6916556752218696485,2021-11,0.24735299977136982
6916556752218696485,2021-11,0.007846903367199126
6916556752218696485,2021-11,0.007369504775997948
6916556752218696485,2021-11,0.007369504775997948
6916556752218696485,2021-11,0.004812117496711358
6916556752218696485,2021-11,0.005691830815551829
6916556752218696485,2021-11,0.004661577243701394
6916556752218696485,2021-11,0.004193030794910632
4210463673385510745,2021-10,0.034805765053568194
4210463673385510745,2021-10,0.046088536634193364
4210463673385510745,2021-11,0.8595838326018266
4210463673385510745,2021-11,0.030637732044652786
4210463673385510745,2021-11,0.033756153551640584
4679462479444735708,2021-10,0.002566143952206813
4679462479444735708,2021-10,0.27176946004808605
4679462479444735708,2021-10,0.0027186567208472606
4679462479444735708,2021-11,0.0060604894755700665
4679462479444735708,2021-11,0.0060604894755700665
4237135112070444140,2021-10,0.021277308220308374
4237135112070444140,2021-10,0.01965012466882461
4237135112070444140,2021-11,0.014732731857656596
7177785309735471560,2021-10,0.0033508103348932165
7177785309735471560,2021-10,0.004274774070432765
7177785309735471560,2021-10,0.0072700878526793375
7177785309735471560,2021-10,0.007098131126118746
7177785309735471560,2021-11,0.006577006407438676
7177785309735471560,2021-11,0.00805219893629977
7177785309735471560,2021-11,0.0038850548155086855
1097345589386012260,2021-10,0.007273272300044522
1097345589386012260,2021-10,0.007446731109804455
1097345589386012260,2021-11,0.00432315332403684
1097345589386012260,2021-11,0.005006261486106147
8385636129786687263,2021-10,0.007463190779999184
8385636129786687263,2021-10,0.004455371776564814
8385636129786687263,2021-11,0.005240502512329644
873223039957991123,2021-10,0.016393955722597914
8313765100460016738,2021-10,0.2536903451877136
8313765100460016738,2021-10,0.3034928849297304
8313765100460016738,2021-10,0.8495003120598767
8313765100460016738,2021-10,0.3068717636694152
8313765100460016738,2021-11,0.30814502273188465
8163895533020293251,2021-10,0.4734689779086058
8163895533020293251,2021-10,0.4516012567188169
8163895533020293251,2021-11,0.4625144337880915
8163895533020293251,2021-11,0.5361305296304182
7930925883736021864,2021-10,0.00927246042466987
7930925883736021864,2021-10,0.0028644579204088975
7930925883736021864,2021-10,0.003214986108158219
7930925883736021864,2021-10,0.0028810646401839293
7930925883736021864,2021-10,0.0028810646401839293
7930925883736021864,2021-10,0.003764754323524448
7930925883736021864,2021-10,0.006425796937550501
7930925883736021864,2021-10,0.007432469199676154
7930925883736021864,2021-10,0.006330344712183379
7930925883736021864,2021-11,0.03289807347705174
7930925883736021864,2021-11,0.00648433117220402
7930925883736021864,2021-11,0.006188053502154954
7930925883736021864,2021-11,0.006441633209813134
7930925883736021864,2021-11,0.00442796366498731
7930925883736021864,2021-11,0.0057682909392379736
7930925883736021864,2021-11,0.004450354704101812
7930925883736021864,2021-11,0.004933037325641835
7930925883736021864,2021-11,0.006125009413339774
5577659616907513811,2021-10,0.25598454912268953
5577659616907513811,2021-11,0.04609752469686557
5577659616907513811,2021-11,0.07965375207114411
2771214050521171719,2021-10,0.0038173878064154507
2771214050521171719,2021-11,0.006485343338950862
2771214050521171719,2021-11,0.0063128982427703385
2771214050521171719,2021-11,0.004570387190491266
824632039241482307,2021-10,0.015163555468390138
4071158585850879204,2021-10,0.014514468614391368
4071158585850879204,2021-10,0.017724660021042362
4071158585850879204,2021-11,0.07785885887205458
4071158585850879204,2021-11,0.024001678022038272
4071158585850879204,2021-11,0.023486526339803856
4071158585850879204,2021-11,0.02552899441275234
6486277549325701534,2021-10,0.0052983775909376885
6486277549325701534,2021-11,0.0042305272703611
4995217181024687397,2021-10,0.005030391503202075
4995217181024687397,2021-10,0.004823274146820672
4995217181024687397,2021-11,0.006705943267033694
4995217181024687397,2021-11,0.0054839575293395455
2870813069335519467,2021-10,0.006749917881318661
340285351737204923,2021-10,0.07391226882170818
340285351737204923,2021-10,0.07731308005577489
340285351737204923,2021-10,0.07529261090731879
8287608084245946173,2021-10,0.00553172462420565
8287608084245946173,2021-10,0.006462783079559983
8287608084245946173,2021-10,0.005507651649464609
8287608084245946173,2021-10,0.010152655820324763
8287608084245946173,2021-11,0.010896324726062476
8287608084245946173,2021-11,0.010896324726062476
8287608084245946173,2021-11,0.010891722428969791
8287608084245946173,2021-11,0.007293848776191786
1977574645216036803,2021-10,0.2616361357444281
1977574645216036803,2021-11,0.2868446885792713
1977574645216036803,2021-11,0.289977130587864
4571290108043699959,2021-10,0.002461396075199174
4571290108043699959,2021-10,0.0020138992320225466
4571290108043699959,2021-11,0.00381683835448135
4571290108043699959,2021-11,0.044068501454442466
4571290108043699959,2021-11,0.003554975102470181
4571290108043699959,2021-11,0.0024854382644371293
4571290108043699959,2021-11,0.0024430100472161804
3095686599956852697,2021-10,0.002799122592138806
3095686599956852697,2021-10,0.007019910514129611
3095686599956852697,2021-11,0.006498010852441053
3095686599956852697,2021-11,0.0031400382895262866
4593070249039532001,2021-10,0.004521139389395312
4593070249039532001,2021-11,0.003595946957073764
4593070249039532001,2021-11,0.0045723270099588004
4045739494965095560,2021-10,0.0024239841131916654
4045739494965095560,2021-10,0.002855665847072191
4045739494965095560,2021-10,0.0027201564162805175
4045739494965095560,2021-10,0.005827072802415508
4045739494965095560,2021-10,0.00522429014970099
4045739494965095560,2021-11,0.004532864512161258
4045739494965095560,2021-11,0.004768862240093025
4045739494965095560,2021-11,0.0043649701278593855
4045739494965095560,2021-11,0.0036498309354468963
4045739494965095560,2021-11,0.003871854738195944
4045739494965095560,2021-11,0.00414914288744462
4045739494965095560,2021-11,0.0023203046780790213
7085295800541340563,2021-10,0.0018520042291373308
7085295800541340563,2021-10,0.004089223922511184
7085295800541340563,2021-10,0.005750030605796435
7085295800541340563,2021-10,0.003199467503792403
7085295800541340563,2021-10,0.006090806158841141
7085295800541340563,2021-10,0.004305824805909449
7085295800541340563,2021-11,0.005492770586387903
7085295800541340563,2021-11,0.0030193461033390227
7085295800541340563,2021-11,0.0030193461033390227
6238903426443761049,2021-10,0.005611499050670032
6238903426443761049,2021-10,0.005571801490121025
6238903426443761049,2021-10,0.006576847825857478
6238903426443761049,2021-10,0.006272222785111089
6238903426443761049,2021-10,0.006960127987468739
6238903426443761049,2021-10,0.010791358988067776
6238903426443761049,2021-10,0.012614354642943217
6238903426443761049,2021-11,0.011145823916995465
6238903426443761049,2021-11,0.009665252463497594
6238903426443761049,2021-11,0.007409863107664378
8826489829259520138,2021-10,0.0026408558025244585
8826489829259520138,2021-11,0.006238447866247221
8826489829259520138,2021-11,0.02892769417989859
8826489829259520138,2021-11,0.004376592606712123
5166128847048245697,2021-10,0.024112145212621044
5166128847048245697,2021-10,0.011643234725156305
5166128847048245697,2021-10,0.02914098017806392
5166128847048245697,2021-11,0.029544066731036926
5166128847048245697,2021-11,0.030010736617998166
4465150716052427320,2021-10,0.010685407529738842
4465150716052427320,2021-11,0.010356691708982738
4465150716052427320,2021-11,0.011103560055030128
4465150716052427320,2021-11,0.009210415971888968
7595945751692012281,2021-10,0.005142646274397364
7595945751692012281,2021-10,0.005386487619058855
2493305884832539159,2021-10,0.11969512355201668
2493305884832539159,2021-10,0.12792110794859068
324916756972236008,2021-10,0.01650325877294393
324916756972236008,2021-10,0.006379382402210965
324916756972236008,2021-10,0.006640632267553656
324916756972236008,2021-10,0.015157357788541236
324916756972236008,2021-10,0.010624295939827633
324916756972236008,2021-11,0.010662108899415214
324916756972236008,2021-11,0.010975380884355412
8994944800097997361,2021-10,0.08462610005190772
8994944800097997361,2021-11,0.13969001304055434
8994944800097997361,2021-11,0.10517122226706717
8706851346184249504,2021-10,0.0022993153546366062
8706851346184249504,2021-10,0.0022936074075681793
8706851346184249504,2021-11,0.005164450608572073
8706851346184249504,2021-11,0.003917645943584283
3713742318997880410,2021-10,0.0032085158253242142
3713742318997880410,2021-10,0.005199408729553876
1708019696828098378,2021-10,0.5212950726145981
1708019696828098378,2021-10,0.5540919742990826
1708019696828098378,2021-11,0.37943710995151336
3022528659032597047,2021-10,0.0032242884620009584
3022528659032597047,2021-10,0.01170759307952721
3022528659032597047,2021-11,0.00536112528572133
3022528659032597047,2021-11,0.008665503858093341
7708030042671632236,2021-10,0.01039553467901415
7708030042671632236,2021-10,0.004824305942312471
7708030042671632236,2021-10,0.00564055051480385
5440313607363845188,2021-10,0.002582798036025507
5440313607363845188,2021-11,0.00399378878875234
5383359512938607117,2021-10,0.00878633347491244
3263212305228307743,2021-10,0.002489410765015172
3263212305228307743,2021-11,0.005280612545732734
3263212305228307743,2021-11,0.005159657607853263
2598475569074240783,2021-10,0.005167744152148048
2598475569074240783,2021-10,0.011146747334369333
2598475569074240783,2021-11,0.00862284508920459
1617695035450525647,2021-10,0.002492578122159305
1617695035450525647,2021-10,0.002498779994159755
1617695035450525647,2021-10,0.0028559813488988036
1617695035450525647,2021-10,0.00806514843199689
1617695035450525647,2021-10,0.009108859092497108
1617695035450525647,2021-10,0.01130162176033659
1617695035450525647,2021-11,0.0024994910049541503
3634047863995720708,2021-10,0.01075202811834216
3634047863995720708,2021-10,0.008900573422500982
1951407691087813358,2021-10,0.003169745880722962
1951407691087813358,2021-11,0.004164837344163548
1951407691087813358,2021-11,0.003860141289169562
6817075905797098547,2021-10,0.028626889812791895
6817075905797098547,2021-10,0.030562628526167725
6817075905797098547,2021-10,0.029984939840091228
6817075905797098547,2021-11,0.045418939149010934
644457054514416604,2021-10,0.14940945860140697
472772897496154354,2021-10,0.002882230154834664
472772897496154354,2021-11,0.003243050315066042
2550506309527280168,2021-10,0.013785969748430561
6681781879793693802,2021-10,0.00313032643042151
6681781879793693802,2021-11,0.004284434937147423
4008627434689715639,2021-10,0.1626864734774031
4008627434689715639,2021-11,0.2879192704807097
5753677550753111444,2021-10,0.0028029826650589514
5753677550753111444,2021-10,0.003752527697934153
5753677550753111444,2021-10,0.0030768190069721205
5753677550753111444,2021-10,0.004900012926168591
5753677550753111444,2021-11,0.0060079254332125
6198047969028248384,2021-10,0.004260499762719307
6198047969028248384,2021-10,0.0034091749583556015
6198047969028248384,2021-11,0.006286972807351195
924957821424248698,2021-10,0.003991350723022349
924957821424248698,2021-10,0.004074260212471022
924957821424248698,2021-10,0.004498761483956616
924957821424248698,2021-11,0.005846461521061438
924957821424248698,2021-11,0.004827037656404781
1003144834589372198,2021-10,0.003370276280228476
1003144834589372198,2021-10,0.003696461232012591
1003144834589372198,2021-10,0.005947534518501179
1003144834589372198,2021-10,0.013628247486897505
1003144834589372198,2021-10,0.012804006222267466
1003144834589372198,2021-10,0.012855437261666871
1003144834589372198,2021-11,0.006725378861228878
1003144834589372198,2021-11,0.0060976432641731675
1003144834589372198,2021-11,0.006000292142307992
1003144834589372198,2021-11,0.007947591880823371
1003144834589372198,2021-11,0.0059205958338281765
1003144834589372198,2021-11,0.0034267121323972275
1003144834589372198,2021-11,0.0034128723915033037
1003144834589372198,2021-11,0.0034589504076389284
6858769421191999702,2021-10,0.0016152668547322186
6858769421191999702,2021-11,0.0029483402749500014
7707459425750676368,2021-10,0.6772483436566958
1467843186411742274,2021-10,0.024415307666720586
1467843186411742274,2021-11,0.02732570470171889
1467843186411742274,2021-11,0.02338025489395129
2006188298374001315,2021-10,0.008273499462445502
2006188298374001315,2021-11,0.005361827914381997
8512214463586144353,2021-10,0.0038874332373778466
8512214463586144353,2021-10,0.008654044285130493
8512214463586144353,2021-11,0.006383138481022765
8512214463586144353,2021-11,0.005530052051920016
1477629972594346481,2021-10,0.01727056469473292
1477629972594346481,2021-11,0.014939048859438841
1477629972594346481,2021-11,0.015100857619356452
3660744270380078352,2021-10,0.04878444116459163
3660744270380078352,2021-10,0.02368607528487913
3660744270380078352,2021-11,0.024154680598771155
3660744270380078352,2021-11,0.023411857766308893
3660744270380078352,2021-11,0.050225311598282536
3660744270380078352,2021-11,0.09540658946937723
417157680860985231,2021-10,0.0019350831326563269
417157680860985231,2021-10,0.09448689513842413
417157680860985231,2021-10,0.0020921429379135137
417157680860985231,2021-10,0.003776792195885893
417157680860985231,2021-10,0.008364956022873371
417157680860985231,2021-10,0.004329393143313121
417157680860985231,2021-11,0.0030834247542867784
417157680860985231,2021-11,0.003061986586390646
417157680860985231,2021-11,0.0022678863800488745
417157680860985231,2021-11,0.0022553610776004356
524026009392362402,2021-10,0.2224530445181659
8348574220426911086,2021-10,0.007088625762104465
8348574220426911086,2021-10,0.010902508210341407
8348574220426911086,2021-10,0.01101722651082843
8348574220426911086,2021-10,0.023415620540302058
8348574220426911086,2021-11,0.007412147720721197
187117706370645370,2021-10,0.05415357854867888
187117706370645370,2021-10,0.06065813329519167
187117706370645370,2021-10,0.030145159718078428
187117706370645370,2021-11,0.058630794322068164
187117706370645370,2021-11,0.18264814755614428
187117706370645370,2021-11,0.029223890878425005
187117706370645370,2021-11,0.05601050531758769
8255085612985072878,2021-10,0.007637427331788782
8255085612985072878,2021-11,0.01285764921521871
8255085612985072878,2021-11,0.009552943894343677
8343941262792249232,2021-10,0.03555341393647327
8343941262792249232,2021-10,0.037370237985635484
8343941262792249232,2021-10,0.037370237985635484
8343941262792249232,2021-10,0.033140235313852996
8343941262792249232,2021-11,0.03761898801335955
3977861004707764824,2021-10,0.02159586512569192
3977861004707764824,2021-10,0.01123142049681032
3977861004707764824,2021-10,0.012760984681016793
3977861004707764824,2021-10,0.013171870191689777
3977861004707764824,2021-10,0.013022895959363385
3977861004707764824,2021-10,0.013351178124044913
3977861004707764824,2021-10,0.020391999944769843
3977861004707764824,2021-10,0.015659741033072064
3977861004707764824,2021-10,0.01579680285189634
3977861004707764824,2021-11,0.012648570170505271
3977861004707764824,2021-11,0.014212062041613092
3977861004707764824,2021-11,0.01806305695000042
3977861004707764824,2021-11,0.014195423150337167
3977861004707764824,2021-11,0.01615324796181027
3977861004707764824,2021-11,0.012359141108032077
3977861004707764824,2021-11,0.010776355784339758
7458891296671174680,2021-10,0.06846209455797803
7458891296671174680,2021-10,0.07055954092556672
2371917341091102894,2021-10,0.05123161030573164
2371917341091102894,2021-10,0.04885720937894315
2371917341091102894,2021-10,0.021323085672070665
465309249432033993,2021-10,0.01333546105438411
465309249432033993,2021-10,0.008622739000977247
465309249432033993,2021-10,0.009537382221132212
465309249432033993,2021-11,0.010747844905660385
465309249432033993,2021-11,0.00925957945876634
465309249432033993,2021-11,0.010725612410029547
465309249432033993,2021-11,0.01160955167723011
1717812527056208209,2021-10,0.26442538778679214
1717812527056208209,2021-11,0.1963974625741255
3629889536335411116,2021-10,0.006430494433112074
2408009918678280470,2021-10,0.0035018950078834956
2408009918678280470,2021-10,0.0036873914548078445
2408009918678280470,2021-10,0.0037217751755581094
2408009918678280470,2021-10,0.010205897884593942
2408009918678280470,2021-10,0.004427086458660324
2408009918678280470,2021-10,0.0068398553901816974
2408009918678280470,2021-11,0.006123607289195239
2408009918678280470,2021-11,0.006551549473649513
2408009918678280470,2021-11,0.0075574580121992845
2408009918678280470,2021-11,0.00501267460077459
5883155883105348987,2021-10,0.032188140878521475
5883155883105348987,2021-10,0.01956633219153464
5883155883105348987,2021-10,0.027998693115349103
5883155883105348987,2021-10,0.11709353337103505
5883155883105348987,2021-10,0.020911219418288857
5883155883105348987,2021-10,0.0308013871285338
5883155883105348987,2021-10,0.02994800899413388
5883155883105348987,2021-10,0.03618263794100274
5883155883105348987,2021-11,0.10767068078056902
5883155883105348987,2021-11,0.029250284406347124
5883155883105348987,2021-11,0.027191932387863646
5883155883105348987,2021-11,0.053155915783506445
5883155883105348987,2021-11,0.013996032170412488
5883155883105348987,2021-11,0.013406968089631766
5883155883105348987,2021-11,0.0243888300953111
5883155883105348987,2021-11,0.020097749731516824
5883155883105348987,2021-11,0.20756415504730022
2619109825960703851,2021-10,0.01477353512392413
2619109825960703851,2021-10,0.01633883131964208
2619109825960703851,2021-11,0.01554014975252731
2619109825960703851,2021-11,0.014606439804211883
2619109825960703851,2021-11,0.014425357681924262
2619109825960703851,2021-11,0.016695148337231697
8729164666041467296,2021-10,0.02831085881148719
3472934456083131714,2021-10,0.29816145990977827
3472934456083131714,2021-10,0.00606110336338026
3472934456083131714,2021-11,0.01731834049250108
6546850858912852316,2021-10,0.38024598090161754
6546850858912852316,2021-10,0.13419209803518803
2397171153213063761,2021-10,0.0029022478294278412
2397171153213063761,2021-10,0.0033320462452420966
2397171153213063761,2021-10,0.00714978440767619
2397171153213063761,2021-11,0.004981936055874539
2397171153213063761,2021-11,0.005924996382402825
2397171153213063761,2021-11,0.005711947456214407
2397171153213063761,2021-11,0.003525603098692434
2397171153213063761,2021-11,0.0059435350264388995
2397171153213063761,2021-11,0.0024311257101292173
1044568737046072781,2021-10,0.01838881688436881
1044568737046072781,2021-10,0.020230026465547016
1044568737046072781,2021-10,0.0441336007159433
1044568737046072781,2021-11,0.026297651052347482
1044568737046072781,2021-11,0.04948121537510879
5306165689101138983,2021-10,0.009609224619917762
8733525963966339207,2021-10,0.24802791110475506
8733525963966339207,2021-10,0.2417977593326348
8733525963966339207,2021-10,0.27839662078868394
8733525963966339207,2021-11,0.721344940840091
3137879241768961145,2021-10,0.0030801052459262916
3137879241768961145,2021-10,0.0031981654771216666
3137879241768961145,2021-10,0.0094669222676527
3137879241768961145,2021-11,0.005405868981198991
3137879241768961145,2021-11,0.005584283371387007
6122719618012473549,2021-10,0.005176552170533411
6122719618012473549,2021-11,0.0023825546697320917
6122719618012473549,2021-11,0.0023825546697320917
8901696535927078963,2021-10,0.007549362186221795
8901696535927078963,2021-10,0.007763022040315031
8901696535927078963,2021-10,0.009787185685487353
8901696535927078963,2021-11,0.12012383918388352
8901696535927078963,2021-11,0.008092858689713383
8901696535927078963,2021-11,0.005004714786160482
8724731934863284019,2021-10,0.007391514406801952
8724731934863284019,2021-10,0.007327557271308086
8724731934863284019,2021-10,0.007696501840719887
8724731934863284019,2021-11,0.01169877174128736
8724731934863284019,2021-11,0.20245092434422512
8724731934863284019,2021-11,0.011559338582098155
8724731934863284019,2021-11,0.0170866695666423
4335865859049992260,2021-10,0.0024800373276780627
4335865859049992260,2021-10,0.002410724937279504
4335865859049992260,2021-10,0.00298217942120176
4335865859049992260,2021-10,0.0025500978543803884
4335865859049992260,2021-11,0.005122725314032377
4335865859049992260,2021-11,0.0051910821068444045
4335865859049992260,2021-11,0.0034184557867265636
5999145415800242177,2021-10,0.007607791781871441
5999145415800242177,2021-10,0.014143725730982291
5999145415800242177,2021-11,0.009960712103213129
5999145415800242177,2021-11,0.00922103315859831
5999145415800242177,2021-11,0.011153698612261335
8213533889694327948,2021-10,0.003736009037129766
8213533889694327948,2021-10,0.0027669201209682475
8213533889694327948,2021-10,0.0054627614094809275
8213533889694327948,2021-10,0.004906418556761966
8213533889694327948,2021-11,0.006843753912247305
8213533889694327948,2021-11,0.0026044859290812634
8213533889694327948,2021-11,0.0032115582302055952
8213533889694327948,2021-11,0.0025143912391861457
8213533889694327948,2021-11,0.003896965652642768
6721448955097663572,2021-10,0.005831549119757975
6721448955097663572,2021-10,0.00673469140240591
6721448955097663572,2021-10,0.008325982955497854
6721448955097663572,2021-10,0.010376539313787759
6721448955097663572,2021-10,0.0109727669646372
6721448955097663572,2021-11,0.006875933015979945
5263285038415073073,2021-10,0.310244911388822
5263285038415073073,2021-10,0.13618574680908152
3036967290595689189,2021-10,0.001476688861097344
1192891347324061812,2021-10,0.004814385619445075
1192891347324061812,2021-10,0.0045170158329664424
1192891347324061812,2021-10,0.0037745757644650243
1192891347324061812,2021-10,0.005928409101588481
1192891347324061812,2021-10,0.006028297808979625
1192891347324061812,2021-10,0.006730873928864779
1192891347324061812,2021-11,0.007601360033525128
1192891347324061812,2021-11,0.007601360033525128
1192891347324061812,2021-11,0.006681637954367592
1192891347324061812,2021-11,0.007361919709693599
1192891347324061812,2021-11,0.00676208746954353
1192891347324061812,2021-11,0.0076200284409004455
1192891347324061812,2021-11,0.004291105864565453
5048392903148444335,2021-10,0.025903842448130262
5048392903148444335,2021-11,0.02669684868727421
1276604410881911401,2021-10,0.017757688375191965
1276604410881911401,2021-10,0.027248837042444747
1276604410881911401,2021-10,0.16396975866531008
1276604410881911401,2021-10,0.026209100188715227
1276604410881911401,2021-10,0.027248837042444747
1276604410881911401,2021-11,0.020290619092588905
1276604410881911401,2021-11,0.020831489293342515
1276604410881911401,2021-11,0.017824941523228176
1329553496073467331,2021-10,0.006780852609363168
8779038337925278543,2021-10,0.004167395922417214
761746217261797478,2021-10,0.0022950328964814904
761746217261797478,2021-10,0.008798169090030783
761746217261797478,2021-11,0.005014451658113948
761746217261797478,2021-11,0.0022196567086268638
2983174282784691273,2021-10,0.0044052453414810755
2983174282784691273,2021-10,0.004440320874731463
2983174282784691273,2021-10,0.006771657612866823
2983174282784691273,2021-11,0.12088812963403417
5122095358293179297,2021-10,0.0028894651870953626
5122095358293179297,2021-10,0.0030965658678619315
5122095358293179297,2021-11,0.0076813823001057125
5122095358293179297,2021-11,0.026537737540076937
5122095358293179297,2021-11,0.009454946831323197
3480297543931395935,2021-10,0.10200547982959317
3480297543931395935,2021-10,0.09278189227184014
5058298901476893676,2021-10,0.03589304813080605
5058298901476893676,2021-11,0.010812089203030164
5058298901476893676,2021-11,0.010147215634612398
8464809590757561185,2021-10,0.004051871797766307
8464809590757561185,2021-10,0.005293321319107672
8464809590757561185,2021-10,0.0060236824025145415
8464809590757561185,2021-10,0.0060236824025145415
8464809590757561185,2021-11,0.0073128591733140095
8464809590757561185,2021-11,0.12848312044355684
8464809590757561185,2021-11,0.008060048547738513
8464809590757561185,2021-11,0.0056410793247523615
6941381638534728190,2021-10,0.002045055387775997
6941381638534728190,2021-11,0.017269920802806545
6941381638534728190,2021-11,0.0059388059458743755
6941381638534728190,2021-11,0.005150843475163529
6941381638534728190,2021-11,0.004333714344213455
3355881107559250653,2021-10,0.004077620979443151
3355881107559250653,2021-10,0.0036673080657508568
3355881107559250653,2021-10,0.0049324624218835475
3355881107559250653,2021-10,0.004653543431667458
3355881107559250653,2021-10,0.004471650964919374
3355881107559250653,2021-10,0.009666632025930606
3355881107559250653,2021-11,0.00729338316846844
3355881107559250653,2021-11,0.08677075023912297
3355881107559250653,2021-11,0.009235945714685759
3355881107559250653,2021-11,0.009235945714685759
6118873739225005756,2021-10,0.004129059256454469
6118873739225005756,2021-10,0.003943327239350169
8067924767167570288,2021-10,0.010756518543168043
8067924767167570288,2021-10,0.010696933060912283
6826420906256954294,2021-10,0.040354127253562286
8536980239903840341,2021-10,0.004436244256530123
8536980239903840341,2021-10,0.009915711250250623
8536980239903840341,2021-10,0.009567059703005303
8536980239903840341,2021-11,0.005091431526058916
8536980239903840341,2021-11,0.00338216966466142
1192810733461560329,2021-10,0.003706613637579914
1192810733461560329,2021-10,0.006512807736318665
1192810733461560329,2021-10,0.003622271845686748
1192810733461560329,2021-10,0.0037687309485622852
1192810733461560329,2021-10,0.009709815307204302
1192810733461560329,2021-11,0.00584219801749589
1192810733461560329,2021-11,0.005772159428104381
1192810733461560329,2021-11,0.007171901835918517
1192810733461560329,2021-11,0.005268269729009849
4489904752023469353,2021-10,0.046988277038258454
4489904752023469353,2021-10,0.03702592799177803
4489904752023469353,2021-11,0.1809917416292226
4489904752023469353,2021-11,0.05554755916073827
5880041582322293710,2021-10,0.0367608070756092
5880041582322293710,2021-10,0.018390154693665742
5880041582322293710,2021-10,0.024496851421763628
5880041582322293710,2021-10,0.025150448951366092
5880041582322293710,2021-10,0.027203908093999366
5880041582322293710,2021-10,0.028569413054133352
5108407319813072955,2021-10,0.0034481645344418793
5108407319813072955,2021-10,0.004077948587523296
5108407319813072955,2021-10,0.006150977230752257
5108407319813072955,2021-10,0.005735381916451388
5108407319813072955,2021-11,0.0031906865767466425
5108407319813072955,2021-11,0.001861172443438953
4740535838297269949,2021-10,0.002419485785689561
4740535838297269949,2021-11,0.01199426743149489
4740535838297269949,2021-11,0.003063835281578408
2467590416042313927,2021-10,0.002196573564363922
2467590416042313927,2021-11,0.0036155488629750756
8909740532547211288,2021-10,0.0029723782642430627
8909740532547211288,2021-10,0.003331507442250344
8909740532547211288,2021-10,0.009692837346712476
8909740532547211288,2021-11,0.005698112794695175
8909740532547211288,2021-11,0.002844240801848332
7963861799566207637,2021-10,0.003990455068453212
7963861799566207637,2021-10,0.007185465544605792
7963861799566207637,2021-10,0.007000726471515774
7963861799566207637,2021-11,0.00517051437925339
274692171162531764,2021-10,0.015511846508619212
274692171162531764,2021-10,0.01640770773119138
5499433941404698208,2021-10,0.014853526949194649
5499433941404698208,2021-10,0.05386931680087489
5499433941404698208,2021-11,0.018647898602178345
660382477567765256,2021-10,0.006520603606570965
660382477567765256,2021-10,0.007194281960423852
660382477567765256,2021-11,0.008335680960353208
660382477567765256,2021-11,0.009295642623522466
5993765508162121762,2021-10,0.02008735941518905
5993765508162121762,2021-10,0.026947730614772396
5993765508162121762,2021-11,0.03243040260909304
5993765508162121762,2021-11,0.02579204257266199
5993765508162121762,2021-11,0.018335659838513985
1536087798470875922,2021-10,0.08177307807589716
1536087798470875922,2021-10,0.08533556305712896
1536087798470875922,2021-11,0.08916454056152244
8564920972266217847,2021-10,0.0034736747505511277
8564920972266217847,2021-11,0.005517381640900392
8564920972266217847,2021-11,0.005000083292606504
6330043096034525408,2021-10,0.5946901968860493
6330043096034525408,2021-10,0.11949118965277263
6330043096034525408,2021-10,0.7498094640760774
6330043096034525408,2021-10,0.11639119628952997
6330043096034525408,2021-10,0.1293641996821902
6330043096034525408,2021-11,0.13671365510930497
2432667449154431819,2021-10,0.31401008944644887
521351744568531135,2021-10,0.0040780295046917575
521351744568531135,2021-11,0.0066400818033493
521351744568531135,2021-11,0.006435656356837974
4414438591613884911,2021-10,0.008145629352017405
4414438591613884911,2021-11,0.012410550428461306
4414438591613884911,2021-11,0.014905776330061715
4414438591613884911,2021-11,0.012929361417300554
8961924617442201922,2021-10,0.004117632958217868
8961924617442201922,2021-10,0.006875982170989371
8961924617442201922,2021-11,0.007273904705516187
8961924617442201922,2021-11,0.07906458012951292
8961924617442201922,2021-11,0.004955608624458699
8961924617442201922,2021-11,0.003912520013613612
717981637594591016,2021-10,0.3515745829592958
717981637594591016,2021-10,0.007608402305623956
717981637594591016,2021-10,0.0077045798581174855
717981637594591016,2021-10,0.014564621264617664
5225029212547588718,2021-10,0.005670371031502277
5225029212547588718,2021-10,0.006190141972227881
5225029212547588718,2021-10,0.009469271513739644
5225029212547588718,2021-11,0.01189202919892386
1310335287370721834,2021-10,0.1661864589644025
2455576782104041698,2021-10,0.00926841975848724
2455576782104041698,2021-10,0.009468274090688384
2455576782104041698,2021-11,0.3637393698678665
5078307295214858596,2021-10,0.006700393128993904
5078307295214858596,2021-10,0.006700393128993904
5078307295214858596,2021-10,0.006700393128993904
5078307295214858596,2021-10,0.0066728682187496904
7710364735942975505,2021-10,0.019558804464345634
7710364735942975505,2021-10,0.03453144732678867
7710364735942975505,2021-11,0.3062334325530399
7710364735942975505,2021-11,0.01627632427738807
7710364735942975505,2021-11,0.020287604844864977
6532139198609901627,2021-10,0.00352049124059689
6532139198609901627,2021-11,0.007307224648519779
2677901391425651891,2021-10,0.004435515975095258
2677901391425651891,2021-10,0.004990325312776598
2677901391425651891,2021-11,0.0032027162049165538
6457349126437565385,2021-10,0.20261898152475913
6457349126437565385,2021-10,0.22236768342955512
7686361238195690925,2021-10,0.004263574031987338
7686361238195690925,2021-11,0.010602683728731885
8080988579391900405,2021-10,0.009832129961169979
8080988579391900405,2021-10,0.009944786366059631
8080988579391900405,2021-10,0.011981469737887766
8080988579391900405,2021-10,0.012841563603240968
5303720405946805990,2021-10,0.0115967616196272
5303720405946805990,2021-11,0.007265466190799222
5303720405946805990,2021-11,0.004121930510301395
4187591029730357479,2021-10,0.013524657963224399
8874257794774679816,2021-10,0.01030587079827604
8874257794774679816,2021-10,0.014987432995100629
8874257794774679816,2021-10,0.01296637870120159
8874257794774679816,2021-10,0.01296637870120159
8874257794774679816,2021-11,0.014126553638065451
8874257794774679816,2021-11,0.012967076832105134
8874257794774679816,2021-11,0.007574049361438922
8874257794774679816,2021-11,0.011974696176840998
9184785003280841216,2021-10,0.015262575639383595
9184785003280841216,2021-10,0.015239794203936171
9184785003280841216,2021-11,0.01868836063067066
9184785003280841216,2021-11,0.017075983355594532
7403979270048469991,2021-10,0.0025695799317285726
2819054834565698513,2021-10,0.014235189254504945
2819054834565698513,2021-10,0.021083325188419176
2819054834565698513,2021-11,0.018886295319828664
2819054834565698513,2021-11,0.01433768231494912
5611787644735474299,2021-10,0.0020877041619204763
5611787644735474299,2021-10,0.0018774070869362772
5611787644735474299,2021-10,0.0017694425555769308
5611787644735474299,2021-10,0.002412092303193449
5611787644735474299,2021-10,0.0016963197044110318
5611787644735474299,2021-10,0.0028806224883542422
5611787644735474299,2021-10,0.0059951709006987215
5611787644735474299,2021-10,0.0080868936963536
5611787644735474299,2021-11,0.0050261973386229
5611787644735474299,2021-11,0.005351559914616847
5611787644735474299,2021-11,0.004900869262434769
5611787644735474299,2021-11,0.00437755208056969
5611787644735474299,2021-11,0.004499665298853576
8090492548102964782,2021-10,0.04348119435217882
662944582644865942,2021-10,0.013402874606964767
662944582644865942,2021-10,0.015567582590349892
662944582644865942,2021-10,0.013832780016607309
662944582644865942,2021-10,0.031046035825296622
662944582644865942,2021-11,0.01786009619356683
662944582644865942,2021-11,0.019171599048169785
662944582644865942,2021-11,0.017858474746516837
662944582644865942,2021-11,0.017587931034006188
662944582644865942,2021-11,0.006214958502853871
257162352336759783,2021-10,0.0051205397008371
257162352336759783,2021-10,0.00415448716479424
257162352336759783,2021-10,0.007339120495186606
257162352336759783,2021-11,0.006927458119025358
257162352336759783,2021-11,0.008769678731823298
257162352336759783,2021-11,0.008620411470143906
9205015186723569289,2021-10,0.19154380015124434
9205015186723569289,2021-11,0.03098222326708693
4661684997487171886,2021-10,0.006692180058901832
4661684997487171886,2021-10,0.013357451828542158
4661684997487171886,2021-10,0.007077142789682192
4661684997487171886,2021-11,0.009339119197530407
4661684997487171886,2021-11,0.00863929033315008
4661684997487171886,2021-11,0.009933328313744591
4661684997487171886,2021-11,0.00756449033528827
4661684997487171886,2021-11,0.007162599782642551
4661684997487171886,2021-11,0.00757893745806159
4365965554261111250,2021-10,0.08995766314744837
4365965554261111250,2021-10,0.0979631108132001
6885171468891031140,2021-10,0.00414950656497696
5067621068959932809,2021-10,0.057289198135398234
5067621068959932809,2021-10,0.037992674440852095
5067621068959932809,2021-10,0.037992674440852095
5067621068959932809,2021-10,0.06187541596008875
5067621068959932809,2021-10,0.04106673428503393
5067621068959932809,2021-10,0.061754561944792515
5067621068959932809,2021-11,0.03303912822650125
8505870778358741102,2021-10,0.012496608457432104
8505870778358741102,2021-10,0.012331300143119917
8505870778358741102,2021-10,0.013848341579570437
8505870778358741102,2021-11,0.016166333530907868
8505870778358741102,2021-11,0.014805831566836276
8505870778358741102,2021-11,0.019621602560268115
5042877476420217533,2021-10,0.0029084719251544185
5042877476420217533,2021-10,0.0055174274406373245
5042877476420217533,2021-10,0.00543460250107431
5042877476420217533,2021-11,0.005374804712812404
5042877476420217533,2021-11,0.0032797630555089284
1454789421854453615,2021-10,0.015676550352905196
1454789421854453615,2021-10,0.017308846010648832
1454789421854453615,2021-10,0.03869979566155275
1454789421854453615,2021-10,0.03559781353145774
1454789421854453615,2021-11,0.01891535434494858
1454789421854453615,2021-11,0.035342723364877024
1454789421854453615,2021-11,0.19075273271075388
1454789421854453615,2021-11,0.030490358799322315
1454789421854453615,2021-11,0.03168845833177381
3807130563335796378,2021-10,0.058992062879582155
4424973922927242822,2021-10,0.044222780541090835
4424973922927242822,2021-10,0.07115299453342842
4424973922927242822,2021-10,0.04199562242146729
1234611356650812259,2021-10,0.052410868350896936
6545052034269841737,2021-10,0.003639806662533295
6545052034269841737,2021-10,0.003994167824854919
6545052034269841737,2021-10,0.00670487913696596
312543480920432545,2021-10,0.005773939797894769
312543480920432545,2021-10,0.00953856146227967
312543480920432545,2021-10,0.012391207955405523
312543480920432545,2021-11,0.00933391153409642
312543480920432545,2021-11,0.10201015279316755
312543480920432545,2021-11,0.008992404837299904
312543480920432545,2021-11,0.00866390143547215
312543480920432545,2021-11,0.007183882357118193
312543480920432545,2021-11,0.006568510515242089
3204108603682323936,2021-10,0.00659691905013048
3204108603682323936,2021-10,0.007192165245767671
3204108603682323936,2021-10,0.007780314863357602
3204108603682323936,2021-11,0.005865457227292439
3204108603682323936,2021-11,0.005491967287610744
6927178425683104769,2021-10,0.008689845755290715
6927178425683104769,2021-10,0.014030285978071367
6927178425683104769,2021-10,0.02745916174965723
6927178425683104769,2021-10,0.032285134355774785
4862285428951244424,2021-10,0.0034822854317794996
4862285428951244424,2021-10,0.004845043436890124
4862285428951244424,2021-11,0.007072679762018999
4850936440093751199,2021-10,0.0029029994944767762
4850936440093751199,2021-10,0.0033275892924477008
4850936440093751199,2021-10,0.003346824981128906
4850936440093751199,2021-10,0.0031186998099638308
4850936440093751199,2021-10,0.008181426160581377
4850936440093751199,2021-10,0.009513086397251036
4850936440093751199,2021-11,0.0062704066794685995
4850936440093751199,2021-11,0.004487923704910068
8716163053080758848,2021-10,0.0037244753323663333
8716163053080758848,2021-10,0.0036573709170751745
8716163053080758848,2021-10,0.004145863295800672
8716163053080758848,2021-10,0.0069473989874395915
8716163053080758848,2021-11,0.0068350548692753645
8716163053080758848,2021-11,0.004446638169345504
8716163053080758848,2021-11,0.005030873641214439
8716163053080758848,2021-11,0.00420551728911549
7289435138601868544,2021-10,0.002657110651334421
7462607259426026440,2021-10,0.01047215660690959
7462607259426026440,2021-10,0.00794885459725568
7462607259426026440,2021-10,0.007292321021450093
7462607259426026440,2021-10,0.011055033133098748
7535160686416710323,2021-10,0.007760041828114903
7535160686416710323,2021-10,0.012571175644367931
3156580765759568020,2021-10,0.044330685361411985
3156580765759568020,2021-11,0.03980503412269542
3156580765759568020,2021-11,0.03491621412157545
8609211777002937758,2021-10,0.004210465863901464
8609211777002937758,2021-10,0.005708170437978731
8609211777002937758,2021-11,0.006008639168338178
3285246914299291124,2021-10,0.018344675350166848
3285246914299291124,2021-10,0.018344675350166848
3285246914299291124,2021-10,0.013044949023800427
3285246914299291124,2021-10,0.01215829133940771
3285246914299291124,2021-11,0.00944016476571383
3285246914299291124,2021-11,0.010180036287372811
3285246914299291124,2021-11,0.010413860551313952
837142477962609471,2021-10,0.004885473394614019
837142477962609471,2021-10,0.004235694200907223
837142477962609471,2021-11,0.005833297288035737
837142477962609471,2021-11,0.0057962077024292565
837142477962609471,2021-11,0.005516924193442188
1667173444642500307,2021-10,0.04280647454472698
6394935036014530592,2021-10,0.004911590497136019
6394935036014530592,2021-10,0.005056653750616833
6394935036014530592,2021-10,0.0051808305429099566
6394935036014530592,2021-10,0.008562960561048813
6394935036014530592,2021-11,0.006374959325683029
6394935036014530592,2021-11,0.005343876198104101
6394935036014530592,2021-11,0.07654340035674857
6394935036014530592,2021-11,0.0055025445646678045
6394935036014530592,2021-11,0.003514367599464814
6368582840625614207,2021-10,0.009014149136871518
6368582840625614207,2021-10,0.010257832370284657
7920896580423665241,2021-10,0.004858078998121112
7920896580423665241,2021-10,0.003952097341321494
7920896580423665241,2021-10,0.013781621251464787
7920896580423665241,2021-10,0.025877927090301615
7920896580423665241,2021-11,0.018269456536749624
7920896580423665241,2021-11,0.013545827763237789
8041261093764417881,2021-10,0.0058519441980029825
8041261093764417881,2021-10,0.005764742865503464
8041261093764417881,2021-10,0.010229394388028156
1182975716201409626,2021-10,0.006131502412900968
1182975716201409626,2021-10,0.006131502412900968
1182975716201409626,2021-10,0.005003175948156811
1182975716201409626,2021-10,0.5590202652095043
1182975716201409626,2021-10,0.009343153611660923
1182975716201409626,2021-11,0.010266710537676615
1182975716201409626,2021-11,0.01362646618684393
4717593620120611957,2021-10,0.004851211365324051
4795152981525833467,2021-10,0.005213615556514165
4795152981525833467,2021-10,0.021707517597424918
4795152981525833467,2021-11,0.009222042719305356
4795152981525833467,2021-11,0.00904685052449218
4795152981525833467,2021-11,0.005017250161978101
4795152981525833467,2021-11,0.004937799296992237
6448580780254847411,2021-10,0.0040787017583486795
6448580780254847411,2021-10,0.008484242023827325
6448580780254847411,2021-11,0.00918843324737187
4724876423989598202,2021-10,0.013141875842514446
4724876423989598202,2021-10,0.022605622868932716
4724876423989598202,2021-10,0.013499104040358784
4724876423989598202,2021-10,0.010901468906524228
4724876423989598202,2021-11,0.010181637151412043
4724876423989598202,2021-11,0.011154526989853622
4724876423989598202,2021-11,0.007924712222530814
4724876423989598202,2021-11,0.005715033253287159
1637960623843047520,2021-10,0.0715893691133592
8045116560666679751,2021-10,0.021333428548667904
4018182555897034052,2021-10,0.0035867596442751603
4018182555897034052,2021-10,0.0035867596442751603
4018182555897034052,2021-10,0.0032848279203725674
4018182555897034052,2021-10,0.005653465479477297
4018182555897034052,2021-10,0.00863582277236349
4018182555897034052,2021-10,0.010276742034078048
3970572142453508637,2021-10,0.1083245844662412
3970572142453508637,2021-11,0.2418043820212421
7590999900861381526,2021-10,0.0038735526173419954
7590999900861381526,2021-10,0.006651343220626243
7590999900861381526,2021-11,0.005815956628297336
6985631100944640910,2021-10,0.07842627029545408
6985631100944640910,2021-10,0.09981788087272317
4541506527938763361,2021-10,0.14769629495331046
4541506527938763361,2021-11,0.10821865127294913
5758033363847724111,2021-10,0.002752737069077051
5758033363847724111,2021-11,0.005816686797983187
5758033363847724111,2021-11,0.004982538742380939
5758033363847724111,2021-11,0.0034538949239335676
5758033363847724111,2021-11,0.0033894730749969085
7770458886439606839,2021-10,0.04769618324217578
7770458886439606839,2021-10,0.08190650275923145
7770458886439606839,2021-11,0.06679072463066814
7770458886439606839,2021-11,0.06113898622198317
7770458886439606839,2021-11,0.05489808477239179
7770458886439606839,2021-11,0.06783453185333652
7770458886439606839,2021-11,0.0691924181475919
7770458886439606839,2021-11,0.07670666800203989
4604807967654337091,2021-10,0.004673723935036779
8570963260597299378,2021-10,0.008863841346784272
8570963260597299378,2021-10,0.008153608906247762
8570963260597299378,2021-10,0.013456451017590455
8570963260597299378,2021-11,0.06889689302380879
968199235777440720,2021-10,0.00477914253013902
968199235777440720,2021-10,0.018356103348748605
968199235777440720,2021-11,0.011737035547725917
968199235777440720,2021-11,0.011737035547725917
5511113649464808344,2021-10,0.05157903178918814
5511113649464808344,2021-11,0.053799211008172455
3248432590399829766,2021-10,0.0036456116398536527
3248432590399829766,2021-11,0.004355585671531264
3248432590399829766,2021-11,0.01419360804525106
3248432590399829766,2021-11,0.0030113112234051473
3248432590399829766,2021-11,0.002509720102932113
6582676833651678345,2021-10,0.0037757421345759067
6582676833651678345,2021-10,0.004383504161093501
6582676833651678345,2021-10,0.003276199385237431
6582676833651678345,2021-10,0.008340488762832443
6582676833651678345,2021-10,0.01580860411707534
6582676833651678345,2021-11,0.005676905977902481
6582676833651678345,2021-11,0.004432047600244845
6582676833651678345,2021-11,0.004966427680739388
6582676833651678345,2021-11,0.004388054336907509
6582676833651678345,2021-11,0.002511472405469672
6582676833651678345,2021-11,0.002611216608849089
5487870288449327165,2021-10,0.053418851952211646
5487870288449327165,2021-11,0.03768948513213946
7269781193318890653,2021-10,0.0039496938209199915
7269781193318890653,2021-11,0.004718701535848057
2634859679238614382,2021-10,0.0022273761238863587
2634859679238614382,2021-10,0.0037815875873139027
2634859679238614382,2021-10,0.0037092424955280532
2634859679238614382,2021-10,0.0037306761365014304
2634859679238614382,2021-11,0.006373886606123307
2634859679238614382,2021-11,0.006297514299669249
3543162424793477785,2021-10,0.006453086124419076
3543162424793477785,2021-11,0.004722373255901661
3543162424793477785,2021-11,0.02093684216467317
3543162424793477785,2021-11,0.005309285361982753
3543162424793477785,2021-11,0.0056562061234851045
3543162424793477785,2021-11,0.012134610648230165
940214356651040716,2021-10,0.10802801030849675
940214356651040716,2021-11,0.0650540288966288
940214356651040716,2021-11,0.06886889336734729
7848910047105468475,2021-10,0.34840279570145277
2763141362035716801,2021-10,0.009985193477178798
2763141362035716801,2021-10,0.008690145684434353
2763141362035716801,2021-10,0.014225148443158165
2763141362035716801,2021-11,0.016019358228003943
5574997762710520717,2021-10,0.006315208836146232
5574997762710520717,2021-11,0.180816611073504
5574997762710520717,2021-11,0.06679849884265165
2508429106201166689,2021-10,0.004592968082226819
2508429106201166689,2021-10,0.00832407947891855
2508429106201166689,2021-11,0.0035788455028525033
1953058402621337677,2021-10,0.003521741211081999
9052787288251876909,2021-10,0.004534115552502028
9052787288251876909,2021-11,0.00988502039237793
287529573188507001,2021-10,0.004022629998970757
5044097686733078536,2021-10,0.20176804867285633
7751080728852739823,2021-10,0.003550336594692751
7751080728852739823,2021-10,0.0031889458666462347
7751080728852739823,2021-11,0.0037800277001864093
7751080728852739823,2021-11,0.00436273271959118
7485107528960607346,2021-10,0.022955942795896155
7485107528960607346,2021-11,0.028205790246216673
7485107528960607346,2021-11,0.02040925731293488
8536031856585966123,2021-10,0.02333285183536562
8536031856585966123,2021-10,0.024320044154226488
8536031856585966123,2021-10,0.02360173425371229
8536031856585966123,2021-10,0.028490542897723067
8536031856585966123,2021-10,0.02947330499484801
8536031856585966123,2021-11,0.03742418127793231
8536031856585966123,2021-11,0.0375755275606211
8536031856585966123,2021-11,0.03198614705216556
3605652314611460806,2021-10,0.004709122007028777
234898976850399181,2021-10,0.011913989087620345
234898976850399181,2021-11,0.014741753995393264
234898976850399181,2021-11,0.017295228458378168
7231408738455755015,2021-10,0.6282188935955245
7231408738455755015,2021-10,0.6225157731131385
7231408738455755015,2021-10,0.6258478550248532
7231408738455755015,2021-11,0.6890130852999972
7231408738455755015,2021-11,0.6559015433904495
3668905663669864663,2021-10,0.0032093272842514836
3668905663669864663,2021-11,0.08689947143330673
6164364689409425900,2021-10,0.003169629538191187
6164364689409425900,2021-11,0.0049627009217042975
5606267905834401873,2021-10,0.020172765655335257
5606267905834401873,2021-10,0.020172765655335257
5606267905834401873,2021-11,0.018506490548295555
5606267905834401873,2021-11,0.02049222696040244
5606267905834401873,2021-11,0.018287420187593616
7970976988071755401,2021-10,0.06365120246792229
7970976988071755401,2021-10,0.05344234808378005
7970976988071755401,2021-11,0.027422308546633033
7268895973869107930,2021-10,0.005059530657445289
7268895973869107930,2021-10,0.004054838172168994
7268895973869107930,2021-10,0.0034955840352699423
7268895973869107930,2021-10,0.00369845177110847
7268895973869107930,2021-10,0.007923924977375485
7268895973869107930,2021-11,0.006889217323265261
7268895973869107930,2021-11,0.005592433196249104
7268895973869107930,2021-11,0.004905545293103351
3997247264680905799,2021-10,0.003443229360075939
3997247264680905799,2021-10,0.004326794069793581
3997247264680905799,2021-10,0.004344323752967624
3997247264680905799,2021-10,0.00558457779504665
3997247264680905799,2021-10,0.005633671695806234
3997247264680905799,2021-10,0.005369991777710859
3997247264680905799,2021-11,0.002995895097618046
8123515208041701633,2021-10,0.027241474259974367
8123515208041701633,2021-10,0.04055346448783693
8123515208041701633,2021-11,0.02434617533239416
8123515208041701633,2021-11,0.02434617533239416
8123515208041701633,2021-11,0.024459453247774796
6547872039250784411,2021-10,0.534506306184428
3931892303497206092,2021-10,0.017433464059277825
3931892303497206092,2021-10,0.02178225236236475
3931892303497206092,2021-11,0.19778212608967785
3931892303497206092,2021-11,0.03779807741464674
6271697692808086495,2021-10,0.010739590403373767
6271697692808086495,2021-10,0.010590359402143482
6271697692808086495,2021-10,0.0104029299011092
6271697692808086495,2021-11,0.008547707681052586
1616952665234409442,2021-10,0.028622992195834952
1616952665234409442,2021-10,0.03052481602976652
1616952665234409442,2021-11,0.03727019767671791
1616952665234409442,2021-11,0.021683603996307158
8548612698724688238,2021-10,0.006160183021498646
6633838062940819075,2021-10,0.0066038103193458
6633838062940819075,2021-10,0.006051416832592536
6633838062940819075,2021-11,0.007112912541695091
6633838062940819075,2021-11,0.007200581820677523
6633838062940819075,2021-11,0.007259705746181718
3093415403379897112,2021-10,0.008471788943813863
3093415403379897112,2021-10,0.010087641869615572
3093415403379897112,2021-11,0.00637094811541768
3093415403379897112,2021-11,0.0054992201153881235
4785355632922927313,2021-10,0.11763359693255553
4785355632922927313,2021-10,0.1237150799204215
4785355632922927313,2021-10,0.7266107097576938
4785355632922927313,2021-10,0.2686118461066728
4785355632922927313,2021-11,0.14779212094232705
4785355632922927313,2021-11,0.14291111100413137
8748106677402909629,2021-10,0.02421123843001586
1036256411320325774,2021-10,0.017759853294066097
1036256411320325774,2021-10,0.021356709969934974
1036256411320325774,2021-10,0.020667446321952533
1036256411320325774,2021-11,0.01978528968600245
1036256411320325774,2021-11,0.021007723647966475
1036256411320325774,2021-11,0.014503167046981305
1036256411320325774,2021-11,0.014188650779480958
1036256411320325774,2021-11,0.014301983089100462
8889055492416898333,2021-10,0.011606844388642856
8889055492416898333,2021-10,0.010240395814271549
8889055492416898333,2021-11,0.015316422723819017
8889055492416898333,2021-11,0.020967864758062178
8889055492416898333,2021-11,0.0290882182211969
5795100045494475994,2021-10,0.012263416408301139
5795100045494475994,2021-10,0.012866096610746064
5795100045494475994,2021-11,0.009052214632560882
5795100045494475994,2021-11,0.010209920666520038
5726178124659661019,2021-10,0.0022927420154378337
5726178124659661019,2021-10,0.003892914868392501
5726178124659661019,2021-10,0.0036833558756632205
5726178124659661019,2021-10,0.003754766935601197
5726178124659661019,2021-11,0.0031960572608248513
5726178124659661019,2021-11,0.0028251508724174102
5726178124659661019,2021-11,0.0022175615114176385
5726178124659661019,2021-11,0.0021526656333993007
1235244772550233980,2021-10,0.004916727082124277
1235244772550233980,2021-10,0.0050190615351648985
1235244772550233980,2021-10,0.0048601813245863264
1235244772550233980,2021-11,0.004989609009064112
1235244772550233980,2021-11,0.0042617953044989465
7664272163315705419,2021-10,0.008359263163075599
7664272163315705419,2021-10,0.011448463640211145
7664272163315705419,2021-11,0.008743687553823204
7664272163315705419,2021-11,0.008787087030805872
7664272163315705419,2021-11,0.008637526047302875
7664272163315705419,2021-11,0.006596211626970932
7120090169052575663,2021-10,0.003728897884209311
864510931144626280,2021-10,0.008173887147142728
864510931144626280,2021-11,0.008178722919706002
2535803443850893368,2021-10,0.021418929217785376
2535803443850893368,2021-11,0.026974367955990255
4995679129936981612,2021-10,0.09502367825823432
4995679129936981612,2021-10,0.12852501247318066
4995679129936981612,2021-11,0.15665719560614907
7182085930008391174,2021-10,0.006901913430174895
1002362614649347438,2021-10,0.027371804882110537
1002362614649347438,2021-11,0.04090016909448381
1002362614649347438,2021-11,0.09118174163216264
1002362614649347438,2021-11,0.02799460278660978
5162636608292907782,2021-10,0.1643904426034942
5162636608292907782,2021-10,0.23305835731611832
7347715771145302549,2021-10,0.00424203528473938
7347715771145302549,2021-10,0.003877096783426283
7347715771145302549,2021-11,0.009111910553173898
7347715771145302549,2021-11,0.0018644169067939585
7347715771145302549,2021-11,0.0030531795592282254
6795467882769787169,2021-10,0.006840283195550234
6795467882769787169,2021-10,0.006655733343837943
6795467882769787169,2021-10,0.006557343289978627
6795467882769787169,2021-10,0.00660307528323104
6795467882769787169,2021-11,0.013354342894711416
6795467882769787169,2021-11,0.018983485505757885
6795467882769787169,2021-11,0.005093259445658119
6795467882769787169,2021-11,0.006090358364989366
621182491555347581,2021-10,0.02047987676815637
621182491555347581,2021-10,0.021939089168154093
621182491555347581,2021-10,0.018854962597665607
621182491555347581,2021-11,0.019000920792149156
6217788509719675691,2021-10,0.0037325792793255204
6217788509719675691,2021-10,0.0031139433933524137
6217788509719675691,2021-11,0.005133380161522074
6217788509719675691,2021-11,0.0051295530406077
4858887739802767402,2021-10,0.0038832901109959496
4858887739802767402,2021-11,0.005150535977782957
3750579377644235511,2021-10,0.0728079950141106
3750579377644235511,2021-10,0.07319770699529514
2532435113844289043,2021-10,0.0027290191168406366
2532435113844289043,2021-10,0.006280384411064964
2532435113844289043,2021-10,0.008716498623578267
2532435113844289043,2021-11,0.004473624126950821
2532435113844289043,2021-11,0.00305584465408451
2929243640075785940,2021-10,0.003149424808495803
2929243640075785940,2021-10,0.005129620591181895
2929243640075785940,2021-10,0.007272230814612715
2929243640075785940,2021-10,0.00564628459628245
2929243640075785940,2021-11,0.003117875485813752
4785077903451149834,2021-10,0.7034838340782948
3632378524835692731,2021-10,0.003678018183100585
1119752495905732753,2021-10,0.07007553899546194
7347753999527316260,2021-10,0.3812681729300679
7347753999527316260,2021-11,0.45975818521128436
1998941557906036376,2021-10,0.009119153314356167
1998941557906036376,2021-11,0.01776317424601826
1998941557906036376,2021-11,0.009989586477279966
7395696797140470088,2021-10,0.00209436675761924
7395696797140470088,2021-11,0.00251142149755696
7395696797140470088,2021-11,0.0031815514734267474
4537982850248578883,2021-10,0.010384255303058315
4537982850248578883,2021-11,0.007610833494618551
51762959302415533,2021-10,0.2049025115721599
89342157110910412,2021-10,0.019391290713913226
4762256864594914240,2021-10,0.024144028736007166
4762256864594914240,2021-10,0.016189380464726844
4762256864594914240,2021-11,0.010210241738341772
4762256864594914240,2021-11,0.005885232784178992
5888474320320735000,2021-10,0.7498820300283485
2346482557594782345,2021-10,0.011096458923093461
2346482557594782345,2021-10,0.012542869095205876
2346482557594782345,2021-10,0.012910856195760061
3408536439470975134,2021-10,0.008275577591423153
3408536439470975134,2021-10,0.0068851245458399195
3408536439470975134,2021-10,0.011033174252428498
3408536439470975134,2021-10,0.009598459526828331
3408536439470975134,2021-10,0.015542124526657538
3408536439470975134,2021-11,0.0037878698179067017
3408536439470975134,2021-11,0.0037972822824057038
3408536439470975134,2021-11,0.0045492833282172115
3408536439470975134,2021-11,0.002191056465649001
5752688018135006198,2021-10,0.013144657875612148
5752688018135006198,2021-11,0.01765790640752305
5752688018135006198,2021-11,0.012499317145674836
9127318190908282126,2021-10,0.004589586756304574
5271966906483787417,2021-10,0.012221577830331138
1088268935649917461,2021-10,0.016328509896535143
622073912578471754,2021-10,0.15255263282287732
622073912578471754,2021-10,0.15067970531911842
3724562776372632620,2021-10,0.03051803241993463
3724562776372632620,2021-11,0.029304554214095353
2780030912070252968,2021-10,0.09558420941211462
8107542605807471599,2021-10,0.7588342893639533
7468724002190465812,2021-10,0.015290140168959828
7468724002190465812,2021-11,0.012543001629059337
2290083177086946553,2021-10,0.0046247800387094595
2290083177086946553,2021-10,0.009756278895578481
2290083177086946553,2021-11,0.006137307561629895
2290083177086946553,2021-11,0.005860412982142119
2290083177086946553,2021-11,0.00666583846197045
3447213159487287154,2021-10,0.004785705750086826
3447213159487287154,2021-11,0.006656110797408444
1115703227712697214,2021-10,0.015472759847671432
1115703227712697214,2021-10,0.017291037935506855
1115703227712697214,2021-11,0.019307099383816927
1115703227712697214,2021-11,0.012642051907553452
2214132103234633622,2021-10,0.040909414434523304
2214132103234633622,2021-10,0.040909414434523304
2214132103234633622,2021-10,0.030422014500683055
2214132103234633622,2021-10,0.040325216756001384
2214132103234633622,2021-10,0.034723355168910855
2214132103234633622,2021-11,0.021339357218851652
2214132103234633622,2021-11,0.021339357218851652
2214132103234633622,2021-11,0.021698914174324995
2214132103234633622,2021-11,0.021147098970547857
4043546053926060305,2021-10,0.32680738862039166
5522764880180045081,2021-10,0.003514978765184722
5522764880180045081,2021-10,0.0036171877653570768
5522764880180045081,2021-10,0.006351096234784283
5522764880180045081,2021-10,0.0059954665411217955
5432443358006556295,2021-10,0.011626325354638228
5432443358006556295,2021-10,0.011897374710491867
5432443358006556295,2021-11,0.012157589372160365
5432443358006556295,2021-11,0.012027666086576983
5432443358006556295,2021-11,0.00923424223857452
7818340804682162328,2021-10,0.010533465323432708
7818340804682162328,2021-10,0.010533465323432708
7818340804682162328,2021-11,0.2613959695934662
6731795019313479942,2021-10,0.0028500523337371985
1118514612547157551,2021-10,0.025461156386614274
9206030810342980458,2021-10,0.006723243807354266
9206030810342980458,2021-10,0.0068906059480263755
9206030810342980458,2021-11,0.005472085465114836
9206030810342980458,2021-11,0.002511306553399784
9206030810342980458,2021-11,0.002772409559557763
2951563549197799278,2021-10,0.0022754466326204083
2951563549197799278,2021-11,0.002227488026188478
5301988619224057921,2021-10,0.634490564486442
5301988619224057921,2021-10,0.6340591751386042
5301988619224057921,2021-11,0.5350306401959628
5301988619224057921,2021-11,0.4026785866780138
5301988619224057921,2021-11,0.5550487707733055
4235078665660987689,2021-10,0.033342946350118675
4235078665660987689,2021-10,0.036704063109482876
4235078665660987689,2021-10,0.04553827965287542
4235078665660987689,2021-11,0.01925186402249468
6276792736652545216,2021-10,0.004090664515537471
6276792736652545216,2021-11,0.004598365987096598
1308019675417057675,2021-10,0.00857830335350697
1308019675417057675,2021-10,0.010117460643063177
1308019675417057675,2021-10,0.010117460643063177
1308019675417057675,2021-11,0.007026227801049163
1308019675417057675,2021-11,0.008073729389385323
6662531979151878793,2021-10,0.003173618040996692
6662531979151878793,2021-11,0.009208106155548134
6662531979151878793,2021-11,0.009504814389692725
5304536516981778801,2021-10,0.008456026696742102
5304536516981778801,2021-11,0.00957445090949983
5304536516981778801,2021-11,0.00842115507748672
5304536516981778801,2021-11,0.008075652888699318
8083157716178259762,2021-10,0.0032946062946271437
8083157716178259762,2021-10,0.003931008373387549
8083157716178259762,2021-10,0.006747854422265607
8083157716178259762,2021-11,0.0054143312848378596
5198904647759787695,2021-10,0.04845434527151892
1285245417998627607,2021-10,0.5308902956065488
5547032541615425352,2021-10,0.015232280544753854
5547032541615425352,2021-11,0.006824820250842493
4052557282157719526,2021-10,0.0037040147263011284
3027683745465216663,2021-10,0.005439758360646236
3027683745465216663,2021-11,0.004591128124984383
3027683745465216663,2021-11,0.0038023661573470956
6915663759082844184,2021-10,0.08151835554071077
7637066986811047950,2021-10,0.01832036002976497
7637066986811047950,2021-10,0.015423280832301173
6615694774618628402,2021-10,0.023731323939079976
6615694774618628402,2021-11,0.016287846927288803
6098833389547425063,2021-10,0.020305413185479397
6098833389547425063,2021-11,0.014635881790151508
3136129226228632675,2021-10,0.08735909459028714
4395946187332973749,2021-10,0.007472202791830909
4395946187332973749,2021-11,0.0034897678274759393
6349142675790687765,2021-10,0.214303476399992
1997130697107291654,2021-10,0.033628815144321894
1997130697107291654,2021-11,0.030814098833490844
3281617395243454427,2021-10,0.02841249908508038
3281617395243454427,2021-10,0.03011383930837831
3281617395243454427,2021-10,0.028567479793765723
3281617395243454427,2021-11,0.02217812939498221
3281617395243454427,2021-11,0.026139309104730595
3281617395243454427,2021-11,0.02587189549772235
1874361799315286610,2021-10,0.004503427308055876
1874361799315286610,2021-11,0.003877925530570567
7471183491728700531,2021-10,0.1266387646721215
6987942592445950913,2021-10,0.0021440695998674324
6987942592445950913,2021-11,0.004255549498851305
6987942592445950913,2021-11,0.020815260884278146
6987942592445950913,2021-11,0.0042478817449928905
6987942592445950913,2021-11,0.0041849364040833885
4495596792165551705,2021-10,0.014161438038572963
7571271990906543121,2021-10,0.012258523116313818
2092588065958607289,2021-10,0.004052892820343307
2092588065958607289,2021-10,0.004370706439531721
2092588065958607289,2021-10,0.008917131663052602
2092588065958607289,2021-11,0.009687460938034985
2092588065958607289,2021-11,0.009642852050657373
2092588065958607289,2021-11,0.006337250576056473
2092588065958607289,2021-11,0.004772444085830545
6204723742351094322,2021-10,0.004173795156605329
6204723742351094322,2021-11,0.022227852356684764
6020593949794792044,2021-10,0.13825342958813447
6020593949794792044,2021-10,0.1393994120521133
6020593949794792044,2021-10,0.13825342958813447
6020593949794792044,2021-10,0.13649028653073234
511305041047444825,2021-10,0.020170719563051713
511305041047444825,2021-11,0.020700109781141344
835441927760881602,2021-10,0.13970005395710652
835441927760881602,2021-10,0.13970005395710652
835441927760881602,2021-10,0.10513260749686054
835441927760881602,2021-11,0.14457504058906734
2407532237672094312,2021-10,0.005557457064908656
2407532237672094312,2021-11,0.009938055007935287
2407532237672094312,2021-11,0.008700597288609956
2735662700719640627,2021-10,0.041418379856324725
2735662700719640627,2021-11,0.041842356251307215
2735662700719640627,2021-11,0.03219167607976275
8409181491723988567,2021-10,0.00648629278371651
4090195792518021727,2021-10,0.007238162914557612
4090195792518021727,2021-11,0.006018294158579432
410843023337872279,2021-10,0.006817933846014113
410843023337872279,2021-11,0.008424684699292627
8926565682509268383,2021-10,0.006362679021950701
8926565682509268383,2021-10,0.011126087282720321
8926565682509268383,2021-10,0.01165980664530443
8926565682509268383,2021-10,0.011407883873194287
8926565682509268383,2021-11,0.008210412607284178
8926565682509268383,2021-11,0.009396064473920178
8926565682509268383,2021-11,0.009271086275614904
8926565682509268383,2021-11,0.010036321140953592
8926565682509268383,2021-11,0.0047089782006650436
8926565682509268383,2021-11,0.004019730062912997
8926565682509268383,2021-11,0.006758552556922393
963687627963462983,2021-10,0.0012800762824903553
963687627963462983,2021-10,0.0024926847428688036
963687627963462983,2021-11,0.0029334268034854156
963687627963462983,2021-11,0.0029334268034854156
1078687383992817574,2021-10,0.18998181585578192
8376902089871279815,2021-10,0.006517680206101069
8376902089871279815,2021-10,0.007166341627346533
3682570285558758138,2021-10,0.007401477853692128
3682570285558758138,2021-11,0.016990803724586084
5799279645678609726,2021-10,0.03919479900785211
5799279645678609726,2021-11,0.13898954800466892
8503092146854371576,2021-10,0.012144474501276469
8503092146854371576,2021-11,0.5142583426169639
8503092146854371576,2021-11,0.008152859859193359
8503092146854371576,2021-11,0.005981695373542711
2012477868296377155,2021-10,0.022009949534311447
7215093571368368138,2021-10,0.12163570856838063
7215093571368368138,2021-10,0.0908686650710549
7215093571368368138,2021-11,0.12279773377773494
7215093571368368138,2021-11,0.0950049811697581
1678680306005074426,2021-10,0.009638705762202967
1678680306005074426,2021-10,0.009638705762202967
1678680306005074426,2021-11,0.010170270096073927
1678680306005074426,2021-11,0.00909349372337957
2943087245123311166,2021-10,0.013448967587580801
2943087245123311166,2021-11,0.025594514190068553
2943087245123311166,2021-11,0.013140146070070956
2943087245123311166,2021-11,0.01774575733252658
2943087245123311166,2021-11,0.01549554638055506
4165983075385227812,2021-10,0.008341940047544901
4165983075385227812,2021-10,0.007606386234838055
4165983075385227812,2021-11,0.00705704898596131
5786895437851445408,2021-10,0.03095349499009706
5786895437851445408,2021-11,0.031422224773445175
5786895437851445408,2021-11,0.02582879089003609
503021894071666233,2021-10,0.05552102828298892
503021894071666233,2021-11,0.05561301303655971
6056959220685085102,2021-10,0.11481372204820843
5993832136957065909,2021-10,0.014570753621680461
4641659186059167709,2021-10,0.07286404648237185
4641659186059167709,2021-11,0.05069077935285904
4898797487317475277,2021-10,0.01598441197443686
1052398277967427422,2021-10,0.01040818149620969
1052398277967427422,2021-11,0.006915476549101065
1052398277967427422,2021-11,0.002474430213139032
5528372913947954503,2021-10,0.021672020273833376
903093877129717133,2021-10,0.003417588162214528
903093877129717133,2021-10,0.0049357130993786845
903093877129717133,2021-11,0.00376830594897754
7529137091657891207,2021-10,0.12786755229955532
3156852928909455203,2021-10,0.01158125753354229
3156852928909455203,2021-10,0.012585999962625547
3156852928909455203,2021-11,0.011257270303073866
510795635145114083,2021-10,0.007024328215221658
510795635145114083,2021-11,0.0073540023440111
510795635145114083,2021-11,0.007327147493478018
510795635145114083,2021-11,0.008007654117513169
510795635145114083,2021-11,0.007652546729436543
6337915293429442229,2021-10,0.056190425361588366
7908414709866823255,2021-10,0.016075096776040708
7908414709866823255,2021-10,0.01592836598218531
7908414709866823255,2021-11,0.008586888513204887
7908414709866823255,2021-11,0.007961782224065642
7908414709866823255,2021-11,0.007844237637236054
7908414709866823255,2021-11,0.008782968391078037
2347028805684088098,2021-10,0.005231584920745378
2347028805684088098,2021-11,0.015057125228870533
2347028805684088098,2021-11,0.002655609427149008
5893903674205161232,2021-10,0.004143793610076413
5893903674205161232,2021-11,0.0026581040553007203
4061297388883391410,2021-10,0.005909504868204524
4061297388883391410,2021-11,0.006393751414697075
4061297388883391410,2021-11,0.004487968115146777
7949169060790541229,2021-10,0.0074438368907248425
6521201759558790083,2021-10,0.005938546624707855
2209806355660046187,2021-10,0.009938343174713352
2209806355660046187,2021-11,0.007789053437619998
5358243820364010940,2021-10,0.008017464409385718
1683619849073499603,2021-10,0.006852035901194786
1683619849073499603,2021-11,0.004395122191267051
1683619849073499603,2021-11,0.019941375257241177
1683619849073499603,2021-11,0.0052923534612086135
1683619849073499603,2021-11,0.0052923534612086135
6462952350255736003,2021-10,0.006446867812864521
4675067298171588603,2021-10,0.0644700219907319
2250817603281429928,2021-10,0.0037978201893782877
3357976326879346012,2021-10,0.12369669608218645
3357976326879346012,2021-10,0.08717236652398798
5409960473983330744,2021-10,0.019677617270278773
5409960473983330744,2021-10,0.023038722460364675
5409960473983330744,2021-11,0.024162543525126687
1788369195969129749,2021-10,0.011990744568367994
5856610998569876318,2021-10,0.009643864689027762
5856610998569876318,2021-11,0.012343550265988693
3960251564708868781,2021-10,0.011431127338795566
3960251564708868781,2021-10,0.0055339606254508214
3960251564708868781,2021-11,0.0036007675207971536
3960251564708868781,2021-11,0.006786556484525282
8895160610329228780,2021-10,0.014969709494342943
2439954154030259398,2021-10,0.0034064264443903884
2439954154030259398,2021-11,0.003650466898114837
2439954154030259398,2021-11,0.0020329158547341183
6091519986999196884,2021-10,0.005418622249028993
7478791630746523220,2021-10,0.06162440686530067
7478791630746523220,2021-10,0.055066020389292536
7478791630746523220,2021-11,0.03252196971658348
8013668117699219722,2021-10,0.013444350868359297
8013668117699219722,2021-11,0.012042829638265433
8013668117699219722,2021-11,0.007081241572927308
1210783884008131648,2021-10,0.005798621211259625
1210783884008131648,2021-11,0.003540545686499065
1210783884008131648,2021-11,0.003236380459822501
2308217045093677129,2021-10,0.004380869118672019
2308217045093677129,2021-11,0.005000252051554016
69766362497027920,2021-10,0.06328735695629435
6754039979151386401,2021-10,0.011850561776296235
5860276371789140450,2021-10,0.02271558216108173
5860276371789140450,2021-11,0.030655498254048216
5860276371789140450,2021-11,0.02565784302215556
1778014915038250584,2021-10,0.19306024695736254
5481711897502154955,2021-10,0.01836393692915837
5481711897502154955,2021-11,0.01007236657523234
5481711897502154955,2021-11,0.009305701014085642
6061850657256270336,2021-10,0.011873124274245426
6061850657256270336,2021-11,0.016752825244928715
6061850657256270336,2021-11,0.013003802383547529
8350724667410677464,2021-10,0.018289526179006466
8350724667410677464,2021-11,0.0202211538215408
3387580208304842365,2021-10,0.010603386726343504
3386019519917828299,2021-10,0.008272355963791762
3386019519917828299,2021-10,0.006643490113664712
3045840317107313913,2021-10,0.008308323780360637
3045840317107313913,2021-11,0.004641802029941028
8680213253228719510,2021-10,0.0062797044146009695
7754936094607992857,2021-10,0.008574883748625512
7754936094607992857,2021-11,0.006172363041901881
7754936094607992857,2021-11,0.006434729085685154
2768068015169423097,2021-10,0.014877989144970797
8292458529987016717,2021-10,0.009621951817207198
8292458529987016717,2021-11,0.005015517208604857
1543875954928694094,2021-10,0.008430535649116909
1543875954928694094,2021-11,0.006412911280211386
652740132671309295,2021-10,0.023351396009465352
652740132671309295,2021-11,0.020727395012810637
652740132671309295,2021-11,0.015252113592105127
5958664040344043635,2021-10,0.00881316161822471
3382609338395832683,2021-10,0.04430448268905607
2106875407768047316,2021-10,0.009299331774555743
2106875407768047316,2021-11,0.07621106892786216
2106875407768047316,2021-11,0.008857575396211828
1334091158016312155,2021-10,0.024895689978044252
2554972344348383830,2021-10,0.011642677716033258
2554972344348383830,2021-11,0.01154187478850847
2554972344348383830,2021-11,0.005245504299663553
5558533999208199371,2021-10,0.4452661705724913
4524147234488547993,2021-10,0.007470562712235855
4524147234488547993,2021-11,0.0079204349132751
4524147234488547993,2021-11,0.008852718753391881
4569866309119931805,2021-10,0.012242098192367013
4569866309119931805,2021-11,0.008559914261943186
3161361581909316305,2021-10,0.010669270183786373
3161361581909316305,2021-11,0.005338503546765464
4095739077267179172,2021-10,0.04666721126106895
4095739077267179172,2021-10,0.03727266862352596
4095739077267179172,2021-11,0.037715450138892895
4095739077267179172,2021-11,0.02896091648478847
8245393384938410770,2021-10,0.005093987987945329
8245393384938410770,2021-11,0.007573218501159079
8245393384938410770,2021-11,0.007199217260182031
8245393384938410770,2021-11,0.008357556618928098
8245393384938410770,2021-11,0.008308609053094431
8245393384938410770,2021-11,0.008308609053094431
1299146298565441811,2021-10,0.024916127825044557
1299146298565441811,2021-11,0.011264131482633994
1033361676287635885,2021-10,0.03129472532607678
7260748352873493818,2021-10,0.06197069076088475
7260748352873493818,2021-11,0.05511481535422202
2687720147676132707,2021-10,0.007910350477787468
2687720147676132707,2021-11,0.008098174800446034
2687720147676132707,2021-11,0.005293327961811728
7779268298304613772,2021-10,0.013646899626363965
7779268298304613772,2021-11,0.008688043696522313
7779268298304613772,2021-11,0.009881533535184174
7779268298304613772,2021-11,0.004937395592220473
7779268298304613772,2021-11,0.005750969045014403
8185063234515056194,2021-10,0.010992228877361733
8185063234515056194,2021-11,0.00761543798793332
8185063234515056194,2021-11,0.009766939099641667
4993499380140734678,2021-10,0.011058391360150882
5687511145009775604,2021-10,0.2519002912324302
5687511145009775604,2021-10,0.2519002912324302
8576047157867370630,2021-10,0.11621342126352827
8576047157867370630,2021-11,0.5286908282935933
3915426102465954493,2021-10,0.016658929501104147
3915426102465954493,2021-11,0.010451132921014747
8623308321032624474,2021-10,0.09307900638318882
8623308321032624474,2021-11,0.07525667750281026
180672270337706285,2021-10,0.12107885665876242
7236776406341522879,2021-10,0.010818295494685248
7236776406341522879,2021-11,0.00324055597367096
4532469127306079736,2021-10,0.010752534543532713
4532469127306079736,2021-11,0.004338807300935393
2903869860445366876,2021-10,0.011618260866875606
2903869860445366876,2021-11,0.003406418296644356
1343530446996409207,2021-10,0.008990848531610592
1343530446996409207,2021-11,0.008516682750568093
2573553293518763494,2021-10,0.011816489452533127
2573553293518763494,2021-11,0.006552361968901843
2573553293518763494,2021-11,0.0076674680358868605
4635578010631860111,2021-10,0.009527122973585876
5465001651966355821,2021-10,0.015518697119908796
5465001651966355821,2021-10,0.013850624070597142
66220087398241662,2021-10,0.006864920621246917
66220087398241662,2021-11,0.00573961549943875
66220087398241662,2021-11,0.005107678490428794
66220087398241662,2021-11,0.0051840695267316595
5706551050445880395,2021-10,0.627522322240645
5706551050445880395,2021-11,0.3818504680181933
5706551050445880395,2021-11,0.43378439667254903
6134696632487351445,2021-10,0.007392693744008403
6134696632487351445,2021-11,0.005725214669913104
6134696632487351445,2021-11,0.004617958460968883
6134696632487351445,2021-11,0.010755190921982821
968400235888951633,2021-10,0.012101076875587898
968400235888951633,2021-11,0.007272608515803913
1891145854263312840,2021-10,0.3095866228873501
1891145854263312840,2021-11,0.04695660630538509
3283662016127058429,2021-10,0.008660546733569783
3283662016127058429,2021-11,0.006968287920988805
7692335720341018458,2021-10,0.005531583738248193
7692335720341018458,2021-11,0.005388808975548428
191536915328669008,2021-10,0.25592595941474117
2805743565496207618,2021-10,0.012357900250409962
6030285068945261052,2021-10,0.007527482820105483
6030285068945261052,2021-11,0.0063237497229765875
6030285068945261052,2021-11,0.005658103082063791
3095408468798675621,2021-11,0.007817156717094549
3095408468798675621,2021-11,0.007213656705966642
3095408468798675621,2021-11,0.00502427521888986
2678966409665050034,2021-11,0.012643568453579881
2678966409665050034,2021-11,0.008079629918437527
2678966409665050034,2021-11,0.008258826058041938
6528158819463595826,2021-11,0.006223100621130551
6528158819463595826,2021-11,0.006094165652595712
3970610368027129821,2021-11,0.007194527863800783
107343823625119033,2021-11,0.008574980938738347
107343823625119033,2021-11,0.007615049575773854
107343823625119033,2021-11,0.006787820120597464
7444686668183702737,2021-11,0.009732509332375875
7444686668183702737,2021-11,0.007915197495081173
7444686668183702737,2021-11,0.0044760791403726
7444686668183702737,2021-11,0.005286870062880055
1028630885537616736,2021-11,0.005446589526897308
8559143756893267192,2021-11,0.0677476302728742
8559143756893267192,2021-11,0.04483477474826775
2191990606593345695,2021-11,0.015919175780619646
6100972975033180377,2021-11,0.006098957010643681
6100972975033180377,2021-11,0.006082687090829676
6100972975033180377,2021-11,0.011710216711802057
6100972975033180377,2021-11,0.006637203395943127
4980232475645447238,2021-11,0.00969510349832402
4980232475645447238,2021-11,0.007057620186883001
4980232475645447238,2021-11,0.006552438152566821
792560389712312178,2021-11,0.0036472626315302327
792560389712312178,2021-11,0.0037441142107044623
6643358471662528195,2021-11,0.008483979510813741
6643358471662528195,2021-11,0.006595766075651987
271068078606473697,2021-11,0.002981365737657299
8027035272622701013,2021-11,0.242450054516479
2522900990060384939,2021-11,0.0706964064502262
2522900990060384939,2021-11,0.06773085526544284
2522900990060384939,2021-11,0.05882840141324351
8274986328479596038,2021-11,0.21514985101131498
5635781225931111684,2021-11,0.010489054056023475
5635781225931111684,2021-11,0.010489054056023475
5635781225931111684,2021-11,0.009120710803550825
5974858472822751652,2021-11,0.003443168714084889
5974858472822751652,2021-11,0.003443168714084889
5974858472822751652,2021-11,0.013493860258647286
5974858472822751652,2021-11,0.0033892346324562216
8480109508191086169,2021-11,0.00641172332099494
8480109508191086169,2021-11,0.00663496750018123
8480109508191086169,2021-11,0.007649962189593654
8480109508191086169,2021-11,0.002549638160890844
5477900120643078645,2021-11,0.03489350403888511
5477900120643078645,2021-11,0.034670265667418515
2278650548373578523,2021-11,0.09770371284569782
7895753719321668294,2021-11,0.006986927670632678
7895753719321668294,2021-11,0.0035864179018647653
7895753719321668294,2021-11,0.004354380317987942
4104959289203999917,2021-11,0.005867087263711325
4104959289203999917,2021-11,0.006056797614957173
7387419407817356825,2021-11,0.06642002354762083
7442192566700924647,2021-11,0.0036990306092126346
7442192566700924647,2021-11,0.004208504856269353
7442192566700924647,2021-11,0.04174492579853153
7442192566700924647,2021-11,0.004141188857478275
7442192566700924647,2021-11,0.0019057115662591006
5503073374822479037,2021-11,0.02352987168693478
5503073374822479037,2021-11,0.02343210530482794
7038761645302069945,2021-11,0.0034731998116091967
8004409125524742779,2021-11,0.008954798636150316
8004409125524742779,2021-11,0.00698502329316415
460993244124061972,2021-11,0.0466201845415979
2003221759676247813,2021-11,0.003809142999978033
2003221759676247813,2021-11,0.0029697531399772033
4704892067681576893,2021-11,0.04503458330687775
1420529738304793615,2021-11,0.013318985410615115
5371387005775513675,2021-11,0.02714775969584353
5371387005775513675,2021-11,0.6119388053317233
5371387005775513675,2021-11,0.029184404163755135
7968118679747232249,2021-11,0.12322490286030499
7968118679747232249,2021-11,0.14870834299286073
7968118679747232249,2021-11,0.12476959070968677
1956406515279457110,2021-11,0.053804536949606595
1956406515279457110,2021-11,0.04356095543411797
683445437387317282,2021-11,0.240939838575947
1430896989654626045,2021-11,0.009436016506429196
1430896989654626045,2021-11,0.009436016506429196
1430896989654626045,2021-11,0.14529142035187495
1430896989654626045,2021-11,0.009436016506429196
1430896989654626045,2021-11,0.009346522303191478
7816319470107777265,2021-11,0.06053463855087722
7816319470107777265,2021-11,0.043663270955354466
7229721428946324455,2021-11,0.20130049865440092
6216982347344525048,2021-11,0.03757804968777448
5791518044186095039,2021-11,0.007181341253940779
5791518044186095039,2021-11,0.020271957346042802
7176848230239877915,2021-11,0.004094648788839921
7176848230239877915,2021-11,0.18254726259464113
7176848230239877915,2021-11,0.0028792040501919103
904857901361577913,2021-11,0.010338560856456035
4956614249204803652,2021-11,0.22276292410975804
1767360303789815418,2021-11,0.008031346783244183
4130617254899676131,2021-11,0.09151293288487417
3109771318936962520,2021-11,0.010780469862177306
3192341047315717823,2021-11,0.02430281506980675
4831988987853936627,2021-11,0.39269928800427584
1104269683367198574,2021-11,0.01787906609429009
1104269683367198574,2021-11,0.004649137051457301
6909701795322574613,2021-11,0.044005991456676774
4556737702757145073,2021-11,0.036858439130325396
4556737702757145073,2021-11,0.007994236560676172
7367321179169390502,2021-11,0.6482433280478092
4769364850030443969,2021-11,0.022384394079142497
4769364850030443969,2021-11,0.02009154683938533
2032592272238235730,2021-11,0.6086860410046357
2032592272238235730,2021-11,0.011349054697707375
9016049685460415544,2021-11,0.6972085619419464
226405871752897670,2021-11,0.00891774438007392
295375823203017296,2021-11,0.006904731731251303
4820852183212661131,2021-11,0.6856744109998019
4820852183212661131,2021-11,0.023502310436727725
4820852183212661131,2021-11,0.01454436194673371
696014079855281037,2021-11,0.27152125576024855
696014079855281037,2021-11,0.03423485773613091
696014079855281037,2021-11,0.03603038988105361
93982185886107798,2021-11,0.06382155966514104
7041489327620930099,2021-11,0.012753095269098413
3258345688897172820,2021-11,0.18710586152079564
7889351655716537527,2021-11,0.00617498419930421
3025708129948185495,2021-11,0.007420160756072386
3025708129948185495,2021-11,0.0060795129145494765
8646472172649019955,2021-11,0.5717729464248683
8646472172649019955,2021-11,0.2092509701220282
8646472172649019955,2021-11,0.2092509701220282
8646472172649019955,2021-11,0.2092509701220282
8646472172649019955,2021-11,0.2092509701220282
531805620371082364,2021-11,0.4524442818286478
8487807876567995441,2021-11,0.10271131348191509
8487807876567995441,2021-11,0.006697613283342737
8196449005061156808,2021-11,0.008222951875776763
8196449005061156808,2021-11,0.008719888208914714
8196449005061156808,2021-11,0.008299937045779604
8196449005061156808,2021-11,0.008222951875776763
8196449005061156808,2021-11,0.008299937045779604
8196449005061156808,2021-11,0.006262273232604697
5448628641564935127,2021-11,0.02346700894240217
6335613629467537085,2021-11,0.22897214312371156
1611146298923153842,2021-11,0.00502976007333029
8510653215962746781,2021-11,0.0035539947065827597
7696655736121386405,2021-11,0.028879621233553972
8400764778654490278,2021-11,0.013555811255975948
8400764778654490278,2021-11,0.009320036214425991
6617479989097680138,2021-11,0.0786093569524336
2025898153078562640,2021-11,0.008456800117180086
4919908458022265747,2021-11,0.009039802856176749
1044946691507317745,2021-11,0.006223631638527964
1246864346193559124,2021-11,0.024031578168453988
5489089370448387505,2021-11,0.038020930207206635
493667100055938118,2021-11,0.7989749735758221
8248484932270772248,2021-11,0.1116301266323565
3183208564139585182,2021-11,0.6586158084405356
4588313530969303734,2021-11,0.06060864149284986
4588313530969303734,2021-11,0.07043724064608985
4588313530969303734,2021-11,0.07878286558282191
2493688222671282470,2021-11,0.007089915353401535
2493688222671282470,2021-11,0.006088811736514852
9108733472015251498,2021-11,0.004669247167448397
9108733472015251498,2021-11,0.0046000868555948786
7646606457278894341,2021-11,0.0077280794808185565
238894451665334246,2021-11,0.16808868800621352
1239032704486561936,2021-11,0.6950293138454857
1239032704486561936,2021-11,0.4512390914434682
2900002014851776114,2021-11,0.30287233253111195
8535586342375301953,2021-11,0.00944279912201087
8535586342375301953,2021-11,0.00806198095082675
8464769152264029983,2021-11,0.011865056683369898
7457803471605010846,2021-11,0.004952431006258439
5517114603826429870,2021-11,0.010480197356760831
5757271354816214865,2021-11,0.7222628805876468
7870373680211625064,2021-11,0.010749727085216605
7870373680211625064,2021-11,0.010220190603493775
7870373680211625064,2021-11,0.006929217139150603
7870373680211625064,2021-11,0.008753798900353181
7870373680211625064,2021-11,0.007312694984380245
5082455700818638342,2021-11,0.039710593722587215
8374461419511631785,2021-11,0.01089908694652603
8374461419511631785,2021-11,0.005866595040989424
4202876623878743806,2021-11,0.03432615721324623
9156666134024889730,2021-11,0.008370604676179403
9156666134024889730,2021-11,0.008025681035035504
8828303152301461681,2021-11,0.014513428534786255
8828303152301461681,2021-11,0.01302424382535696
8511588642284189303,2021-11,0.02944077226277221
5460280878923715699,2021-11,0.006086044739292531
5714540197488862003,2021-11,0.16234811804005636
5714540197488862003,2021-11,0.1300869214130718
1963239178085807816,2021-11,0.004564028993289477
7221446976321358973,2021-11,0.003966983103936273
39547025441582855,2021-11,0.009075452980921496
4527499691197377217,2021-11,0.008352465202681597
6089029916190588614,2021-11,0.028991633774565574
1093053069479288753,2021-11,0.060632370737595656
6968106554514688300,2021-11,0.0388767609460364
7810985951121711480,2021-11,0.013864369493483323
5136739522477907100,2021-11,0.005219469454609531
1741049493106216406,2021-11,0.01479843058037218
1741049493106216406,2021-11,0.011838562395474596
1507697130807703164,2021-11,0.001850705695842882
1507697130807703164,2021-11,0.0019422976218179781
4530631557358349711,2021-11,0.010243025894053136
4530631557358349711,2021-11,0.018381575705751815
6547707428090179960,2021-11,0.01491019323415501
6547707428090179960,2021-11,0.006417089268629069
1117184216453911295,2021-11,0.005881859691761788
7722287846688771887,2021-11,0.004569483356366926
7722287846688771887,2021-11,0.0049895483687547384
7722287846688771887,2021-11,0.003100692659214214
4166581859919473627,2021-11,0.013723439180072565
2369364892942408355,2021-11,0.0060649387222452555
4723919748432185874,2021-11,0.004984252788903356
4512887927067894301,2021-11,0.028071117082744283
4512887927067894301,2021-11,0.02639667298451187
6842075380768862290,2021-11,0.04458252286201003
6842075380768862290,2021-11,0.050284990901190006
665505091521986356,2021-11,0.007784717341781908
665505091521986356,2021-11,0.004428182254419497
1533755281771668509,2021-11,0.004170432908212435
1533755281771668509,2021-11,0.004480768726847321
5855956854975734380,2021-11,0.005283387962373354
5855956854975734380,2021-11,0.004738631657718639
3431426889924624821,2021-11,0.018998394848374824
3431426889924624821,2021-11,0.016003593057699602
1269153452773908541,2021-11,0.005314119412785654
1696462947583294958,2021-11,0.0019157866249845687
1696462947583294958,2021-11,0.0019124965292072987
1738460583932152602,2021-11,0.22105409053131328
7492389223353246125,2021-11,0.07609345855385848
8174633018998080168,2021-11,0.0059715516298185795
6926309382371178621,2021-11,0.004483133091297563
5864443060004179363,2021-11,0.004248093280781763
5864443060004179363,2021-11,0.0020484543701544122
5864443060004179363,2021-11,0.0017339164852065824
7215053254854713098,2021-11,0.0024776291697561487
1462395707491634845,2021-11,0.7051041495931478
1462395707491634845,2021-11,0.7051041495931478
8843432852270832388,2021-11,0.006962093258786908
5288503299611498087,2021-11,0.034444438567294906
6284433051333854194,2021-11,0.0034901546912587205
6012031176108922616,2021-11,0.027064242995423052
6012031176108922616,2021-11,0.01736607339492769
993334998462320108,2021-11,0.5455790276903225
957773253650890560,2021-11,0.7021394286546178
5613825020130267729,2021-11,0.0027109293642651913
3421433989501830226,2021-11,0.014664322806459993
8332840690177201182,2021-11,0.3179447901690248
6094038865287329652,2021-11,0.6964047747371032
1712483726555581515,2021-11,0.0023251009138024335
1396078312562623766,2021-11,0.12228200312978844
2307201111381758912,2021-11,0.003852288585057874
1000372849175668062,2021-11,0.0033054075157519054
1129657311668961746,2021-11,0.015573400193579412
780065359501679358,2021-11,0.031629148662317044
121658372387044248,2021-11,0.013925358136822623
798425422240919854,2021-11,0.002143305404654223
7828430488099134389,2021-11,0.09856262790376608
5726178124659661019,2021-11,0.002201727281516548
5726178124659661019,2021-11,0.0024906589503184444
5726178124659661019,2021-11,0.0024906589503184444
5726178124659661019,2021-11,0.002236891254159592
2088532321693492263,2021-11,0.021635121077423835
4679462479444735708,2021-11,0.0027219546451565614
4679462479444735708,2021-11,0.0029942347979424492
4679462479444735708,2021-11,0.0030105116542869293
621182491555347581,2021-11,0.01830030102933157
621182491555347581,2021-11,0.02269728658450967
8901696535927078963,2021-11,0.004654262869404433
8901696535927078963,2021-11,0.004654262869404433
8901696535927078963,2021-11,0.005660697791629537
8901696535927078963,2021-11,0.005922849982122865
8901696535927078963,2021-11,0.005483479651979326
7444686668183702737,2021-11,0.003604705879613381
7444686668183702737,2021-11,0.004266174207782442
2092588065958607289,2021-11,0.004248818539843083
2092588065958607289,2021-11,0.0038573247961560635
2092588065958607289,2021-11,0.004248818539843083
2092588065958607289,2021-11,0.004248818539843083
2092588065958607289,2021-11,0.004451598883703853
2092588065958607289,2021-11,0.005236354327892017
4334472256949955221,2021-11,0.003428835309527313
6893616200284527465,2021-11,0.21399247851843883
7779268298304613772,2021-11,0.007972046639698496
7779268298304613772,2021-11,0.004210776159318705
7779268298304613772,2021-11,0.005732829546846149
8213533889694327948,2021-11,0.0038347390772299336
8213533889694327948,2021-11,0.003819693026608872
8213533889694327948,2021-11,0.0025209095251595565
7222128416864635362,2021-11,0.23659323497166612
5993765508162121762,2021-11,0.022419472758263784
5993765508162121762,2021-11,0.02831407158271737
5993765508162121762,2021-11,0.02498560340257396
8716163053080758848,2021-11,0.0045684175679261375
8716163053080758848,2021-11,0.0033497512140914258
8716163053080758848,2021-11,0.004209228047489898
1430896989654626045,2021-11,0.0061903072266142264
1430896989654626045,2021-11,0.0066122279811440905
1592581784061157609,2021-11,0.13311926456863754
8536031856585966123,2021-11,0.02637104078829472
8536031856585966123,2021-11,0.02659418750057222
8536031856585966123,2021-11,0.02918318846949955
8536031856585966123,2021-11,0.03676244273295676
7963861799566207637,2021-11,0.003842926073981761
8123515208041701633,2021-11,0.023987140675446623
8123515208041701633,2021-11,0.027563861951773672
5714540197488862003,2021-11,0.15379760088375632
5714540197488862003,2021-11,0.17078047969608665
5714540197488862003,2021-11,0.17638552838616908
7330131219998265639,2021-11,0.0035956222311962233
7330131219998265639,2021-11,0.004044473439105928
1951407691087813358,2021-11,0.0017932180724939467
6969348581033924947,2021-11,0.006815296641490273
6969348581033924947,2021-11,0.0065213592363990835
6969348581033924947,2021-11,0.006815296641490273
8374461419511631785,2021-11,0.01106247626056771
8374461419511631785,2021-11,0.004552015791259472
5136739522477907100,2021-11,0.007251062084046707
8609938720215175911,2021-11,0.01022541225221965
8609938720215175911,2021-11,0.014268784715793672
5897410907783139228,2021-11,0.005330534239919057
49632905576538927,2021-11,0.004686037221041346
3408536439470975134,2021-11,0.0022206138167358016
3408536439470975134,2021-11,0.0028595303948183784
3408536439470975134,2021-11,0.002405096578464009
3408536439470975134,2021-11,0.0024148595305749404
7664272163315705419,2021-11,0.006197264780678807
7664272163315705419,2021-11,0.006839263365641652
7664272163315705419,2021-11,0.006362519385272016
7664272163315705419,2021-11,0.006856770255961104
8596605705893456305,2021-11,0.2718536093703471
8596605705893456305,2021-11,0.29914447378694553
1551531256789550891,2021-11,0.007521258241618615
792560389712312178,2021-11,0.0019755912245432595
7403979270048469991,2021-11,0.002444557485893604
1507697130807703164,2021-11,0.0016057674592821836
1507697130807703164,2021-11,0.001830035972715602
410843023337872279,2021-11,0.012117169502413733
7231408738455755015,2021-11,0.6310025280491712
7686361238195690925,2021-11,0.00538003917238644
4661684997487171886,2021-11,0.0055854410376702255
4661684997487171886,2021-11,0.005906618960943716
4661684997487171886,2021-11,0.005977467468531922
4661684997487171886,2021-11,0.005585472279282588
4661684997487171886,2021-11,0.005827919736229034
8926565682509268383,2021-11,0.0048970185101946334
8926565682509268383,2021-11,0.005439350211685504
8013668117699219722,2021-11,0.012267911206820147
8173830874846355280,2021-11,0.00664923306872504
8173830874846355280,2021-11,0.00664923306872504
8173830874846355280,2021-11,0.006771484627863196
8173830874846355280,2021-11,0.007390263122590516
8173830874846355280,2021-11,0.007059389185451894
3977861004707764824,2021-11,0.008749181881001907
3977861004707764824,2021-11,0.009716851963331163
3977861004707764824,2021-11,0.010864258356102495
3977861004707764824,2021-11,0.011499626429246582
3977861004707764824,2021-11,0.009776079822999563
3977861004707764824,2021-11,0.010802968848762487
3812760626052898456,2021-11,0.004619013560722343
1106971614386004604,2021-11,0.046731230744056364
1106971614386004604,2021-11,0.04764003859659538
8348574220426911086,2021-11,0.00716769284132512
7268895973869107930,2021-11,0.0034186579985539135
7268895973869107930,2021-11,0.0041521816839251375
7268895973869107930,2021-11,0.0041521816839251375
7268895973869107930,2021-11,0.003851464587647535
4831988987853936627,2021-11,0.033314055783612836
984915269987074754,2021-11,0.0036353423536178687
984915269987074754,2021-11,0.0036500809414250915
7269781193318890653,2021-11,0.002602929375063909
7269781193318890653,2021-11,0.0027668393082821196
7269781193318890653,2021-11,0.003300241286284571
7269781193318890653,2021-11,0.002602770901385975
7085295800541340563,2021-11,0.002415053427649326
7085295800541340563,2021-11,0.005084248671521279
7930925883736021864,2021-11,0.002829287463626169
7930925883736021864,2021-11,0.0030924164450562472
7930925883736021864,2021-11,0.003230692850577672
7930925883736021864,2021-11,0.004389472177422711
1235244772550233980,2021-11,0.003046526961343938
1235244772550233980,2021-11,0.003046526961343938
3355881107559250653,2021-11,0.00302076885477578
3355881107559250653,2021-11,0.0047693599063699165
3355881107559250653,2021-11,0.0042934965973990165
3355881107559250653,2021-11,0.0042934965973990165
3355881107559250653,2021-11,0.00372524594034591
3355881107559250653,2021-11,0.004299873467657239
5481711897502154955,2021-11,0.012444244638798993
5481711897502154955,2021-11,0.013476996796399408
2290083177086946553,2021-11,0.003934876761762669
1366416810235233769,2021-11,0.004261391590716585
1156053485989336481,2021-11,0.06664930302753733
1156053485989336481,2021-11,0.06588629245372102
1156053485989336481,2021-11,0.06664930302753733
1156053485989336481,2021-11,0.06843648805448918
1156053485989336481,2021-11,0.06886224293596206
1156053485989336481,2021-11,0.06831802339916174
1156053485989336481,2021-11,0.0680178291471464
1156053485989336481,2021-11,0.06831802339916174
1192891347324061812,2021-11,0.004291105864565453
1192891347324061812,2021-11,0.004837067409002627
1192891347324061812,2021-11,0.004306973965448193
1192891347324061812,2021-11,0.003969631448973651
5761480994209806499,2021-11,0.000997887716749871
5761480994209806499,2021-11,0.0009819876752726214
5761480994209806499,2021-11,0.0012113804298688388
5761480994209806499,2021-11,0.0011015038819169856
5761480994209806499,2021-11,0.0011214590739298533
5761480994209806499,2021-11,0.001054575478808575
5761480994209806499,2021-11,0.0012590968517836906
5761480994209806499,2021-11,0.0011566871816666815
5761480994209806499,2021-11,0.0013514632839269035
2397171153213063761,2021-11,0.002495907973160721
2397171153213063761,2021-11,0.0025304075547607757
2397171153213063761,2021-11,0.0025494625780045207
2397171153213063761,2021-11,0.0027459100520233347
6858769421191999702,2021-11,0.002460294941126333
6858769421191999702,2021-11,0.0020611972439888828
5409960473983330744,2021-11,0.022943113552301848
5409960473983330744,2021-11,0.024408076450552124
3543162424793477785,2021-11,0.005968622347970215
7908414709866823255,2021-11,0.005066076388987408
7908414709866823255,2021-11,0.006234438700219192
7908414709866823255,2021-11,0.0063758497453862365
7120090169052575663,2021-11,0.003937486973050389
7120090169052575663,2021-11,0.00418551963902777
7665801401860589626,2021-11,0.004859592178192536
6968106554514688300,2021-11,0.013252617609620453
8609211777002937758,2021-11,0.0032479808968797494
4571290108043699959,2021-11,0.0020143919295706907
6217788509719675691,2021-11,0.003968857459950376
6217788509719675691,2021-11,0.003076837473347682
6217788509719675691,2021-11,0.003228688845195276
6053752047545474051,2021-11,0.003199831269368551
6053752047545474051,2021-11,0.00480408570394971
8529899700094903171,2021-11,0.005728632437679715
8529899700094903171,2021-11,0.005734394509647529
8529899700094903171,2021-11,0.005728632437679715
8529899700094903171,2021-11,0.005720507646649494
8529899700094903171,2021-11,0.007592576887541432
8529899700094903171,2021-11,0.005720507646649494
8292458529987016717,2021-11,0.0027554211525220866
3045840317107313913,2021-11,0.00234578227603397
3045840317107313913,2021-11,0.00234578227603397
3045840317107313913,2021-11,0.0031576410444569924
2347028805684088098,2021-11,0.002202290813970311
2347028805684088098,2021-11,0.0022700183148057344
903093877129717133,2021-11,0.0017544281353406154
903093877129717133,2021-11,0.0021435693912998173
903093877129717133,2021-11,0.002043202615783986
903093877129717133,2021-11,0.0019997091613486576
7485107528960607346,2021-11,0.06486623766248995
7468724002190465812,2021-11,0.014897239815678304
6987942592445950913,2021-11,0.001780627956218388
1044946691507317745,2021-11,0.0035413638247422897
4537982850248578883,2021-11,0.005343305100403628
1617695035450525647,2021-11,0.0020532040181953076
1617695035450525647,2021-11,0.0022750690351405383
1617695035450525647,2021-11,0.0045901109561527565
1617695035450525647,2021-11,0.0022044062821424603
5082813456193598086,2021-11,0.003476621108706296
5082813456193598086,2021-11,0.0036387600922037
6349142675790687765,2021-11,0.12980012365218957
7751080728852739823,2021-11,0.001739441991640932
257162352336759783,2021-11,0.0047986885642684485
257162352336759783,2021-11,0.004631958916308019
1269153452773908541,2021-11,0.004907805925158176
8464809590757561185,2021-11,0.004221306744007959
4045739494965095560,2021-11,0.0024482440982885206
4045739494965095560,2021-11,0.0025949221920055286
8889055492416898333,2021-11,0.029432000648279475
8889055492416898333,2021-11,0.010471384534001326
8889055492416898333,2021-11,0.012322031822476669
6394935036014530592,2021-11,0.004461189624375997
6394935036014530592,2021-11,0.0043001858525811235
6916556752218696485,2021-11,0.00432846506175273
6916556752218696485,2021-11,0.006139634333110131
6916556752218696485,2021-11,0.006254496348609436
6916556752218696485,2021-11,0.00541828240064313
665505091521986356,2021-11,0.011861361801223247
8961924617442201922,2021-11,0.00476474691309108
312543480920432545,2021-11,0.0049448148127806905
312543480920432545,2021-11,0.005001755303872939
312543480920432545,2021-11,0.006184077630884525
6927178425683104769,2021-11,0.01294382997181618
6927178425683104769,2021-11,0.008090865951775167
6927178425683104769,2021-11,0.007469298350024186
7613717984547031729,2021-11,0.0041626283769386424
7613717984547031729,2021-11,0.004110482439035092
7613717984547031729,2021-11,0.003977299333830499
5304536516981778801,2021-11,0.005269633675388639
5304536516981778801,2021-11,0.005204395854256764
2780030912070252968,2021-11,0.12496583971373162
9205015186723569289,2021-11,0.027912123590441786
6330043096034525408,2021-11,0.12205755558320451
3137879241768961145,2021-11,0.0029185438479704113
4414438591613884911,2021-11,0.007491106188765565
5373371196946859811,2021-11,0.015155621871182065
8874257794774679816,2021-11,0.010475823155574302
8874257794774679816,2021-11,0.010475823155574302
6784879562354696650,2021-11,0.029943386141698454
8195468623809753777,2021-11,0.007179901701057437
8195468623809753777,2021-11,0.007179901701057437
5225029212547588718,2021-11,0.006423602044285494
5225029212547588718,2021-11,0.0074158201769822345
5225029212547588718,2021-11,0.007636933004894502
4724876423989598202,2021-11,0.01099505427741545
4724876423989598202,2021-11,0.006451909591799778
6284433051333854194,2021-11,0.004338026318901651
6284433051333854194,2021-11,0.004286645461103724
417157680860985231,2021-11,0.0016361508007638336
7395696797140470088,2021-11,0.0015006654883496495
7395696797140470088,2021-11,0.0016631796044719051
2687720147676132707,2021-11,0.004757200088922027
3631603567749349715,2021-11,0.008512687342507269
2032592272238235730,2021-11,0.013966273057559084
2032592272238235730,2021-11,0.009531233159201787
6238903426443761049,2021-11,0.006240202700952172
6238903426443761049,2021-11,0.004910505871390853
6238903426443761049,2021-11,0.005376636518602955
6471448246085839373,2021-11,0.009034004239591099
3472934456083131714,2021-11,0.00475212281966159
3472934456083131714,2021-11,0.004641130166465548
4740535838297269949,2021-11,0.0023024564107064468
4740535838297269949,2021-11,0.0024342241080814947
6582676833651678345,2021-11,0.002327336986440475
6582676833651678345,2021-11,0.0025407008210476677
6582676833651678345,2021-11,0.0028589733623502716
324916756972236008,2021-11,0.006679695260993944
324916756972236008,2021-11,0.007186235868422918
324916756972236008,2021-11,0.007318287922065217
2658946240987854807,2021-11,0.0024646416527367215
2658946240987854807,2021-11,0.002731510216007861
5042877476420217533,2021-11,0.003279658186977913
1003144834589372198,2021-11,0.003436399991533035
4635578010631860111,2021-11,0.005745420880906845
5462970244186515758,2021-11,0.0053584788224986446
5462970244186515758,2021-11,0.004306383721867776
5462970244186515758,2021-11,0.0041722535209431965
7182085930008391174,2021-11,0.007409901465030343
6352592240901579272,2021-11,0.0056637786446753335
7710364735942975505,2021-11,0.017323890248418062
5460280878923715699,2021-11,0.004663931574666512
5460280878923715699,2021-11,0.0040163151755086895
93982185886107798,2021-11,0.004678105365184145
8080988579391900405,2021-11,0.008477471623325973
7397206777205091443,2021-11,0.00561018112833709
968199235777440720,2021-11,0.6262960472211596
968199235777440720,2021-11,0.01070575603115953
968199235777440720,2021-11,0.00898685015649908
2771214050521171719,2021-11,0.004387755972882455
2771214050521171719,2021-11,0.016337849556661805
6448580780254847411,2021-11,0.00746339284668417
8706851346184249504,2021-11,0.003187659176691149
6532139198609901627,2021-11,0.0048655508129481885
3591324331706630867,2021-11,0.08338046718307611
1182975716201409626,2021-11,0.009163650766219868
1182975716201409626,2021-11,0.00895468629928399
1182975716201409626,2021-11,0.006927638327704137
4641659186059167709,2021-11,0.04262041363983385
5611787644735474299,2021-11,0.002539779923550088
5611787644735474299,2021-11,0.0027075023868877966
5611787644735474299,2021-11,0.0027229955710233694
5611787644735474299,2021-11,0.0025274241359580234
5611787644735474299,2021-11,0.0024711014208187413
2634859679238614382,2021-11,0.00230636983403795
2634859679238614382,2021-11,0.0038929937116084453
2634859679238614382,2021-11,0.00230636983403795
6486277549325701534,2021-11,0.004428306485766351
6486277549325701534,2021-11,0.007547608441708907
8623308321032624474,2021-11,0.07652752068580475
3668905663669864663,2021-11,0.002937600357793726
3668905663669864663,2021-11,0.002937600357793726
295375823203017296,2021-11,0.004088472551028314
5271591321704178730,2021-11,0.013709283702760037
4762256864594914240,2021-11,0.005830758479641643
2598475569074240783,2021-11,0.005083585954342741
4071158585850879204,2021-11,0.02402380533867029
4071158585850879204,2021-11,0.023399294576812762
5503073374822479037,2021-11,0.020681399543961723
5503073374822479037,2021-11,0.020591008025169565
1741049493106216406,2021-11,0.015508792348241695
2346482557594782345,2021-11,0.011705234629862699
2346482557594782345,2021-11,0.009971642094681188
2346482557594782345,2021-11,0.010131000695783675
2407532237672094312,2021-11,0.007035056087015253
2407532237672094312,2021-11,0.006735750442458347
5048392903148444335,2021-11,0.03313744836651944
5048392903148444335,2021-11,0.022927509778373375
6198047969028248384,2021-11,0.0037970450610158783
3660744270380078352,2021-11,0.04937014016461243
3660744270380078352,2021-11,0.12619689567630818
3660744270380078352,2021-11,0.022608966347516593
7215053254854713098,2021-11,0.004119619971435842
8015571584405428572,2021-11,0.030507953123250182
6118873739225005756,2021-11,0.0020730771105675586
3386019519917828299,2021-11,0.0029674305244248205
3386019519917828299,2021-11,0.0025976834821440646
2900002014851776114,2021-11,0.28473974967448856
7398738404146260251,2021-11,0.005176178779625176
8313765100460016738,2021-11,0.27927231947011794
6547707428090179960,2021-11,0.005797259913052242
710593997981520423,2021-11,0.0051243931627048475
8409181491723988567,2021-11,0.0024015716748456545
5108407319813072955,2021-11,0.0025510097167629944
4335865859049992260,2021-11,0.0026411315226647445
6122719618012473549,2021-11,0.00451346017398274
460993244124061972,2021-11,0.03403007208265862
459290606780222306,2021-11,0.0032281076722193596
459290606780222306,2021-11,0.002846388048892812
459290606780222306,2021-11,0.0030104375396017365
6276792736652545216,2021-11,0.004098092749620286
8487807876567995441,2021-11,0.004280042691656313
8487807876567995441,2021-11,0.004556368423264495
5522764880180045081,2021-11,0.004178491439885852
2191990606593345695,2021-11,0.013781189886994229
2903869860445366876,2021-11,0.004066057792159998
7347715771145302549,2021-11,0.003241245722261029
5057726374207815794,2021-11,0.04317195778678205
1616952665234409442,2021-11,0.025132307610111725
5706551050445880395,2021-11,0.42402075667544736
1454789421854453615,2021-11,0.0304120705812063
3285246914299291124,2021-11,0.008392548543559348
8733525963966339207,2021-11,0.2703101595843461
4717717003637613480,2021-11,0.003938064966473611
4717717003637613480,2021-11,0.003576290833901132
3192341047315717823,2021-11,0.022420877014855324
8287608084245946173,2021-11,0.00504305881205021
9184785003280841216,2021-11,0.01683664929684147
9184785003280841216,2021-11,0.018882091410175317
170089315547146305,2021-11,0.017157579084620556
8196449005061156808,2021-11,0.005719265304960337
8196449005061156808,2021-11,0.004896205079008161
8826489829259520138,2021-11,0.0039929813913186585
8826489829259520138,2021-11,0.0039929813913186585
8826489829259520138,2021-11,0.003297459727999982
8350724667410677464,2021-11,0.015419350934113167
8784237149961904,2021-11,0.004638029465404371
5635781225931111684,2021-11,0.006436821485797203
6842075380768862290,2021-11,0.06608339891288964
6842075380768862290,2021-11,0.06407952277569029
4995217181024687397,2021-11,0.003331525409122569
4723919748432185874,2021-11,0.0036739936494564703
4723919748432185874,2021-11,0.0036739936494564703
4723919748432185874,2021-11,0.003351784274919446
1977574645216036803,2021-11,0.29906582937259896
1343530446996409207,2021-11,0.004396320254219876
9206030810342980458,2021-11,0.0037772619927866004
9206030810342980458,2021-11,0.004992096218412559
9052787288251876909,2021-11,0.004767032537236693
9052787288251876909,2021-11,0.004999816127459735
3156852928909455203,2021-11,0.009542647497582622
3156852928909455203,2021-11,0.009008247135451572
7595945751692012281,2021-11,0.006181618780831846
1678680306005074426,2021-11,0.006322090306758369
4327694790333781288,2021-11,0.0041946040798313735
4593070249039532001,2021-11,0.004933610417129411
4593070249039532001,2021-11,0.004547395871997517
3118152790263512426,2021-11,0.0040826110815185
1788369195969129749,2021-11,0.004007903284970292
4342146186255136598,2021-11,0.009436101247368796
4342146186255136598,2021-11,0.007407873815428347
2573553293518763494,2021-11,0.004667454045711789
2573553293518763494,2021-11,0.00420909731840649
5067621068959932809,2021-11,0.03949861875467795
5067621068959932809,2021-11,0.02712303989877215
2123312420728961012,2021-11,0.015768394499102105
4018182555897034052,2021-11,0.005303004823674872
4018182555897034052,2021-11,0.0029561753333555755
4018182555897034052,2021-11,0.003066183664806964
3248432590399829766,2021-11,0.0021112532247875566
4347826483121154490,2021-11,0.002268030681991594
4347826483121154490,2021-11,0.0019632115127694665
4347826483121154490,2021-11,0.001971184275505052
2128970218770090704,2021-11,0.004030844029703004
1052398277967427422,2021-11,0.0030999958647250545
8909740532547211288,2021-11,0.002960361725243989
2408009918678280470,2021-11,0.0036287164169829635
2408009918678280470,2021-11,0.004748406709720184
2408009918678280470,2021-11,0.003995047704587917
5166128847048245697,2021-11,0.018869195345848692
6615694774618628402,2021-11,0.020348510601472115
8049805689946244047,2021-11,0.019571925581100304
6950439982480713649,2021-11,0.1119017172319494
1683619849073499603,2021-11,0.0024118790232874198
5440313607363845188,2021-11,0.0022464913613822694
9127318190908282126,2021-11,0.0032414751718195687
1117184216453911295,2021-11,0.009173811213977647
1117184216453911295,2021-11,0.009173811213977647
1097345589386012260,2021-11,0.009845177959528429
8004409125524742779,2021-11,0.003221344225764642
4898797487317475277,2021-11,0.07866934154382782
4785355632922927313,2021-11,0.14716555827971703
5752688018135006198,2021-11,0.011666993875856999
1477629972594346481,2021-11,0.010279841397062128
1477629972594346481,2021-11,0.010279841397062128
5477900120643078645,2021-11,0.03157591072620594
2988042199057874759,2021-11,0.010262919431832836
2988042199057874759,2021-11,0.010141196645656542
2988042199057874759,2021-11,0.01055682095583
4532469127306079736,2021-11,0.004374787047536605
4566920105008626302,2021-11,0.005022932808556046
4566920105008626302,2021-11,0.005022932808556046
4566920105008626302,2021-11,0.007309949187780747
4566920105008626302,2021-11,0.005909645146343027
5855956854975734380,2021-11,0.004898849646205624
2929243640075785940,2021-11,0.003487901529927261
5122095358293179297,2021-11,0.0038604441083903095
8255085612985072878,2021-11,0.009569044390488975
4817816966382229074,2021-11,0.009479504625406757
6528158819463595826,2021-11,0.0036043547117281458
5287265869592025756,2021-11,0.0031364696299337387
2532435113844289043,2021-11,0.002341931893419542
5606267905834401873,2021-11,0.012767065133683086
5606267905834401873,2021-11,0.012451390428487258
2033394215069562776,2021-11,0.005355620708460887
2033394215069562776,2021-11,0.00596841075287106
904857901361577913,2021-11,0.013448036902390286
3822753345985951756,2021-11,0.00611083899294899
3822753345985951756,2021-11,0.01172109077514617
8248484932270772248,2021-11,0.09825660384599415
7828430488099134389,2021-11,0.09583160863131224
682352428813668634,2021-11,0.0039335617386070405
682352428813668634,2021-11,0.003718638815627041
510795635145114083,2021-11,0.005135810407765593
510795635145114083,2021-11,0.004722248497876929
4995679129936981612,2021-11,0.09324042195508432
5176940320835464459,2021-11,0.0031716580368418242
5176940320835464459,2021-11,0.002855373563539512
5176940320835464459,2021-11,0.0028624658439980145
5176940320835464459,2021-11,0.0028624658439980145
8512214463586144353,2021-11,0.003621841450382143
6721448955097663572,2021-11,0.00504155114862781
7451017400765373278,2021-11,0.0013531567384226124
6681781879793693802,2021-11,0.003347408943861792
7708030042671632236,2021-11,0.008365126574949141
3698481516392183789,2021-11,0.005104211517554092
7722287846688771887,2021-11,0.003324145156178484
7722287846688771887,2021-11,0.0035060635114775155
7436628409157313756,2021-11,0.012797213444976845
5448628641564935127,2021-11,0.01882608983445814
2530707686830644666,2021-11,0.009110421198903361
8045116560666679751,2021-11,0.017518379551266148
5303720405946805990,2021-11,0.00459852332473456
1613152204777372951,2021-11,0.0179452367693509
2508429106201166689,2021-11,0.0036800686334389635
2951563549197799278,2021-11,0.0019900147829351356
2022367282554149730,2021-11,0.002844536866707544
8570963260597299378,2021-11,0.0059621329672538935
8570963260597299378,2021-11,0.0059621329672538935
7895753719321668294,2021-11,0.0034288644855703277
2819054834565698513,2021-11,0.013173735594909456
5757271354816214865,2021-11,0.7433822914203192
1292049196559782171,2021-11,0.002598203032092248
5753677550753111444,2021-11,0.00440710995853128
8503092146854371576,2021-11,0.008405326182124353
113538242419211987,2021-11,0.0066700365596128325
7692330898726665144,2021-11,0.009965971163430024
5810778736737569699,2021-11,0.013965436997923093
8559143756893267192,2021-11,0.04822458050120883
8536980239903840341,2021-11,0.003327475848628473
8536980239903840341,2021-11,0.0034614771757900784
6545052034269841737,2021-11,0.002778618583811166
5255460548789019114,2021-11,0.008751766837238823
7457803471605010846,2021-11,0.00270811669642244
3997247264680905799,2021-11,0.002818499133857541
3997247264680905799,2021-11,0.002705010711384538
5732713959930509093,2021-11,0.028663528365162207
924957821424248698,2021-11,0.0057137151147458555
1210783884008131648,2021-11,0.00202713120291502
3036967290595689189,2021-11,0.0016102835976126628
2307201111381758912,2021-11,0.004153216843366355
4235078665660987689,2021-11,0.036730724124075825
3605652314611460806,2021-11,0.003527210944635361
6722781660631652440,2021-11,0.01005179682013013
4237135112070444140,2021-11,0.013951668461849734
7442192566700924647,2021-11,0.0020374301536629975
3915426102465954493,2021-11,0.005250093051630504
1667173444642500307,2021-11,0.02515326917231502
1874361799315286610,2021-11,0.003931943283678283
5358243820364010940,2021-11,0.004122789744625414
3682570285558758138,2021-11,0.01211626095343338
3095686599956852697,2021-11,0.0048669349058932014
692350198401528327,2021-11,0.004744162191567682
705648002974742140,2021-11,0.03644096744078157
4993499380140734678,2021-11,0.01125666654639354
4614484019183480654,2021-11,0.1900880861646844
1299146298565441811,2021-11,0.013472694345251788
4061297388883391410,2021-11,0.006025584112886813
